,country,site,longitude,latitude,score,scorecn,scorecy,scorepfc,scoreth,scoretr,reefpct,grav_NC,sediment,nutrient,pop_count,num_ports,reef_value
1,Fiji,C3,179.020033,-17.063367,0.04626,0.97877,-0.10507,0.21029,-0.04043,0.10275,0.0392,0.690091782,2.219531298,0.000139875,0,0,11
2,Fiji,C5,179.0013,-17.060783,0.04626,0.97877,-0.10507,0.21029,-0.04043,0.10275,0.0392,0.690091782,2.219531298,0.000139875,0,0,11
3,Fiji,KB04,179.1319,-17.10321,0.03765,0.95217,-0.09095,0.21019,-0.14147,0.10478,0.0236,0.787702723,0.11575342,1.32E-05,6.847198486,0,345
4,Fiji,KB05,179.1381,-17.10741,0.03765,0.95217,-0.09095,0.21019,-0.14147,0.10478,0.0236,0.787702723,0.11575342,1.32E-05,6.847198486,0,345
5,Fiji,KB07,179.04076,-17.08317,0.04626,0.97877,-0.10507,0.21029,-0.04043,0.10275,0.0392,0.690091782,2.219531298,0.000139875,0,0,11
6,Fiji,KBO6,179.03417,-17.07122,0.04626,0.97877,-0.10507,0.21029,-0.04043,0.10275,0.0392,0.690091782,2.219531298,0.000139875,0,0,11
7,Fiji,N19,179.098733,-17.1457,0.04082,0.97877,-0.10018,0.20962,-0.10767,0.09591,0.0616,0.818446724,0.205051467,4.96E-05,6.847198486,0,654
8,Fiji,N20,179.09155,-17.140016,0.04082,0.97877,-0.10018,0.20962,-0.10767,0.09591,0.0616,0.818446724,0.205051467,4.96E-05,6.847198486,0,654
9,Fiji,KD2,179.3717,-17.3392,0.03759,0.88089,-0.02164,0.20816,-0.13281,0.07011,0.0076,0.681043387,0,0,2516.412609,0,11
10,Fiji,KD3,179.3779,-17.3688,0.03511,0.88089,-0.02292,0.20695,-0.14759,-0.00362,0.04,0.742165149,20.62358856,0.00010197,1774.573364,0,0
11,Fiji,MD1,179.3662,-17.3951,0.03511,0.88089,-0.02292,0.20695,-0.14759,-0.00362,0.04,0.742165149,20.62358856,0.00010197,1774.573364,0,0
12,Fiji,MD4,179.3866,-17.4045,0.03382,0.88089,-0.02511,0.20573,-0.15224,-0.05201,0.0192,0.789558781,5.26544714,3.28E-05,203.1604576,0,0
13,Fiji,MD6,179.4036,-17.3865,0.02738,0.65047,-0.01386,0.20753,-0.15001,0.01278,0.0912,0.67638656,25.87723732,0.00024482,1909.995186,0,0
14,Fiji,NC1,179.4391,-17.2389,0.03243,0.7646,-0.01907,0.21117,-0.16885,0.17124,0.032,0.543716319,26.7116375,0.000312349,992.9999428,0,0
15,Fiji,NC2,179.4384,-17.2511,0.03514,0.7646,-0.01697,0.20996,-0.12828,0.13494,0.0576,0.498812097,37.1288147,0.000443423,2018.451359,0,0
16,Fiji,NF1,179.4099,-17.3848,0.02738,0.65047,-0.01386,0.20753,-0.15001,0.01278,0.0912,0.67638656,25.87723732,0.00024482,1909.995186,0,0
17,Fiji,NF3,179.4189,-17.3787,0.02738,0.65047,-0.01386,0.20753,-0.15001,0.01278,0.0912,0.67638656,25.87723732,0.00024482,1909.995186,0,0
18,Fiji,NF4,179.4239,-17.3709,0.02738,0.65047,-0.01386,0.20753,-0.15001,0.01278,0.0912,0.67638656,25.87723732,0.00024482,1909.995186,0,0
19,Fiji,NS1,179.4467,-17.3378,0.0284,0.65047,-0.00944,0.20933,-0.15324,0.07638,0.0276,0.587599329,32.32932663,0.000428388,835.1522141,0,0
20,Fiji,NS3,179.4217,-17.3741,0.02738,0.65047,-0.01386,0.20753,-0.15001,0.01278,0.0912,0.67638656,25.87723732,0.00024482,1909.995186,0,0
21,Fiji,NT1,179.4217,-17.3741,0.02738,0.65047,-0.01386,0.20753,-0.15001,0.01278,0.0912,0.67638656,25.87723732,0.00024482,1909.995186,0,0
22,Fiji,NT2,179.4206,-17.3774,0.02738,0.65047,-0.01386,0.20753,-0.15001,0.01278,0.0912,0.67638656,25.87723732,0.00024482,1909.995186,0,0
23,Fiji,NT3,179.4244,-17.3749,0.02738,0.65047,-0.01386,0.20753,-0.15001,0.01278,0.0912,0.67638656,25.87723732,0.00024482,1909.995186,0,0
24,Fiji,NV1,179.3578,-17.294,0.04001,0.94839,-0.02156,0.20938,-0.1441,0.12538,0.0324,0.619921626,0,0,2271.165462,0,42
25,Fiji,NV4,179.3684,-17.3146,0.03759,0.88089,-0.02164,0.20816,-0.13281,0.07011,0.0076,0.681043387,0,0,2516.412609,0,11
26,Fiji,TF1,179.4471,-17.30246,0.03514,0.7646,-0.01697,0.20996,-0.12828,0.13494,0.0576,0.498812097,37.1288147,0.000443423,2018.451359,0,0
27,Fiji,TF2,179.45132,-17.2996,0.0284,0.65047,-0.00944,0.20933,-0.15324,0.07638,0.0276,0.587599329,32.32932663,0.000428388,835.1522141,0,0
28,Fiji,TF3,179.44435,-17.29677,0.03514,0.7646,-0.01697,0.20996,-0.12828,0.13494,0.0576,0.498812097,37.1288147,0.000443423,2018.451359,0,0
29,Fiji,TF4,179.43878,-17.27405,0.03514,0.7646,-0.01697,0.20996,-0.12828,0.13494,0.0576,0.498812097,37.1288147,0.000443423,2018.451359,0,0
30,Fiji,TF5,179.43959,-17.26915,0.03514,0.7646,-0.01697,0.20996,-0.12828,0.13494,0.0576,0.498812097,37.1288147,0.000443423,2018.451359,0,0
31,Fiji,TT1,179.44206,-17.29116,0.03514,0.7646,-0.01697,0.20996,-0.12828,0.13494,0.0576,0.498812097,37.1288147,0.000443423,2018.451359,0,0
32,Fiji,TT2,179.44337,-17.287,0.03514,0.7646,-0.01697,0.20996,-0.12828,0.13494,0.0576,0.498812097,37.1288147,0.000443423,2018.451359,0,0
33,Fiji,TT3,179.4375,-17.28759,0.03514,0.7646,-0.01697,0.20996,-0.12828,0.13494,0.0576,0.498812097,37.1288147,0.000443423,2018.451359,0,0
34,Fiji,V1,179.3944,-17.2403,0.03898,0.94839,-0.02147,0.21059,-0.16659,0.17058,0.04,0.616211541,34.72414017,0.000277659,1068.288219,0,39
35,Fiji,V2,179.3613,-17.2263,0.03898,0.94839,-0.02147,0.21059,-0.16659,0.17058,0.04,0.616211541,34.72414017,0.000277659,1068.288219,0,39
36,Fiji,V3,179.3589,-17.2569,0.04001,0.94839,-0.02156,0.20938,-0.1441,0.12538,0.0324,0.619921626,0,0,2271.165462,0,42
37,Fiji,V4,179.3447,-17.2554,0.03949,0.94839,-0.03962,0.2088,-0.13592,0.09338,0.0212,0.741031155,28.67778969,6.07E-05,252.7141037,0,36
38,Fiji,V5,179.3503,-17.2665,0.04001,0.94839,-0.02156,0.20938,-0.1441,0.12538,0.0324,0.619921626,0,0,2271.165462,0,42
39,Fiji,V6,179.3525,-17.2801,0.04001,0.94839,-0.02156,0.20938,-0.1441,0.12538,0.0324,0.619921626,0,0,2271.165462,0,42
40,Fiji,BU01,178.773994,-17.750976,0.02242,0.8736,-0.1866,0.18452,-0.21207,0.02244,0.4928,7.115872907,25.39134979,0.009424566,2298.174758,0,479
41,Fiji,BU03,178.59043,-17.734462,-0.02642,-0.28398,-0.1883,0.18427,-0.24603,-0.30692,0.13,8.524843058,61.36354828,0.033210434,3975.774075,0,0
42,Fiji,BU04,178.741848,-17.719583,-0.01234,-0.28398,-0.1866,0.18612,-0.12619,-0.03552,0.1316,6.960665162,47.75,0.013228872,2101.040375,0,65
43,Fiji,BU05,178.736464,-17.691456,-0.0069,-0.28398,-0.18636,0.18835,-0.08303,0.07859,0.0436,5.649633197,49.60815048,0.009785388,2230.739536,0,26
44,Fiji,BU07,178.761011,-17.630935,0.0433,0.97149,-0.17612,0.19118,-0.04171,0.19827,0.0212,1.964415766,0,0,6225.16342,0,29
45,Fiji,BU10,178.77931,-17.61911,0.0433,0.97149,-0.17612,0.19118,-0.04171,0.19827,0.0212,1.964415766,0,0,6225.16342,0,29
46,Fiji,LV01,178.79463,-17.61747,0.0433,0.97149,-0.17612,0.19118,-0.04171,0.19827,0.0212,1.964415766,0,0,6225.16342,0,29
47,Fiji,LV02,178.81602,-17.62546,0.04275,0.97149,-0.17612,0.19179,-0.05256,0.21696,0.0952,2.971754499,28.70783234,0.00413318,5936.682596,2,185
48,Fiji,LV03,178.82092,-17.63989,0.04275,0.97149,-0.17612,0.19179,-0.05256,0.21696,0.0952,2.971754499,28.70783234,0.00413318,5936.682596,2,185
49,Fiji,LV05,178.8392,-17.65785,0.04031,0.97149,-0.18636,0.18957,-0.07434,0.20812,0.0756,3.494548395,0,0,8096.506637,2,136
50,Fiji,LV07,178.744017,-17.655473,-0.0069,-0.28398,-0.18636,0.18835,-0.08303,0.07859,0.0436,5.649633197,49.60815048,0.009785388,2230.739536,0,26
51,Fiji,LV08,178.82516,-17.598,0.0501,1.09896,-0.166,0.19401,-0.02351,0.21342,0.0624,3.105389604,8.259588242,0.00234981,33.94339943,0,17
52,Fiji,LV12,178.85141,-17.56563,0.04694,1.09896,-0.16596,0.19461,-0.06156,0.20504,0.0028,3.389332724,3.251089811,0.001281563,16.56672859,0,2
53,Fiji,LV13,178.83603,-17.61565,0.04275,0.97149,-0.17612,0.19179,-0.05256,0.21696,0.0952,2.971754499,28.70783234,0.00413318,5936.682596,2,185
54,Fiji,LV14,178.846561,-17.665941,0.04031,0.97149,-0.18636,0.18957,-0.07434,0.20812,0.0756,3.494548395,0,0,8096.506637,2,136
55,Fiji,LV15,178.84181,-17.64949,0.04275,0.97149,-0.17612,0.19179,-0.05256,0.21696,0.0952,2.971754499,28.70783234,0.00413318,5936.682596,2,185
56,Fiji,LV16,178.82857,-17.65072,0.04031,0.97149,-0.18636,0.18957,-0.07434,0.20812,0.0756,3.494548395,0,0,8096.506637,2,136
57,Fiji,LV17,178.707905,-17.65351,-0.0069,-0.28398,-0.18636,0.18835,-0.08303,0.07859,0.0436,5.649633197,49.60815048,0.009785388,2230.739536,0,26
58,Fiji,NA02,178.82768,-17.72484,0.03747,0.97149,-0.1866,0.18735,-0.10604,0.20258,0.2528,5.392963294,34.1140976,0.00446845,6255.265456,2,66
59,Fiji,NA03,178.810043,-17.740185,0.03747,0.97149,-0.1866,0.18735,-0.10604,0.20258,0.2528,5.392963294,34.1140976,0.00446845,6255.265456,2,66
60,Fiji,NA05,178.85115,-17.72,0.0338,0.97149,-0.1866,0.18797,-0.15712,0.23032,0.044,4.540136187,25.96628952,0.003392614,4714.634567,2,8
61,Fiji,NA07,178.84105,-17.73409,0.03747,0.97149,-0.1866,0.18735,-0.10604,0.20258,0.2528,5.392963294,34.1140976,0.00446845,6255.265456,2,66
62,Fiji,VIR1,178.4793,-17.2792,0.0519,1.07939,-0.166,0.19896,0.01198,0.16201,0.0172,2.101999504,0,0.001009808,1.043792725,0,502
63,Fiji,VIR10,178.4892,-17.4785,0.06525,0.9512,-0.17,0.19382,0.20996,0.31822,0.0168,3.37989102,35.46508408,0.080053002,0,0,0
64,Fiji,VIR2,178.4637,-17.2764,0.0519,1.07939,-0.166,0.19896,0.01198,0.16201,0.0172,2.101999504,0,0.001009808,1.043792725,0,502
65,Fiji,VIR3,178.4553,-17.2878,0.0519,1.07939,-0.166,0.19896,0.01198,0.16201,0.0172,2.101999504,0,0.001009808,1.043792725,0,502
66,Fiji,VIR5,178.4642,-17.3133,0.05451,0.93114,-0.16626,0.19768,0.08948,0.27211,0.0028,2.341893144,0.056300547,0.006762815,1.043792725,0,213
67,Fiji,VIR6,178.4942,-17.4611,0.06525,0.9512,-0.17,0.19382,0.20996,0.31822,0.0168,3.37989102,35.46508408,0.080053002,0,0,0
68,Fiji,VIR7,178.4983,-17.4466,0.0641,0.93114,-0.16678,0.1951,0.19792,0.33902,0.01,2.980838903,10.26454067,0.052913539,0,0,0
69,Fiji,VIR8,178.4863,-17.4249,0.0641,0.93114,-0.16678,0.1951,0.19792,0.33902,0.01,2.980838903,10.26454067,0.052913539,0,0,0
70,Fiji,VIR9,178.4646,-17.3871,0.06099,0.93114,-0.16652,0.19639,0.15949,0.33198,0.0088,2.581786785,1.435894489,0.020634146,1.043792725,0,4
71,Fiji,VRI11,178.4398,-17.3589,0.04867,0.69708,-0.17661,0.19584,0.12633,0.27041,0.0076,2.764245537,7.128251553,0.056573614,0,0,5
72,Fiji,BuC1,178.708,-17.64,-0.00175,-0.28398,-0.17612,0.19057,-0.04054,0.15463,0.0116,4.338601233,35.60044861,0.007823652,1853.30547,0,9
73,Fiji,BuC2,178.703,-17.652,-0.0069,-0.28398,-0.18636,0.18835,-0.08303,0.07859,0.0436,5.649633197,49.60815048,0.009785388,2230.739536,0,26
74,Fiji,BuC3,178.745,-17.642,-0.00175,-0.28398,-0.17612,0.19057,-0.04054,0.15463,0.0116,4.338601233,35.60044861,0.007823652,1853.30547,0,9
75,Fiji,BuC4,178.745,-17.652,-0.0069,-0.28398,-0.18636,0.18835,-0.08303,0.07859,0.0436,5.649633197,49.60815048,0.009785388,2230.739536,0,26
76,Fiji,BuC5,178.758,-17.63,0.0433,0.97149,-0.17612,0.19118,-0.04171,0.19827,0.0212,1.964415766,0,0,6225.16342,0,29
77,Fiji,BuC6,178.693,-17.675,-0.00915,-0.28398,-0.18636,0.18774,-0.08899,-0.03309,0.0172,10.1535307,57.94691849,0.018377434,341.5978127,0,3
78,Fiji,BuE1,178.74001,-17.736001,-0.01234,-0.28398,-0.1866,0.18612,-0.12619,-0.03552,0.1316,6.960665162,47.75,0.013228872,2101.040375,0,65
79,Fiji,BuE2,178.74,-17.699,-0.0069,-0.28398,-0.18636,0.18835,-0.08303,0.07859,0.0436,5.649633197,49.60815048,0.009785388,2230.739536,0,26
80,Fiji,BuE4,178.724,-17.759,-0.01605,-0.06734,-0.1866,0.1839,-0.2463,-0.13079,0.0712,9.87608905,24.69436455,0.017200448,1287.570998,0,364
81,Fiji,BuE5,178.712,-17.714,-0.01234,-0.28398,-0.1866,0.18612,-0.12619,-0.03552,0.1316,6.960665162,47.75,0.013228872,2101.040375,0,65
82,Fiji,BuE6,178.715,-17.706,-0.01234,-0.28398,-0.1866,0.18612,-0.12619,-0.03552,0.1316,6.960665162,47.75,0.013228872,2101.040375,0,65
83,Fiji,DamC1,178.5269,-16.83556,-0.01213,1.03578,-0.11969,0.21107,-0.6708,-0.47498,0.1108,0.660988069,66.36682129,0.026527233,452.0073452,0,0
84,Fiji,DamC3,178.552961,-16.839076,-0.02271,1.03578,-0.11513,0.21161,-0.77902,-0.60663,0.1732,0.640395767,75.65332031,0.025900651,1147.86524,0,0
85,Fiji,DamC4,178.559994,-16.850734,0.00808,1.0294,-0.12654,0.21034,-0.43663,-0.36075,0.182,0.711133879,84.55718994,0.024021123,716.188055,0,0
86,Fiji,DamC8,178.537336,-16.845049,-0.01213,1.03578,-0.11969,0.21107,-0.6708,-0.47498,0.1108,0.660988069,66.36682129,0.026527233,452.0073452,0,0
87,Fiji,DamE1,178.60001,-16.91083,0.01019,0.51659,-0.13233,0.20961,-0.22323,-0.15008,0.2416,0.754095734,87.13223267,0.019778075,796.6107597,0,0
88,Fiji,DamE6,178.6192,-16.91833,0.01019,0.51659,-0.13233,0.20961,-0.22323,-0.15008,0.2416,0.754095734,87.13223267,0.019778075,796.6107597,0,0
89,Fiji,DawaC1,178.559,-17.627,0.00014,-0.28398,-0.17824,0.18875,-0.00182,0.08738,0.0892,7.618269876,107.170311,0.03669798,2343.838362,0,58
90,Fiji,DawaC2,178.558,-17.605,0.00014,-0.28398,-0.17824,0.18875,-0.00182,0.08738,0.0892,7.618269876,107.170311,0.03669798,2343.838362,0,58
91,Fiji,DawaC3,178.582,-17.632,0.00014,-0.28398,-0.17824,0.18875,-0.00182,0.08738,0.0892,7.618269876,107.170311,0.03669798,2343.838362,0,58
92,Fiji,DawaC4,178.553,-17.579,0.05245,0.9512,-0.17022,0.19099,0.07728,0.20039,0.002,6.911843386,61.04627991,0.036364555,107.502856,0,3
93,Fiji,DawaC5,178.601,-17.702,-0.02439,-0.28398,-0.18666,0.18489,-0.23307,-0.25021,0.0296,14.24403477,59.13419724,0.030128205,2028.753078,0,0
94,Fiji,DawaC6,178.61905,-17.6759,-0.01135,-0.28398,-0.18636,0.18712,-0.1063,-0.08236,0.038,13.11289809,76.64398956,0.026300272,1679.761471,0,22
95,Fiji,DawaE1,178.48918,-17.57421,0.05575,0.9512,-0.17834,0.18981,0.11968,0.2166,0.0608,4.682673071,130.749588,0.076399207,1126.915009,0,14
96,Fiji,DawaE2,178.474,-17.565,0.05575,0.9512,-0.17834,0.18981,0.11968,0.2166,0.0608,4.682673071,130.749588,0.076399207,1126.915009,0,14
97,Fiji,DawaE3,178.463,-17.555,0.05575,0.9512,-0.17834,0.18981,0.11968,0.2166,0.0608,4.682673071,130.749588,0.076399207,1126.915009,0,14
98,Fiji,DawaE4,178.482,-17.556,0.05575,0.9512,-0.17834,0.18981,0.11968,0.2166,0.0608,4.682673071,130.749588,0.076399207,1126.915009,0,14
99,Fiji,DawaE5,178.5,-17.542,0.05966,0.9512,-0.17414,0.19205,0.1527,0.27516,0.012,4.388255729,89.58515167,0.094181083,308.1179504,0,1
100,Fiji,DawaE6,178.508,-17.546,0.06039,0.9512,-0.16801,0.19263,0.15707,0.28281,0.0476,4.799879018,46.88749695,0.051783785,141.4782104,0,7
101,Fiji,WaiE2,178.66299,-17.812001,-0.02671,-0.06734,-0.1866,0.18104,-0.33447,-0.34509,0.0376,19.12013398,42.76614761,0.040883727,272.2357912,0,0
102,Fiji,WaiE3,178.689001,-17.782001,-0.0213,-0.06734,-0.1866,0.18328,-0.28107,-0.28622,0.0152,15.03996066,35.76194382,0.029313719,493.8386068,0,36
103,Fiji,WaiE4,178.6909,-17.78621,-0.0213,-0.06734,-0.1866,0.18328,-0.28107,-0.28622,0.0152,15.03996066,35.76194382,0.029313719,493.8386068,0,36
104,Fiji,WaiE5,178.645001,-17.780001,-0.02636,-0.06734,-0.18671,0.18266,-0.32616,-0.37441,0.1084,19.25876545,57.51651001,0.041431785,2881.61235,0,0
105,Fiji,WaiE6,178.64542,-17.78236,-0.02636,-0.06734,-0.18671,0.18266,-0.32616,-0.37441,0.1084,19.25876545,57.51651001,0.041431785,2881.61235,0,0
106,Fiji,BUA07A,178.557182,-16.83297,-0.02271,1.03578,-0.11513,0.21161,-0.77902,-0.60663,0.1732,0.640395767,75.65332031,0.025900651,1147.86524,0,0
107,Fiji,BUA08A,178.543537,-16.8494,-0.01213,1.03578,-0.11969,0.21107,-0.6708,-0.47498,0.1108,0.660988069,66.36682129,0.026527233,452.0073452,0,0
108,Fiji,BUA20A,178.555602,-16.856581,0.00808,1.0294,-0.12654,0.21034,-0.43663,-0.36075,0.182,0.711133879,84.55718994,0.024021123,716.188055,0,0
109,Fiji,BUA24A,178.523042,-16.838822,-0.01213,1.03578,-0.11969,0.21107,-0.6708,-0.47498,0.1108,0.660988069,66.36682129,0.026527233,452.0073452,0,0
110,Fiji,BUA25,178.539783,-16.84262,-0.01213,1.03578,-0.11969,0.21107,-0.6708,-0.47498,0.1108,0.660988069,66.36682129,0.026527233,452.0073452,0,0
111,Fiji,KB09,178.99922,-16.96729,0.05583,1.02762,-0.11002,0.21222,0.06133,0.07751,0.3116,0.588856422,33.57932281,0.000319137,61.77122545,0,130
112,Fiji,KB17,179.00135,-16.95352,0.04501,1.02762,-0.09502,0.21278,-0.06706,0.01334,0.0232,0.571445636,27.31597137,0.000163911,61.77122545,0,5
113,Fiji,KR7,178.97691,-16.9439,0.05334,1.02762,-0.10068,0.21347,0.04006,-0.00024,0.1676,0.535520787,63.44083405,0.000197266,463.2942128,0,237
114,Fiji,MAP01,179.028741,-16.937449,0.04327,1.02762,-0.08454,0.21402,-0.07807,-0.07319,0.1172,0.520432785,52.76745224,0.000214022,476.5807195,0,249
115,Fiji,NP1,179.01736,-16.94588,0.04327,1.02762,-0.08454,0.21402,-0.07807,-0.07319,0.1172,0.520432785,52.76745224,0.000214022,476.5807195,0,249
116,Fiji,NTRFN1,178.382,-17.509,0.04993,0.80458,-0.18706,0.19094,0.12642,0.15402,0.0804,3.219294656,125.2545395,0.143841907,1747.174606,0,15
117,Fiji,NTRFN7,178.398,-17.516,0.04993,0.80458,-0.18706,0.19094,0.12642,0.15402,0.0804,3.219294656,125.2545395,0.143841907,1747.174606,0,15
118,Fiji,NTRFT4,178.38,-17.495,0.05247,0.80458,-0.18711,0.1927,0.1433,0.2213,0.0268,3.463064925,113.5936661,0.177611947,1059.909099,0,14
119,Fiji,NTRFT5,178.381,-17.499,0.05247,0.80458,-0.18711,0.1927,0.1433,0.2213,0.0268,3.463064925,113.5936661,0.177611947,1059.909099,0,14
120,Fiji,NTRFT7,178.378,-17.496,0.05247,0.80458,-0.18711,0.1927,0.1433,0.2213,0.0268,3.463064925,113.5936661,0.177611947,1059.909099,0,14
121,Fiji,NTRFT8,178.376,-17.501,0.04993,0.80458,-0.18706,0.19094,0.12642,0.15402,0.0804,3.219294656,125.2545395,0.143841907,1747.174606,0,15
122,Fiji,BU01N,178.77,-17.752,0.02242,0.8736,-0.1866,0.18452,-0.21207,0.02244,0.4928,7.115872907,25.39134979,0.009424566,2298.174758,0,479
123,Fiji,BU02,178.76,-17.746,0.02242,0.8736,-0.1866,0.18452,-0.21207,0.02244,0.4928,7.115872907,25.39134979,0.009424566,2298.174758,0,479
124,Fiji,BU08,178.751,-17.725,-0.01234,-0.28398,-0.1866,0.18612,-0.12619,-0.03552,0.1316,6.960665162,47.75,0.013228872,2101.040375,0,65
125,Fiji,BU09,178.778,-17.751,0.02242,0.8736,-0.1866,0.18452,-0.21207,0.02244,0.4928,7.115872907,25.39134979,0.009424566,2298.174758,0,479
126,Fiji,NAO1,178.827,-17.746,0.03747,0.97149,-0.1866,0.18735,-0.10604,0.20258,0.2528,5.392963294,34.1140976,0.00446845,6255.265456,2,66
127,Fiji,NAO2N,178.829,-17.722,0.03747,0.97149,-0.1866,0.18735,-0.10604,0.20258,0.2528,5.392963294,34.1140976,0.00446845,6255.265456,2,66
128,Fiji,NAO3,178.812,-17.74,0.03747,0.97149,-0.1866,0.18735,-0.10604,0.20258,0.2528,5.392963294,34.1140976,0.00446845,6255.265456,2,66
129,Fiji,NAO6,178.838,-17.74,0.03747,0.97149,-0.1866,0.18735,-0.10604,0.20258,0.2528,5.392963294,34.1140976,0.00446845,6255.265456,2,66
130,Fiji,NAO7,178.841,-17.734,0.03747,0.97149,-0.1866,0.18735,-0.10604,0.20258,0.2528,5.392963294,34.1140976,0.00446845,6255.265456,2,66
131,Fiji,NAOBF2,178.83,-17.631,0.04275,0.97149,-0.17612,0.19179,-0.05256,0.21696,0.0952,2.971754499,28.70783234,0.00413318,5936.682596,2,185
132,Fiji,NAOBF3,178.825,-17.598,0.0501,1.09896,-0.166,0.19401,-0.02351,0.21342,0.0624,3.105389604,8.259588242,0.00234981,33.94339943,0,17
133,Fiji,NAOBF4,178.819,-17.595,0.0501,1.09896,-0.166,0.19401,-0.02351,0.21342,0.0624,3.105389604,8.259588242,0.00234981,33.94339943,0,17
134,Fiji,NAOBT1,178.831,-17.622,0.04275,0.97149,-0.17612,0.19179,-0.05256,0.21696,0.0952,2.971754499,28.70783234,0.00413318,5936.682596,2,185
135,Fiji,NAOBT2,178.829,-17.618,0.04275,0.97149,-0.17612,0.19179,-0.05256,0.21696,0.0952,2.971754499,28.70783234,0.00413318,5936.682596,2,185
136,Fiji,NAOBT3,178.83,-17.614,0.04275,0.97149,-0.17612,0.19179,-0.05256,0.21696,0.0952,2.971754499,28.70783234,0.00413318,5936.682596,2,185
137,Indonesia,Batu Putih,110.49186,-5.80503,0.06599,-1.09328,0.76178,0.16184,0.68813,0.57604,0.108,9.049146202,18.71908188,0,39129.72902,0,5588
138,Indonesia,Bengkoang,110.41747,-5.74239,0.04971,-1.09328,0.76178,0.16175,0.51252,0.4431,0.0524,7.96898271,1.336745262,0,3646.598389,0,94
139,Indonesia,Burung,110.34657,-5.89102,0.09535,-0.29869,0.76178,0.15273,0.70422,0.62019,0.0116,9.717731258,1.38630116,0,807.6643829,0,27
140,Indonesia,Cemara Besar 1,110.37822,-5.80675,0.08966,-0.29869,0.76178,0.15658,0.64141,0.56102,0.0488,8.323100103,6.895014763,0,19318.78003,0,525
141,Indonesia,Cemara Besar 2,110.38098,-5.8031,0.08966,-0.29869,0.76178,0.15658,0.64141,0.56102,0.0488,8.323100103,6.895014763,0,19318.78003,0,525
142,Indonesia,Cemara Kecil 1,110.38224,-5.83129,0.08966,-0.29869,0.76178,0.15658,0.64141,0.56102,0.0488,8.323100103,6.895014763,0,19318.78003,0,525
143,Indonesia,Cemara Kecil 2,110.381165,-5.833226,0.08966,-0.29869,0.76178,0.15658,0.64141,0.56102,0.0488,8.323100103,6.895014763,0,19318.78003,0,525
144,Indonesia,Cendekian,110.55876,-5.80419,0.06847,-1.09328,0.76178,0.16698,0.72314,0.52567,0.0216,9.612508198,2.742912054,0,3564.977592,0,94
145,Indonesia,Gelean,110.3594,-5.88023,0.09651,-0.29869,0.76178,0.15534,0.70973,0.65294,0.0204,9.995258153,7.240660667,0,21252.17859,0,830
146,Indonesia,Genting 1,110.60538,-5.86211,0.10218,-0.33807,0.76178,0.16819,0.79546,0.59266,0.026,10.55218772,0.323593408,0,2819.932098,0,45
147,Indonesia,Genting 2,110.60616,-5.8336,0.07885,-0.82412,0.76178,0.16952,0.73572,0.5012,0.0224,9.612508198,0.33146432,0,3042.769104,0,65
148,Indonesia,Genting 3,110.61131,-5.84098,0.07885,-0.82412,0.76178,0.16952,0.73572,0.5012,0.0224,9.612508198,0.33146432,0,3042.769104,0,65
149,Indonesia,Gosong Selikur 1,110.204483,-5.729274,0.03345,-1.31659,0.76178,0.15104,0.44732,0.29939,0.0616,6.520513297,0,0,5901.81369,0,57
150,Indonesia,Gosong Selikur 2,110.207648,-5.727058,0.03345,-1.31659,0.76178,0.15104,0.44732,0.29939,0.0616,6.520513297,0,0,5901.81369,0,57
151,Indonesia,Gosong Tengah,110.51065,-5.7998,0.06121,-1.09328,0.76178,0.16574,0.63601,0.51933,0.0332,8.431690552,3.324260473,0,15132.04574,0,907
152,Indonesia,Karang Kapal,110.24403,-5.89937,0.07953,-0.62424,0.76178,0.14751,0.66325,0.58396,0.104,9.145515584,0.005113014,0,1713.106079,0,50
153,Indonesia,Karang Katang,110.149306,-5.804122,0.04635,-1.31659,0.76178,0.14342,0.58505,0.45287,0.1384,7.270587258,0,0,1616.724918,0,0
154,Indonesia,Katang 1,110.166105,-5.798441,0.04225,-1.31659,0.76178,0.14721,0.54149,0.39517,0.0572,6.827273694,0,0,6646.317905,0,10
155,Indonesia,Katang 2,110.164412,-5.802959,0.07252,-0.62424,0.76178,0.14605,0.60018,0.46758,0.2556,7.472337584,0,0,2986.226627,0,67
156,Indonesia,Kecil,110.51187,-5.82036,0.06788,-1.09328,0.76178,0.16443,0.71463,0.54572,0.0136,9.3308272,11.2329092,0,21308.7564,0,729
157,Indonesia,Kembar,110.19561,-5.743575,0.03373,-1.31659,0.76178,0.14836,0.45563,0.28786,0.1704,6.56419533,0,0,5029.592987,0,33
158,Indonesia,Kumbang 1,110.226294,-5.771209,0.06668,-0.62424,0.76178,0.14986,0.53543,0.40934,0.0964,7.002987992,0,0,7461.953461,0,72
159,Indonesia,Kumbang 2,110.228799,-5.774815,0.06668,-0.62424,0.76178,0.14986,0.53543,0.40934,0.0964,7.002987992,0,0,7461.953461,0,72
160,Indonesia,Kumbang 3,110.233448,-5.775143,0.06668,-0.62424,0.76178,0.14986,0.53543,0.40934,0.0964,7.002987992,0,0,7461.953461,0,72
161,Indonesia,Legon Janten,110.461393,-5.86647,0.09132,-0.5017,0.76178,0.16055,0.73848,0.60367,0.0184,9.907739977,17.54244995,0,39299.40822,0,960
162,Indonesia,Legon Moto,110.46648,-5.86286,0.09132,-0.5017,0.76178,0.16055,0.73848,0.60367,0.0184,9.907739977,17.54244995,0,39299.40822,0,960
163,Indonesia,Menjangan Besar,110.43379,-5.89806,0.09707,-0.29869,0.76178,0.15794,0.71952,0.62429,0.0952,10.15110336,16.34780121,0,28277.92119,0,5662
164,Indonesia,Menjangan Kecil,110.40563,-5.90131,0.10024,-0.29869,0.76178,0.15668,0.74757,0.68895,0.0036,11.22499441,4.214396477,0,3517.003113,0,180
165,Indonesia,Menyawakan,110.34733,-5.79817,0.08105,-0.29869,0.76178,0.15517,0.55415,0.46799,0.014,7.383021616,0.678838611,0,1270.316071,0,42
166,Indonesia,Nyamuk,110.206447,-5.82071,0.07362,-0.62424,0.76178,0.14869,0.60599,0.49508,0.0756,7.674087911,0.005400311,0,3371.487396,0,41
167,Indonesia,Pantai Nirwana,110.45016,-5.8868,0.09132,-0.5017,0.76178,0.16055,0.73848,0.60367,0.0184,9.907739977,17.54244995,0,39299.40822,0,960
168,Indonesia,Parang 1,110.260433,-5.755273,0.06877,-0.62424,0.76178,0.15252,0.55927,0.40524,0.0436,7.193004804,0.05715109,0,5664.567139,0,39
169,Indonesia,Parang 2,110.258263,-5.768011,0.06877,-0.62424,0.76178,0.15252,0.55927,0.40524,0.0436,7.193004804,0.05715109,0,5664.567139,0,39
170,Indonesia,Sintok 1,110.51927,-5.78476,0.06121,-1.09328,0.76178,0.16574,0.63601,0.51933,0.0332,8.431690552,3.324260473,0,15132.04574,0,907
171,Indonesia,Sintok 2,110.51389,-5.78817,0.06121,-1.09328,0.76178,0.16574,0.63601,0.51933,0.0332,8.431690552,3.324260473,0,15132.04574,0,907
172,Indonesia,Taka Malang E,110.438789,-5.822472,0.06327,-1.09328,0.76178,0.15921,0.65832,0.57024,0.1016,8.791570271,14.72974682,0,39147.91832,0,4317
173,Indonesia,Taka Malang W,110.438853,-5.82071,0.06327,-1.09328,0.76178,0.15921,0.65832,0.57024,0.1016,8.791570271,14.72974682,0,39147.91832,0,4317
174,Indonesia,Taka Menyawakan E,110.325654,-5.76733,0.08105,-0.29869,0.76178,0.15517,0.55415,0.46799,0.014,7.383021616,0.678838611,0,1270.316071,0,42
175,Indonesia,Taka Menyawakan W,110.324744,-5.766931,0.08105,-0.29869,0.76178,0.15517,0.55415,0.46799,0.014,7.383021616,0.678838611,0,1270.316071,0,42
176,Indonesia,Tanjung Dua,110.47279,-5.85681,0.09132,-0.5017,0.76178,0.16055,0.73848,0.60367,0.0184,9.907739977,17.54244995,0,39299.40822,0,960
177,Indonesia,Tanjung Lemu,110.48852,-5.83365,0.06599,-1.09328,0.76178,0.16184,0.68813,0.57604,0.108,9.049146202,18.71908188,0,39129.72902,0,5588
178,Indonesia,Tanjung Sekoci,110.46753,-5.85771,0.09132,-0.5017,0.76178,0.16055,0.73848,0.60367,0.0184,9.907739977,17.54244995,0,39299.40822,0,960
179,Indonesia,Tengah,110.51163,-5.80877,0.06788,-1.09328,0.76178,0.16443,0.71463,0.54572,0.0136,9.3308272,11.2329092,0,21308.7564,0,729
180,Kenya,Kanamai (Mradi),39.7823,-3.94166,0.1458,0.52034,0.76178,0.18332,0.82976,1.19542,0.068,1179.131847,27.86652374,2.598976612,170910.0171,0,1969
181,Kenya,Kibuyuni 1 (East or B),39.334,-4.64381,0.1306,0.70248,0.76178,0.17964,0.62592,0.88082,0.2716,70.4128082,63.6805954,3.289040327,3402.320886,0,763
182,Kenya,Kibuyuni 2 (West or A),39.343,-4.64119,0.1306,0.70248,0.76178,0.17964,0.62592,0.88082,0.2716,70.4128082,63.6805954,3.289040327,3402.320886,0,763
183,Kenya,Kuruwitu (Vipingo),39.844322,-3.803622,0.14961,0.52034,0.76178,0.18515,0.86384,1.25443,0.078,565.9719185,0,0,47014.70422,0,634
184,Kenya,Mji wa Kale 1 (Mkwiro),39.3862,-4.65969,0.13503,0.70248,0.76178,0.17549,0.66585,0.98024,0.264,71.53360788,45.09266281,3.044667482,6198.83566,0,1232
185,Kenya,Mji wa Kale 2 (Mkwiro),39.38976,-4.65983,0.13503,0.70248,0.76178,0.17549,0.66585,0.98024,0.264,71.53360788,45.09266281,3.044667482,6198.83566,0,1232
186,Kenya,Mwaembe (Mpunga South),39.4794,-4.5052,0.14074,0.59336,0.76178,0.17534,0.76544,1.07903,0.096,119.74159,21.57575989,1.812224388,22973.60077,0,446
187,Kenya,Takaungu,39.87159,-3.69028,0.1479,0.48385,0.76178,0.1897,0.85682,1.23967,0.1628,189.8273381,87.57089996,5.593576431,43159.58032,0,1368
188,Madagascar,Ambarinidada_11,48.606917,-12.915278,0.00886,-0.25112,0.02352,-0.06326,0.28862,-0.08818,0.0976,1.549488275,1.678306222,0.065003663,1222.467312,0,24
189,Madagascar,Ambato_04,49.84414,-16.57103,-0.02787,-0.09522,-0.41314,-0.10171,0.00277,-0.1217,0.094,2.111112356,73.78911591,0.006519685,4235.336051,0,0
190,Madagascar,Ambato_05,49.84386,-16.55347,-0.02787,-0.09522,-0.41314,-0.10171,0.00277,-0.1217,0.094,2.111112356,73.78911591,0.006519685,4235.336051,0,0
191,Madagascar,Ambatofisaka_19,47.811028,-13.604278,0.07253,0.31608,0.05925,-0.04742,0.71463,0.33752,0.012,0.417438675,11.57946396,0.023493903,24.45688629,0,50
192,Madagascar,Ambatomilay_18,47.804944,-13.605056,0.07253,0.31608,0.05925,-0.04742,0.71463,0.33752,0.012,0.417438675,11.57946396,0.023493903,24.45688629,0,50
193,Madagascar,Amparimilay_10,48.562361,-12.886194,0.02374,-0.25112,0.05821,-0.06385,0.41202,0.15297,0.1928,1.567779017,1.086536527,0.019341419,1539.387859,0,32
194,Madagascar,Andra_06,43.2364,-22.48288,0.02553,-0.63671,-0.24813,-0.20637,0.69024,1.14947,0.2376,2.567681004,0.521586061,0.041063447,226.566246,0,0
195,Madagascar,Andravona_08,43.23638,-22.46936,0.02553,-0.63671,-0.24813,-0.20637,0.69024,1.14947,0.2376,2.567681004,0.521586061,0.041063447,226.566246,0,0
196,Madagascar,Andravona_12,43.23909,-22.44011,0.02698,-0.63671,-0.26287,-0.20443,0.70287,1.20086,0.1424,2.023929942,0.625258982,0.049761876,267.092186,0,0
197,Madagascar,Andre_07,43.23796,-22.44588,0.02698,-0.63671,-0.26287,-0.20443,0.70287,1.20086,0.1424,2.023929942,0.625258982,0.049761876,267.092186,0,0
198,Madagascar,Anir_23,49.71842,-16.12906,-0.0277,-0.11408,-0.29072,-0.09219,-0.04148,-0.16558,0.0372,1.459818314,213.103775,0.093110591,12844.12058,0,9
199,Madagascar,Anir_24,49.71489,-16.12578,-0.0277,-0.11408,-0.29072,-0.09219,-0.04148,-0.16558,0.0372,1.459818314,213.103775,0.093110591,12844.12058,0,9
200,Madagascar,Anka_01,43.2573,-22.6229,0.0407,-0.08445,-0.19621,-0.21091,0.62937,1.09064,0.7004,4.660465313,0.747072041,0.024752248,2286.004694,0,0
201,Madagascar,Ankarea_03,48.574083,-12.845278,0.02858,-0.25112,0.08487,-0.06449,0.45908,0.16161,0.0384,1.66121719,0.434708387,0.016045062,343.1711235,0,0
202,Madagascar,Ankaso_15,47.978222,-13.486944,0.04981,0.08914,0.05795,-0.04942,0.5721,0.14606,0.0156,0.602417911,5.618611336,0.036462039,216.0948792,0,14
203,Madagascar,Ankivonjy_14,47.95105,-13.502278,0.04719,0.08914,0.0541,-0.0491,0.55852,0.05447,0.1124,0.580243968,0,0,532.8668365,0,81
204,Madagascar,Anta_08,49.84981,-16.50922,-0.00386,0.49522,-0.42764,-0.1017,0.02794,-0.01807,0.002,2.21588977,50.70238876,0.004409829,2936.894383,0,0
205,Madagascar,Anta_09,49.85039,-16.50236,-0.00386,0.49522,-0.42764,-0.1017,0.02794,-0.01807,0.002,2.21588977,50.70238876,0.004409829,2936.894383,0,0
206,Madagascar,Antanambe_13,49.89056,-16.45281,0.00202,0.49522,-0.42765,-0.10092,0.08506,0.05985,0.2288,2.165079549,50.12761307,0.003280595,3162.81095,0,0
207,Madagascar,Antanambe_14,49.88122,-16.42169,0.00912,0.49522,-0.41941,-0.10018,0.14841,0.16466,0.2548,2.031173974,52.66675186,0.002691906,2289.330482,0,0
208,Madagascar,Antanambe_15,49.84953,-16.42436,0.01211,0.49522,-0.40814,-0.09923,0.18186,0.15198,0.0084,2.031173974,0,0,5311.936676,0,0
209,Madagascar,Antsa_09,43.33463,-22.78652,0.03009,-0.36858,-0.18355,-0.21547,0.59712,1.21937,0.3848,8.523159904,1.080896139,0.027138008,1569.267029,0,0
210,Madagascar,Antsi_20,49.83358,-16.18103,-0.00631,0.36708,-0.33253,-0.09533,0.02089,-0.09773,0.1884,1.545262419,128.7887878,0.078055345,10920.37373,0,0
211,Madagascar,Antsi_22,49.82786,-16.17056,-0.00631,0.36708,-0.33253,-0.09533,0.02089,-0.09773,0.1884,1.545262419,128.7887878,0.078055345,10920.37373,0,0
212,Madagascar,Antsoa_07,48.577917,-12.985736,0.00743,-0.60132,0.00482,-0.06257,0.39534,0.10218,0.0448,1.317390477,0.431752145,0.041627664,369.1870182,0,73
213,Madagascar,Beangovo_04,48.497639,-13.002778,0.03191,-0.45332,-0.01092,-0.06158,0.59142,0.35171,4.00E-04,1.097685761,0.001916953,0.005139017,22.19173121,0,0
214,Madagascar,Beko_03,43.24406,-22.52076,0.0244,-0.63671,-0.23348,-0.20816,0.67645,1.12465,0.1908,3.078037139,0.438132584,0.033727739,224.9083023,0,0
215,Madagascar,Belo_04,43.24644,-22.51787,0.0244,-0.63671,-0.23348,-0.20816,0.67645,1.12465,0.1908,3.078037139,0.438132584,0.033727739,224.9083023,0,0
216,Madagascar,Iha_01,49.89995,-15.49041,0.00261,-0.0189,-0.12763,-0.08616,0.22391,-0.21985,0.018,0.809647898,140.7545624,0.219151527,6393.569458,0,25
217,Madagascar,Iha_02,49.89058,-15.47062,0.00261,-0.0189,-0.12763,-0.08616,0.22391,-0.21985,0.018,0.809647898,140.7545624,0.219151527,6393.569458,0,25
218,Madagascar,Imor_18,49.85681,-16.19389,-0.00384,0.36708,-0.34612,-0.09648,0.05188,-0.0634,0.0196,1.584318117,73.32485962,0.057427302,3387.279247,0,0
219,Madagascar,Imor_19,49.84703,-16.19253,-0.00631,0.36708,-0.33253,-0.09533,0.02089,-0.09773,0.1884,1.545262419,128.7887878,0.078055345,10920.37373,0,0
220,Madagascar,Imor_21,49.84203,-16.18819,-0.00631,0.36708,-0.33253,-0.09533,0.02089,-0.09773,0.1884,1.545262419,128.7887878,0.078055345,10920.37373,0,0
221,Madagascar,Kisimani_16,48.095389,-13.558944,0.02686,-0.2124,0.02702,-0.05043,0.49026,-0.14548,0.0316,0.641346052,44.00640106,0.097398348,1113.511128,0,45
222,Madagascar,Madiro_17,48.026778,-13.522056,0.04246,0.08914,0.04359,-0.04975,0.52311,-0.03946,0.0772,0.614610592,22.7355938,0.069105387,728.1154828,0,87
223,Madagascar,Maintim_27,49.67444,-15.76042,-0.01002,-0.11408,-0.23667,-0.08473,0.143,-0.15207,0.0692,1.155100019,66.38014221,0.057948954,1911.95787,0,3
224,Madagascar,Maintim_28,49.66983,-15.75086,-0.01002,-0.11408,-0.23667,-0.08473,0.143,-0.15207,0.0692,1.155100019,66.38014221,0.057948954,1911.95787,0,3
225,Madagascar,Malo_02,49.81733,-16.60153,-0.02974,-0.09522,-0.41054,-0.10259,-0.00777,-0.18896,8.00E-04,2.279615273,78.69002533,0.007981542,2254.684451,0,0
226,Madagascar,Malo_03,49.83858,-16.58275,-0.02787,-0.09522,-0.41314,-0.10171,0.00277,-0.1217,0.094,2.111112356,73.78911591,0.006519685,4235.336051,0,0
227,Madagascar,Manam_06,49.84847,-16.51964,-0.00386,0.49522,-0.42764,-0.1017,0.02794,-0.01807,0.002,2.21588977,50.70238876,0.004409829,2936.894383,0,0
228,Madagascar,Manam_07,49.84861,-16.52439,-0.00386,0.49522,-0.42764,-0.1017,0.02794,-0.01807,0.002,2.21588977,50.70238876,0.004409829,2936.894383,0,0
229,Madagascar,Mand_10,49.86128,-16.47583,0.00202,0.49522,-0.42765,-0.10092,0.08506,0.05985,0.2288,2.165079549,50.12761307,0.003280595,3162.81095,0,0
230,Madagascar,Mand_11,49.85811,-16.49425,0.00202,0.49522,-0.42765,-0.10092,0.08506,0.05985,0.2288,2.165079549,50.12761307,0.003280595,3162.81095,0,0
231,Madagascar,Mand_12,49.87611,-16.47103,0.00202,0.49522,-0.42765,-0.10092,0.08506,0.05985,0.2288,2.165079549,50.12761307,0.003280595,3162.81095,0,0
232,Madagascar,Marofot_01,50.00177,-15.77711,-0.02532,0.45639,-0.2674,-0.09492,-0.24037,-0.31521,0.0312,0.345358232,0,0,5106.674911,0,11
233,Madagascar,Marofot_02,49.97539,-15.7567,-0.02451,0.45639,-0.25776,-0.09347,-0.23595,-0.316,0.0348,0.606870076,16.0948658,0.016358754,4060.568369,0,21
234,Madagascar,Marotogny_20,47.901556,-13.581056,0.05207,0.08914,0.06023,-0.04855,0.60433,0.11333,0.3612,0.440880817,14.97363567,0.049671903,993.7606006,0,6
235,Madagascar,NF01,48.45197,-13.30202,-0.02684,-0.83683,-0.02571,-0.05781,0.20856,-0.55702,0.1052,1.211103829,8.061332703,0.096436433,2211.601494,0,95
236,Madagascar,NK01,48.32606,-13.48021,-0.06146,-1.41493,0.01375,-0.05397,0.0642,-0.82907,0.0284,0.960951794,38.4598999,0.272437513,6174.410805,0,1348
237,Madagascar,NosyFisaka_02,48.592333,-12.82581,0.02858,-0.25112,0.08487,-0.06449,0.45908,0.16161,0.0384,1.66121719,0.434708387,0.016045062,343.1711235,0,0
238,Madagascar,NosyKaine_09,48.537444,-13.024583,0.01821,-0.60132,-0.01473,-0.06189,0.50803,0.25096,0.0376,1.15171243,0.007655059,0.016329834,55.81527972,0,84
239,Madagascar,NosyKarabo_06,48.562083,-12.996556,0.00743,-0.60132,0.00482,-0.06257,0.39534,0.10218,0.0448,1.317390477,0.431752145,0.041627664,369.1870182,0,73
240,Madagascar,NosyLava_01,48.670833,-12.74733,0.03666,0.06019,0.11851,-0.06598,0.42881,0.06074,0.114,1.929904447,0.840558052,0.052152995,238.2770691,0,0
241,Madagascar,NosyVazoana_05,48.634833,-12.883389,0.01252,-0.25112,0.04821,-0.06392,0.31596,-0.04746,0.2044,1.750494211,1.476767302,0.053061496,1509.562348,0,36
242,Madagascar,NS01,48.15712,-13.29055,0.0465,0.1272,0.0595,-0.05472,0.53438,0.06612,0.1148,0.803967181,14.11360264,0.079701416,24099.85117,0,1398
243,Madagascar,NT01,48.23338,-13.48341,-0.03756,-1.41493,0.02218,-0.05267,0.29123,-0.49679,0.0144,0.833950944,17.22916412,0.18183206,201.6746826,0,123
244,Madagascar,NT02,48.23491,-13.47929,-0.03756,-1.41493,0.02218,-0.05267,0.29123,-0.49679,0.0144,0.833950944,17.22916412,0.18183206,201.6746826,0,123
245,Madagascar,Plateau_13,47.882472,-13.500222,0.05073,0.08914,0.06431,-0.04846,0.58421,0.12258,0.0996,0.542856445,11.80981541,0.0476752,387.4076424,0,19
246,Madagascar,Ranto_01,49.66841,-15.66407,-0.00229,-0.11408,-0.22213,-0.08384,0.21585,-0.0713,0.0236,1.155100019,84.25283051,0.089662589,1290.745041,0,18
247,Madagascar,Ratapenjiky_12,48.583028,-12.938222,0.02228,-0.25112,0.03153,-0.06321,0.40856,0.13405,0.4324,1.395865661,0.965568841,0.024512032,1269.469805,0,96
248,Madagascar,Sal_N1_11,43.25129,-22.60613,0.0407,-0.08445,-0.19621,-0.21091,0.62937,1.09064,0.7004,4.660465313,0.747072041,0.024752248,2286.004694,0,0
249,Madagascar,Sal_N2_02,43.27366,-22.65238,0.04172,-0.08445,-0.18936,-0.21258,0.62659,1.16451,0.2416,5.173594889,0.764106035,0.017555149,547.5245361,0,0
250,Madagascar,Sal_N2_05,43.243,-22.53797,0.0244,-0.63671,-0.23348,-0.20816,0.67645,1.12465,0.1908,3.078037139,0.438132584,0.033727739,224.9083023,0,0
251,Madagascar,Sal_N2_13,43.22846,-22.55948,0.02447,-0.64441,-0.21602,-0.20981,0.6691,1.15413,0.1048,4.124429293,0.442170769,0.026628874,173.3876441,0,0
252,Madagascar,Sala_14,43.26153,-22.55849,0.04348,-0.08445,-0.21266,-0.20923,0.67209,1.0753,0.7512,4.124429293,0.64610678,0.032742292,2680.174387,0,0
253,Madagascar,Tsand_10,43.31625,-22.73958,0.03247,-0.36858,-0.18702,-0.21377,0.63226,1.18833,0.5508,6.854378829,0.950215638,0.018423703,2178.447632,0,0
254,Madagascar,Tsarabanjina_08,48.549417,-13.034944,0.01821,-0.60132,-0.01473,-0.06189,0.50803,0.25096,0.0376,1.15171243,0.007655059,0.016329834,55.81527972,0,84
255,Madagascar,Vato_25,49.68056,-15.784,-0.01002,-0.11408,-0.23667,-0.08473,0.143,-0.15207,0.0692,1.155100019,66.38014221,0.057948954,1911.95787,0,3
256,Madagascar,Vato_26,49.68372,-15.78844,-0.01002,-0.11408,-0.23667,-0.08473,0.143,-0.15207,0.0692,1.155100019,66.38014221,0.057948954,1911.95787,0,3
257,Madagascar,Vohi_16,49.86194,-16.22067,-0.0234,-0.31087,-0.36968,-0.09722,0.09618,0.04981,0.09,1.584318117,60.83989334,0.045035176,8632.685242,0,0
258,Madagascar,Vohi_17,49.8655,-16.20433,-0.0234,-0.31087,-0.36968,-0.09722,0.09618,0.04981,0.09,1.584318117,60.83989334,0.045035176,8632.685242,0,0
259,Indonesia,Gili Asahan,115.8903,-8.73283,-0.16861,-1.76064,0.54697,0.12537,-1.31763,-1.89395,0.01,50.89351767,74.4098587,28.4167347,52885.25684,0,1320
260,Indonesia,Gili Gede Timur,115.9282,-8.73092,-0.15816,-1.52867,0.55168,0.12382,-1.29366,-1.87711,0.0296,63.55400584,102.2253036,41.56053162,47701.47506,0,1983
261,Indonesia,Gili Renggit,115.9141,-8.71147,-0.15816,-1.52867,0.55168,0.12382,-1.29366,-1.87711,0.0296,63.55400584,102.2253036,41.56053162,47701.47506,0,1983
262,Indonesia,Takad Anyaran,115.92513,-8.71179,-0.15816,-1.52867,0.55168,0.12382,-1.29366,-1.87711,0.0296,63.55400584,102.2253036,41.56053162,47701.47506,0,1983
263,Fiji,Ada01,179.01408,-17.19859,0.04082,0.97877,-0.10018,0.20962,-0.10767,0.09591,0.0616,0.818446724,0.205051467,4.96E-05,6.847198486,0,654
264,Fiji,Ada04,179.01196,-17.2061,0.04082,0.97877,-0.10018,0.20962,-0.10767,0.09591,0.0616,0.818446724,0.205051467,4.96E-05,6.847198486,0,654
265,Fiji,Kan03,179.13147,-17.25385,0.04329,1.05412,-0.0965,0.20895,-0.12289,0.15883,0.0084,0.868082269,0.080697529,8.57E-06,0,0,44
266,Fiji,Kan04,179.08215,-17.22413,0.04329,1.05412,-0.0965,0.20895,-0.12289,0.15883,0.0084,0.868082269,0.080697529,8.57E-06,0,0,44
267,Fiji,Kan05,179.17772,-17.26847,0.04329,1.05412,-0.0965,0.20895,-0.12289,0.15883,0.0084,0.868082269,0.080697529,8.57E-06,0,0,44
268,Fiji,Kan06,179.17595,-17.25014,0.04329,1.05412,-0.0965,0.20895,-0.12289,0.15883,0.0084,0.868082269,0.080697529,8.57E-06,0,0,44
269,Fiji,Kan07,179.12773,-17.25005,0.04329,1.05412,-0.0965,0.20895,-0.12289,0.15883,0.0084,0.868082269,0.080697529,8.57E-06,0,0,44
270,Fiji,Vatu01,179.53204,-17.43846,0.02738,0.65047,-0.01386,0.20753,-0.15001,0.01278,0.0912,0.67638656,25.87723732,0.00024482,1909.995186,0,0
271,Fiji,Vatu02,179.54608,-17.44287,0.02738,0.65047,-0.01386,0.20753,-0.15001,0.01278,0.0912,0.67638656,25.87723732,0.00024482,1909.995186,0,0
272,Fiji,Vatu03,179.549,-17.43134,0.0284,0.65047,-0.00944,0.20933,-0.15324,0.07638,0.0276,0.587599329,32.32932663,0.000428388,835.1522141,0,0
273,Fiji,Vatu04,179.5347,-17.41956,0.0284,0.65047,-0.00944,0.20933,-0.15324,0.07638,0.0276,0.587599329,32.32932663,0.000428388,835.1522141,0,0
274,Fiji,Vatu05,179.5182,-17.43272,0.02738,0.65047,-0.01386,0.20753,-0.15001,0.01278,0.0912,0.67638656,25.87723732,0.00024482,1909.995186,0,0
275,Fiji,Vatu06,179.52986,-17.44051,0.02738,0.65047,-0.01386,0.20753,-0.15001,0.01278,0.0912,0.67638656,25.87723732,0.00024482,1909.995186,0,0
276,Fiji,Yac01,179.55023,-17.25782,0.0284,0.65047,-0.00944,0.20933,-0.15324,0.07638,0.0276,0.587599329,32.32932663,0.000428388,835.1522141,0,0
277,Fiji,Yac02,179.53789,-17.26277,0.0284,0.65047,-0.00944,0.20933,-0.15324,0.07638,0.0276,0.587599329,32.32932663,0.000428388,835.1522141,0,0
278,Fiji,Yac03,179.50087,-17.26381,0.0284,0.65047,-0.00944,0.20933,-0.15324,0.07638,0.0276,0.587599329,32.32932663,0.000428388,835.1522141,0,0
279,Fiji,Yac04,179.48424,-17.2665,0.03514,0.7646,-0.01697,0.20996,-0.12828,0.13494,0.0576,0.498812097,37.1288147,0.000443423,2018.451359,0,0
280,Fiji,Yac05,179.5032,-17.25255,0.0284,0.65047,-0.00944,0.20933,-0.15324,0.07638,0.0276,0.587599329,32.32932663,0.000428388,835.1522141,0,0
281,Fiji,Yac06,179.52521,-17.23642,0.03243,0.7646,-0.01907,0.21117,-0.16885,0.17124,0.032,0.543716319,26.7116375,0.000312349,992.9999428,0,0
282,Fiji,Yac07,179.51791,-17.24219,0.03243,0.7646,-0.01907,0.21117,-0.16885,0.17124,0.032,0.543716319,26.7116375,0.000312349,992.9999428,0,0
283,Fiji,Yac08,179.50404,-17.23875,0.03243,0.7646,-0.01907,0.21117,-0.16885,0.17124,0.032,0.543716319,26.7116375,0.000312349,992.9999428,0,0
284,Fiji,Yac09,179.49728,-17.23876,0.03243,0.7646,-0.01907,0.21117,-0.16885,0.17124,0.032,0.543716319,26.7116375,0.000312349,992.9999428,0,0
285,Fiji,Yac11,179.49187,-17.26002,0.03514,0.7646,-0.01697,0.20996,-0.12828,0.13494,0.0576,0.498812097,37.1288147,0.000443423,2018.451359,0,0
286,Fiji,Yac13,179.54135,-17.2482,0.0284,0.65047,-0.00944,0.20933,-0.15324,0.07638,0.0276,0.587599329,32.32932663,0.000428388,835.1522141,0,0
287,Fiji,Yac15,179.53996,-17.24652,0.0284,0.65047,-0.00944,0.20933,-0.15324,0.07638,0.0276,0.587599329,32.32932663,0.000428388,835.1522141,0,0
288,Fiji,Yac16,179.5475,-17.25345,0.0284,0.65047,-0.00944,0.20933,-0.15324,0.07638,0.0276,0.587599329,32.32932663,0.000428388,835.1522141,0,0
289,Fiji,Yac17,179.548873,-17.26403,0.0284,0.65047,-0.00944,0.20933,-0.15324,0.07638,0.0276,0.587599329,32.32932663,0.000428388,835.1522141,0,0
290,Fiji,Yac18,179.53899,-17.26258,0.0284,0.65047,-0.00944,0.20933,-0.15324,0.07638,0.0276,0.587599329,32.32932663,0.000428388,835.1522141,0,0
291,Fiji,Yac19,179.47536,-17.26797,0.03514,0.7646,-0.01697,0.20996,-0.12828,0.13494,0.0576,0.498812097,37.1288147,0.000443423,2018.451359,0,0
292,Fiji,Yac20,179.5497,-17.26024,0.0284,0.65047,-0.00944,0.20933,-0.15324,0.07638,0.0276,0.587599329,32.32932663,0.000428388,835.1522141,0,0
293,Fiji,Yac21,179.53142,-17.27197,0.0284,0.65047,-0.00944,0.20933,-0.15324,0.07638,0.0276,0.587599329,32.32932663,0.000428388,835.1522141,0,0
294,Indonesia,Anoi Hitam,95.378254,5.825738,-0.03999,-1.20055,0.76178,0.07385,-0.25174,-0.6554,0.036,47.73823597,16.62815094,5.695496082,20228.27004,2,896
295,Indonesia,Ba Kopra,95.228231,5.866864,-0.02495,-1.02651,0.76178,0.07576,-0.16858,-0.5261,0.04,18.23516408,16.84543037,0.245613441,12111.58557,0,12214
296,Indonesia,Barat Selako,95.252417,5.896556,-0.03586,-1.20055,0.76178,0.07561,-0.21099,-0.61103,0.0592,23.02923045,25.5213089,0.410335571,24794.61707,0,18327
297,Indonesia,Batee Meurenon,95.264663,5.873513,-0.03586,-1.20055,0.76178,0.07561,-0.21099,-0.61103,0.0592,23.02923045,25.5213089,0.410335571,24794.61707,0,18327
298,Indonesia,Battee,95.163395,5.558743,0.04793,-0.19013,0.76178,0.06788,0.32476,-0.26917,0.096,236.7637742,82.52529907,42.45854568,8231.301971,0,279
299,Indonesia,Benteng,95.373215,5.845705,-0.03999,-1.20055,0.76178,0.07385,-0.25174,-0.6554,0.036,47.73823597,16.62815094,5.695496082,20228.27004,2,896
300,Indonesia,Beurawang,95.336852,5.777511,-0.0086,-0.6096,0.76178,0.0726,-0.15121,-0.49661,0.0452,51.81163006,25.71863365,15.48472691,17509.65457,2,1399
301,Indonesia,Canyon,95.316923,5.89829,-0.04165,-1.20055,0.76178,0.07546,-0.26696,-0.69201,0.088,27.82329682,0,0,25972.72498,2,10446
302,Indonesia,Control Teunom 2,95.212674,5.554888,0.03284,-0.19013,0.76178,0.06755,0.15146,-0.33522,0.0844,382.8675675,154.4552307,68.78450012,24499.15073,0,973
303,Indonesia,Deudap,95.192581,5.607142,0.03555,-0.19013,0.76178,0.06922,0.18351,-0.33655,0.0576,184.6826229,45.90811539,37.1829834,5000.209442,0,185
304,Indonesia,Deudap 2,95.212674,5.554888,0.03284,-0.19013,0.76178,0.06755,0.15146,-0.33522,0.0844,382.8675675,154.4552307,68.78450012,24499.15073,0,973
305,Indonesia,Inti Arun,95.378303,5.831388,-0.03999,-1.20055,0.76178,0.07385,-0.25174,-0.6554,0.036,47.73823597,16.62815094,5.695496082,20228.27004,2,896
306,Indonesia,Inti Pulau Bunta,95.163395,5.558743,0.04793,-0.19013,0.76178,0.06788,0.32476,-0.26917,0.096,236.7637742,82.52529907,42.45854568,8231.301971,0,279
307,Indonesia,Jaboi,95.346046,5.799779,-0.0086,-0.6096,0.76178,0.0726,-0.15121,-0.49661,0.0452,51.81163006,25.71863365,15.48472691,17509.65457,2,1399
308,Indonesia,Kontrol Kota Atas,95.314514,5.898,-0.04165,-1.20055,0.76178,0.07546,-0.26696,-0.69201,0.088,27.82329682,0,0,25972.72498,2,10446
309,Indonesia,Lam Tadoh,95.124595,5.600628,0.04612,-0.19013,0.76178,0.06952,0.30043,-0.26668,0.0596,85.59015054,17.62767792,14.73097229,8529.97941,0,98
310,Indonesia,Lapeng,95.110942,5.698567,0.02036,-0.65078,0.76178,0.07083,0.19289,-0.32267,0.0636,80.52032028,0,0,8352.027544,0,140
311,Indonesia,Leun Balee 1,95.073011,5.7276,0.03122,-0.51176,0.76178,0.07238,0.24935,-0.2416,0.0236,42.74051818,11.18389893,1.135951638,8266.371708,0,79
312,Indonesia,Leun Balee 2,95.066803,5.742094,0.03122,-0.51176,0.76178,0.07238,0.24935,-0.2416,0.0236,42.74051818,11.18389893,1.135951638,8266.371708,0,79
313,Indonesia,Lhok Weng,95.266436,5.863641,-0.03586,-1.20055,0.76178,0.07561,-0.21099,-0.61103,0.0592,23.02923045,25.5213089,0.410335571,24794.61707,0,18327
314,Indonesia,Lhong Angin 1,95.258366,5.832608,-0.02983,-1.20055,0.76178,0.07421,-0.15561,-0.50302,0.0476,36.12729279,0,0,23258.73895,0,8677
315,Indonesia,Lhong Angin 2,95.259771,5.821984,-0.02983,-1.20055,0.76178,0.07421,-0.15561,-0.50302,0.0476,36.12729279,0,0,23258.73895,0,8677
316,Indonesia,Paloh,95.092577,5.664196,0.03747,-0.51176,0.76178,0.0711,0.32144,-0.20845,0.0692,68.29386437,0,0,9272.332968,0,288
317,Indonesia,Pemanfaatan Anoi Itam,95.373519,5.84269,-0.03999,-1.20055,0.76178,0.07385,-0.25174,-0.6554,0.036,47.73823597,16.62815094,5.695496082,20228.27004,2,896
318,Indonesia,Pemanfaatan Ie Meule,95.326952,5.902357,-0.04666,-1.20055,0.76178,0.07689,-0.31035,-0.79657,0.022,20.09387467,11.79410553,0.173359513,2893.050171,0,1713
319,Indonesia,Pemanfaatan lam pageu,95.237595,5.89558,-0.02495,-1.02651,0.76178,0.07576,-0.16858,-0.5261,0.04,18.23516408,16.84543037,0.245613441,12111.58557,0,12214
320,Indonesia,Pulau tengkorak,95.143806,5.660906,0.02036,-0.65078,0.76178,0.07083,0.19289,-0.32267,0.0636,80.52032028,0,0,8352.027544,0,140
321,Indonesia,Reuteuk,95.361379,5.857249,-0.04418,-1.20055,0.76178,0.07532,-0.2893,-0.73808,0.0316,28.55771279,17.60264206,1.301038027,15986.96282,2,1518
322,Indonesia,Rubiah Channel,95.25491,5.883753,-0.03586,-1.20055,0.76178,0.07561,-0.21099,-0.61103,0.0592,23.02923045,25.5213089,0.410335571,24794.61707,0,18327
323,Indonesia,Rubiah Sea Garden,95.260645,5.881452,-0.03586,-1.20055,0.76178,0.07561,-0.21099,-0.61103,0.0592,23.02923045,25.5213089,0.410335571,24794.61707,0,18327
324,Indonesia,Sumur Tiga,95.345471,5.888368,-0.04165,-1.20055,0.76178,0.07546,-0.26696,-0.69201,0.088,27.82329682,0,0,25972.72498,2,10446
325,Indonesia,Tuan Pulau,95.163395,5.558743,0.04793,-0.19013,0.76178,0.06788,0.32476,-0.26917,0.096,236.7637742,82.52529907,42.45854568,8231.301971,0,279
326,Indonesia,Ujung Kareung,95.353636,5.876189,-0.04418,-1.20055,0.76178,0.07532,-0.2893,-0.73808,0.0316,28.55771279,17.60264206,1.301038027,15986.96282,2,1518
327,Indonesia,Ujung Seuke,95.37631,5.808332,-0.03999,-1.20055,0.76178,0.07385,-0.25174,-0.6554,0.036,47.73823597,16.62815094,5.695496082,20228.27004,2,896
328,Indonesia,Ujung Seurawan,95.237595,5.89558,-0.02495,-1.02651,0.76178,0.07576,-0.16858,-0.5261,0.04,18.23516408,16.84543037,0.245613441,12111.58557,0,12214
329,Indonesia,Ampalas Barat,121.28002,-6.92243,0.06255,0.91038,0.76178,0.09292,-0.02427,-0.14239,0.3792,1.538432068,0,0,0,0,0
330,Indonesia,Belang-Belang,121.09569,-6.39778,0.06806,1.01401,0.76178,0.1217,-0.00223,-0.2905,0.0032,2.21593571,0,0,47.08394623,0,0
331,Indonesia,Bungin Laloh,121.28083,-6.81948,0.06187,0.91038,0.76178,0.09725,-0.01174,-0.27591,0.2224,1.584830887,0,0,0,0,0
332,Indonesia,Jinato Barat,120.96176,-6.77289,0.04935,0.95761,0.76178,0.10046,-0.15935,-0.4384,0.1544,1.984794795,0.020299161,0,67.43714905,0,0
333,Indonesia,Jinato Timur,120.97266,-6.7591,0.04935,0.95761,0.76178,0.10046,-0.15935,-0.4384,0.1544,1.984794795,0.020299161,0,67.43714905,0,0
334,Indonesia,Kayuadi Barat,120.775,-6.80719,0.04885,0.8234,0.76178,0.0987,-0.13358,-0.28802,0.0504,2.13622388,2.923927784,0.001557045,2198.605591,0,0
335,Indonesia,Kayuadi Tenggara,120.81421,-6.83133,0.049,0.8234,0.76178,0.09856,-0.13243,-0.28319,0.0156,2.083233933,3.388948441,0.000407348,2198.605591,0,0
336,Indonesia,Kayuadi Timur,120.8084,-6.78968,0.04859,0.83952,0.76178,0.10099,-0.13636,-0.33916,0.0124,2.193224271,2.819283724,0,1674.961609,0,0
337,Indonesia,Lantigiang Barat Daya,120.95501,-6.70882,0.05124,0.95761,0.76178,0.1028,-0.13433,-0.45964,0.1316,2.018045965,0.002627219,0,76.01996422,0,0
338,Indonesia,Lantigiang Timur,120.97813,-6.70094,0.05124,0.95761,0.76178,0.1028,-0.13433,-0.45964,0.1316,2.018045965,0.002627219,0,76.01996422,0,0
339,Indonesia,Lantigiang Utara,120.96014,-6.69546,0.05658,0.95761,0.76178,0.10514,-0.08068,-0.40688,0.122,2.056296542,0,0,8.58281517,0,0
340,Indonesia,Latondu Kecil 1,120.92637,-6.54816,0.07181,0.86815,0.76178,0.11248,0.06854,-0.03474,0.2984,2.253468073,0,0,217.2869015,0,140
341,Indonesia,Latondu Kecil 3,120.94196,-6.49715,0.07236,0.92326,0.76178,0.11555,0.04903,-0.03957,0.0068,2.27174931,0,0,202.6421471,0,0
342,Indonesia,Latondu Timur,121.0013,-6.499,0.0754,1.01401,0.76178,0.11483,0.06676,-0.14047,0.1224,2.135264847,0,0,228.8114953,0,21
343,Indonesia,Pasitalu Barat,121.06151,-7.05258,0.06971,0.84278,0.76178,0.08643,0.07566,-0.01305,0.05,1.615437227,0,0.005716296,93.78020334,0,0
344,Indonesia,Pasitalu Timur,121.11573,-7.07844,0.06885,0.84278,0.76178,0.08643,0.06194,0.00322,0.1172,1.582530067,0,0.001335339,88.50788498,0,0
345,Indonesia,Rajuni Besar,121.01618,-6.57093,0.06894,0.80294,0.76178,0.10953,0.0963,-0.20296,0.2444,2.101935027,0,0,248.4581547,0,7
346,Indonesia,Rajuni Kecil Barat Daya,120.9909,-6.54722,0.07135,0.86815,0.76178,0.11216,0.07608,-0.10281,0.3444,2.186034005,0,0,305.0732083,0,455
347,Indonesia,Taka Balaloong Utara,121.12989,-6.81288,0.0474,0.94229,0.76178,0.09768,-0.17102,-0.45356,0.552,1.777858903,0,0,0,0,0
348,Indonesia,Taka Balanda,121.30575,-6.92343,0.06946,1.05132,0.76178,0.09284,0.00439,-0.16812,0.2292,1.538432068,0,0,0,0,0
349,Indonesia,Taka Bayang Pogo,121.06876,-6.92478,0.05187,0.94229,0.76178,0.09327,-0.15817,-0.20624,0.2996,1.774683769,0,0,0,0,0
350,Indonesia,Taka Gantarang 1,121.2271,-6.44483,0.05505,0.9617,0.76178,0.11686,-0.12024,-0.36937,0.062,1.958892651,0,0,0,0,0
351,Indonesia,Taka Kayu Bulan Utara,121.05997,-6.75829,0.04385,0.99413,0.76178,0.10011,-0.22622,-0.52551,0.4376,1.866587561,0,0,0,0,0
352,Indonesia,Taka Kumai Barat,121.1457,-6.87341,0.04859,0.94229,0.76178,0.09543,-0.1697,-0.37101,0.5328,1.750330441,0,0,0,0,0
353,Indonesia,Taka Lamungan Tenggara,121.27791,-6.54611,0.05231,0.863,0.76178,0.11022,-0.10982,-0.33986,0.6656,1.862307918,0,0,0,0,0
354,Indonesia,Taka Lamungan Timur,121.30519,-6.51493,0.05025,0.863,0.76178,0.1099,-0.13549,-0.33686,0.0516,1.862307918,0,0,0,0,0
355,Indonesia,Taka Lamungan Timur Laut,121.29791,-6.48622,0.0538,0.9617,0.76178,0.11302,-0.13671,-0.34338,0.5796,1.935187512,0,0,0,0,0
356,Indonesia,Taka Lasalimu,121.18877,-6.5849,0.06684,0.863,0.76178,0.10865,0.05442,-0.25207,0.1476,1.90412283,0,0,0,0,0
357,Indonesia,Taka Malori Selatan,121.0464,-6.89226,0.04495,0.94229,0.76178,0.09567,-0.21961,-0.34606,0.1084,1.86061334,0,0,0,0,0
358,Indonesia,Taka Rajuni,121.03266,-6.6057,0.06153,0.80294,0.76178,0.10722,0.03365,-0.34274,0.3356,2.066618325,0,0,79.22972107,0,0
359,Indonesia,Taka Sirobe,121.20457,-6.64884,0.0646,0.863,0.76178,0.10616,0.03411,-0.27786,0.178,1.805426634,0,0,0,0,0
360,Indonesia,Taka Takere,121.20734,-6.68496,0.0626,0.90042,0.76178,0.10397,-0.00288,-0.28779,0.1252,1.713963092,0,0,0,0,0
361,Indonesia,Tambuna Besar,121.20885,-7.01067,0.06326,0.72739,0.76178,0.08863,0.04956,-0.04136,0.088,1.52957609,0,0,9.759521484,0,0
362,Indonesia,Tarupa Besar Selatan,121.1272,-6.50876,0.06798,0.80294,0.76178,0.11119,0.08259,-0.20135,0.0696,2.001918393,0,0,96.18452835,0,0
363,Indonesia,Tarupa Kecil,121.13815,-6.45167,0.07044,1.01401,0.76178,0.1141,0.02477,-0.23838,0.5096,2.038047055,0,0,64.27397633,0,0
364,Indonesia,Tarupa Kecil Barat,121.07067,-6.44962,0.07106,1.01401,0.76178,0.11808,0.03031,-0.2478,0.1868,2.129749204,0,0,54.65938044,0,0
365,Indonesia,Tinabo Besar,121.10214,-6.56134,0.06763,0.80294,0.76178,0.10894,0.08831,-0.24307,0.064,1.965789732,0,0,41.67480087,0,0
366,Indonesia,Tinabo Kecil 1,121.075189,-6.573908,0.06776,0.80294,0.76178,0.10923,0.08873,-0.23793,0.2068,2.033862379,0,0,121.8856735,0,0
367,Indonesia,Tinanja Timur,121.17685,-6.55469,0.06684,0.863,0.76178,0.10865,0.05442,-0.25207,0.1476,1.90412283,0,0,0,0,0
368,Indonesia,Dangar Rea (N),117.65688,-8.41902,-0.09117,0.74514,0.56823,0.07809,-1.31639,-2.43212,0.03,3.597631736,55.42445374,17.41767883,2003.542455,0,8
369,Indonesia,Dangar Rea (SE),117.66481,-8.43359,-0.09117,0.74514,0.56823,0.07809,-1.31639,-2.43212,0.03,3.597631736,55.42445374,17.41767883,2003.542455,0,8
370,Indonesia,Liang (S),117.67701,-8.52406,-0.18122,0.26478,0.56823,0.07297,-2.05634,-3.25835,0.1272,2.827492047,66.13036346,20.43396378,5734.883102,0,0
371,Indonesia,Ngali (N),117.72924,-8.4748,-0.13712,0.74514,0.56823,0.07313,-1.78003,-2.95216,0.0064,2.90799696,44.16291809,17.4493885,1836.365669,0,0
372,Indonesia,Owang Balok,117.74933,-8.53553,-0.17417,0.74514,0.56823,0.0715,-2.16804,-3.30904,0.0824,2.543072236,54.20088959,19.9916954,3595.603091,0,0
373,Indonesia,Sea Site,117.44772,-8.4078,-0.06871,0.26478,0.53814,0.08289,-0.92358,-1.89072,0.006,2.574741218,0,0,9025.576401,0,13
374,Indonesia,Tanjung Bantin_Zona Inti,117.59092,-8.42352,-0.0811,0.26478,0.5528,0.08129,-1.04933,-2.05986,0.056,3.248541503,104.1395798,25.11544228,8132.715759,0,53
375,Indonesia,Tanjung Bantin_Zona Pemanfaatan,117.60098,-8.42352,-0.0939,0.26478,0.56747,0.07969,-1.17365,-2.26259,0.0872,3.922341788,80.99238586,22.01203918,5002.556676,0,29
376,Indonesia,Tanjung Bara,117.56184,-8.40459,-0.0811,0.26478,0.5528,0.08129,-1.04933,-2.05986,0.056,3.248541503,104.1395798,25.11544228,8132.715759,0,53
377,Indonesia,Tanjung Bele,117.63306,-8.45523,-0.12854,0.26478,0.56747,0.07618,-1.51459,-2.70132,0.0644,3.517126823,0,0,9856.092367,0,15
378,Indonesia,Tanjung Menangis,117.43035,-8.40283,-0.06871,0.26478,0.53814,0.08289,-0.92358,-1.89072,0.006,2.574741218,0,0,9025.576401,0,13
379,Indonesia,Teluk Jarak,117.71107,-8.51392,-0.17417,0.74514,0.56823,0.0715,-2.16804,-3.30904,0.0824,2.543072236,54.20088959,19.9916954,3595.603091,0,0
380,Indonesia,Teluk Mariam,117.65513,-8.52157,-0.18122,0.26478,0.56823,0.07297,-2.05634,-3.25835,0.1272,2.827492047,66.13036346,20.43396378,5734.883102,0,0
381,Indonesia,Teluk Tete,117.73374,-8.4946,-0.13712,0.74514,0.56823,0.07313,-1.78003,-2.95216,0.0064,2.90799696,44.16291809,17.4493885,1836.365669,0,0
382,Tanzania,Bawe North,39.138394,-6.146322,0.10877,0.67935,0.76178,0.12193,0.53654,0.28766,0.0084,1002.011273,13.14284039,0.798480392,59495.39144,2,158
383,Tanzania,Bawe South,39.133875,-6.157153,0.10678,0.67935,0.76178,0.11896,0.52138,0.25356,0.0256,870.7939502,11.8478384,1.018079758,111452.7133,2,667
384,Tanzania,Bongoyo 1,39.2587,-6.6965,0.07996,0.26649,0.76178,0.06598,0.43956,0.16994,0.3104,6161.868704,29.74359703,4.942121983,180467.875,0,7000
385,Tanzania,Bongoyo 2,39.26326,-6.69964,0.07996,0.26649,0.76178,0.06598,0.43956,0.16994,0.3104,6161.868704,29.74359703,4.942121983,180467.875,0,7000
386,Tanzania,Chapwani,39.11,-6.066944,0.10975,0.67935,0.76178,0.12489,0.53366,0.35132,0.0196,522.1805992,11.31996632,0.63789469,2764.773438,0,187
387,Tanzania,Dambwe East,39.00757,-5.64383,0.13796,0.91097,0.76178,0.1623,0.64608,0.86491,0.1204,12.74162462,30.55654144,3.297249317,329.548645,0,24
388,Tanzania,Dambwe West,39.00128,-5.64102,0.13796,0.91097,0.76178,0.1623,0.64608,0.86491,0.1204,12.74162462,30.55654144,3.297249317,329.548645,0,24
389,Tanzania,Fungu Zinga North,39.045356,-5.532489,0.15224,1.05591,0.76178,0.16802,0.71818,1.05045,0.0632,21.11586101,176.2409363,8.600183487,3877.740891,0,18
390,Tanzania,Maziwe Dive,39.072503,-5.495156,0.15708,1.05591,0.76178,0.16531,0.76266,1.14494,0.044,32.38792034,230.2082062,9.553946495,28.86204243,0,13
391,Tanzania,Maziwe North,39.06555,-5.49793,0.15708,1.05591,0.76178,0.16531,0.76266,1.14494,0.044,32.38792034,230.2082062,9.553946495,28.86204243,0,13
392,Tanzania,Maziwe South,39.06251,-5.508,0.15384,1.05591,0.76178,0.16276,0.73384,1.09986,0.12,16.29861217,118.3972931,6.99547863,8.715195656,0,25
393,Tanzania,Mbudya 1,39.24397,-6.65323,0.09268,0.79498,0.76178,0.07243,0.37409,0.09147,0.0844,9897.323272,0,0,398848.7813,0,3093
394,Tanzania,Mbudya 2,39.2485,-6.66104,0.09268,0.79498,0.76178,0.07243,0.37409,0.09147,0.0844,9897.323272,0,0,398848.7813,0,3093
395,Tanzania,Pungume edge,39.353331,-6.430131,0.10525,0.86396,0.76178,0.07295,0.48968,0.1387,0.0112,83.30176596,11.37857342,0.372689992,1535.905392,0,28
396,Tanzania,Pungume Lighthouse,39.333869,-6.439731,0.10291,0.86396,0.76178,0.07919,0.46655,0.07491,0.122,93.17648562,8.148827553,0.628460705,307.9554253,0,219
397,Tanzania,Pungume North,39.338256,-6.416728,0.10291,0.86396,0.76178,0.07919,0.46655,0.07491,0.122,93.17648562,8.148827553,0.628460705,307.9554253,0,219
398,Tanzania,Pungume South,39.34175,-6.41935,0.10291,0.86396,0.76178,0.07919,0.46655,0.07491,0.122,93.17648562,8.148827553,0.628460705,307.9554253,0,219
399,Mozambique,Aquarium,35.5,-21.8,0.0467,-0.17009,0.31367,-0.11984,0.4626,0.90268,0.0112,0.619758706,0.889220774,0.129017383,893.1182268,0,251
400,Mozambique,Babylon,40.73125,-11.00728,0.08085,0.59263,0.76178,-0.11977,0.40123,0.65973,0.4772,0.858624505,0.438901633,0.119152419,378.5639057,0,11829
401,Mozambique,Baluba,35.52,-22.04,0.03386,-0.46458,0.27,-0.13072,0.46666,0.88206,0.0076,0.745446457,1.679522514,0.27865693,3.310698137,0,117
402,Mozambique,Dos Piedras,40.55455,-12.14501,0.08106,0.73382,0.76178,-0.13292,0.40786,0.38234,0.1592,1.358465442,11.66681767,0.292613566,277.4506407,0,364
403,Mozambique,Fingers,40.56451,-12.9466,0.10118,0.50019,0.52853,-0.13599,0.72377,1.11799,0.2344,48.75056699,0,0,188861.2021,0,2245
404,Mozambique,Kisirwa Nkunga,40.69282,-10.9953,0.09333,0.86886,0.76178,-0.12205,0.44345,0.62528,0.048,1.001255337,2.480049372,0.301341683,548.5538788,0,2695
405,Mozambique,Libelula,40.68,-14.48995,0.1046,0.15975,0.44263,-0.1232,0.87592,1.45323,0.1284,2.858422116,43.02651596,0.70620507,84937.23004,2,2452
406,Mozambique,Light House Point,40.71142,-10.994,0.0793,0.59263,0.76178,-0.11984,0.39372,0.599,0.0672,0.961601876,0.792580247,0.166516185,378.5639057,0,2511
407,Mozambique,Lighthouse,40.62551,-12.33049,0.07482,0.6943,0.75469,-0.13171,0.36376,0.30958,0.228,1.875521448,16.33883095,0.367150813,9233.712324,0,43
408,Mozambique,Londo 2,40.51,-12.93,0.11521,0.64867,0.57252,-0.13934,0.80682,1.16751,0.0424,468.9482921,40.39345551,0.916149914,102609.4207,2,813
409,Mozambique,Londo baobab,40.4999,-12.9197,0.11764,0.64867,0.6165,-0.14189,0.84797,1.02067,0.0076,835.842215,51.22248077,0.920105577,55257.08249,2,81
410,Mozambique,Londo3 Outside,40.51946,-12.91332,0.11521,0.64867,0.57252,-0.13934,0.80682,1.16751,0.0424,468.9482921,40.39345551,0.916149914,102609.4207,2,813
411,Mozambique,Lutala,40.61083,-12.3139,0.07482,0.6943,0.75469,-0.13171,0.36376,0.30958,0.228,1.875521448,16.33883095,0.367150813,9233.712324,0,43
412,Mozambique,Magaruque,35.42874,-21.95873,0.03114,-0.46458,0.27428,-0.12886,0.43822,0.83523,0.044,0.745446457,0.488404542,0.148243412,0.064134702,0,0
413,Mozambique,Matemo Wall,40.62057,-12.25463,0.07642,0.6943,0.7589,-0.13127,0.37568,0.33882,0.3468,1.684140706,17.48195076,0.294285238,668.1865091,0,0
414,Mozambique,Metundo 1,40.688139,-11.12525,0.0928,0.87282,0.76178,-0.12196,0.42069,0.70111,0.3896,0.772423609,0.715925813,0.172567785,372.7903161,0,874
415,Mozambique,Motiva,40.72038,-14.4274,0.09147,0.15975,0.43264,-0.12012,0.72645,1.39407,0.1204,2.205988137,43.80258942,0.986088455,84969.84936,0,232
416,Mozambique,Mulu-Rolas,40.57806,-12.13842,0.08106,0.73382,0.76178,-0.13292,0.40786,0.38234,0.1592,1.358465442,11.66681767,0.292613566,277.4506407,0,364
417,Mozambique,Mutunculo,40.70652,-11.0334,0.08085,0.59263,0.76178,-0.11977,0.40123,0.65973,0.4772,0.858624505,0.438901633,0.119152419,378.5639057,0,11829
418,Mozambique,Mwazi,40.68165,-11.04015,0.09517,0.86886,0.76178,-0.12202,0.45341,0.69226,0.2716,0.834954056,1.663301349,0.236197338,546.6099548,0,9298
419,Mozambique,Nairete,40.67789,-14.44934,0.10194,0.15975,0.44256,-0.12348,0.84602,1.43977,0.0292,2.366015251,48.00799942,0.886588156,48682.69378,0,378
420,Mozambique,Panga panga,40.63589,-11.0257,0.09517,0.86886,0.76178,-0.12426,0.48085,0.55889,0.3552,0.8909387,4.334177971,0.390634865,707.641,0,6440
421,Mozambique,Panga Panga Point 1,40.6099,-11.0093,0.09517,0.86886,0.76178,-0.12426,0.48085,0.55889,0.3552,0.8909387,4.334177971,0.390634865,707.641,0,6440
422,Mozambique,Pangayo,40.7183,-11.03114,0.08085,0.59263,0.76178,-0.11977,0.40123,0.65973,0.4772,0.858624505,0.438901633,0.119152419,378.5639057,0,11829
423,Mozambique,Papagaio,40.713367,-10.995,0.0793,0.59263,0.76178,-0.11984,0.39372,0.599,0.0672,0.961601876,0.792580247,0.166516185,378.5639057,0,2511
424,Mozambique,Papangu,40.72115,-10.9967,0.0793,0.59263,0.76178,-0.11984,0.39372,0.599,0.0672,0.961601876,0.792580247,0.166516185,378.5639057,0,2511
425,Mozambique,Paradise 1,40.65984,-14.45889,0.1046,0.15975,0.44263,-0.1232,0.87592,1.45323,0.1284,2.858422116,43.02651596,0.70620507,84937.23004,2,2452
426,Mozambique,Paradise 2,40.65155,-14.43053,0.10194,0.15975,0.44256,-0.12348,0.84602,1.43977,0.0292,2.366015251,48.00799942,0.886588156,48682.69378,0,378
427,Mozambique,Pasiriroani,40.64644,-11.02312,0.09517,0.86886,0.76178,-0.12426,0.48085,0.55889,0.3552,0.8909387,4.334177971,0.390634865,707.641,0,6440
428,Mozambique,Patchala,40.60219,-12.30838,0.07482,0.6943,0.75469,-0.13171,0.36376,0.30958,0.228,1.875521448,16.33883095,0.367150813,9233.712324,0,43
429,Mozambique,Pemba 1,40.55917,-12.96139,0.10118,0.50019,0.52853,-0.13599,0.72377,1.11799,0.2344,48.75056699,0,0,188861.2021,0,2245
430,Mozambique,Pemba 4,40.59254,-12.9647,0.10118,0.50019,0.52853,-0.13599,0.72377,1.11799,0.2344,48.75056699,0,0,188861.2021,0,2245
431,Mozambique,Pemba 5,40.58707,-12.95634,0.10118,0.50019,0.52853,-0.13599,0.72377,1.11799,0.2344,48.75056699,0,0,188861.2021,0,2245
432,Mozambique,Pemba 6,40.58472,-12.95558,0.10118,0.50019,0.52853,-0.13599,0.72377,1.11799,0.2344,48.75056699,0,0,188861.2021,0,2245
433,Mozambique,Ponta Torres,32.96,-26.08,0.04681,-1.06769,0.52792,0.18742,0.49006,0.7178,0.044,NA,0,0,2858.963608,0,0
434,Mozambique,Riwe ya ngombe,40.67184,-11.0404,0.09517,0.86886,0.76178,-0.12202,0.45341,0.69226,0.2716,0.834954056,1.663301349,0.236197338,546.6099548,0,9298
435,Mozambique,Rolas Lions Den,40.556,-12.154,0.0809,0.73382,0.76178,-0.13339,0.40198,0.40507,0.2212,1.36906264,18.38254547,0.31252268,630.2192392,0,308
436,Mozambique,Rongui 1,40.69731,-10.85519,0.09533,0.86996,0.76178,-0.12211,0.47169,0.60393,0.3588,1.230874454,4.497640133,0.492556244,546.9661808,0,0
437,Mozambique,Rudy Reef,35.51168,-22.04703,0.03386,-0.46458,0.27,-0.13072,0.46666,0.88206,0.0076,0.745446457,1.679522514,0.27865693,3.310698137,0,117
438,Mozambique,Rush Hour North,40.60235,-12.17246,0.07774,0.73382,0.76178,-0.13038,0.35961,0.4072,0.1052,1.32546948,7.735197544,0.209340006,484.8850145,0,0
439,Mozambique,Tekomaji 1,40.64189,-10.75603,0.09561,0.68872,0.76178,-0.1242,0.56561,0.55524,0.1916,2.093969794,7.689282894,0.747335196,777.0666496,0,0
440,Mozambique,Tunnel,40.5547,-12.95798,0.10118,0.50019,0.52853,-0.13599,0.72377,1.11799,0.2344,48.75056699,0,0,188861.2021,0,2245
441,Mozambique,Two Miles Reef 1,35.50162,-21.80428,0.03555,-0.20207,0.2902,-0.12327,0.37177,0.80206,0.016,0.651475048,0.270543337,0.068617716,69.88659096,0,282
442,Mozambique,Two Miles Reef 2,35.50244,-21.80046,0.03555,-0.20207,0.2902,-0.12327,0.37177,0.80206,0.016,0.651475048,0.270543337,0.068617716,69.88659096,0,282
443,Mozambique,Two Miles Reef 3,35.50377,-21.80787,0.03555,-0.20207,0.2902,-0.12327,0.37177,0.80206,0.016,0.651475048,0.270543337,0.068617716,69.88659096,0,282
444,Mozambique,Zala South Wall,40.59404,-11.99616,0.07734,0.63365,0.76178,-0.13151,0.42084,0.29477,0.4112,1.098772446,10.7674551,0.285992891,397.8246683,0,0
445,Mozambique,Zala Vineyard,40.57449,-12.00767,0.07643,0.63365,0.76178,-0.13198,0.41574,0.26449,0.2648,1.131490803,10.92522621,0.29893446,432.3990473,0,0
446,Solomon Islands,P10,156.997931,-8.163763,0.00205,0.17743,0.59925,-0.31189,0.02262,-0.12964,0.1996,0.066133434,21.52820969,0,952.6897993,0,0
447,Solomon Islands,P11,157.007072,-8.157302,0.00852,0.17743,0.61108,-0.31388,0.08205,-0.03863,0.068,0.065290965,36.28587723,0,1362.811942,0,0
448,Solomon Islands,P12,157.019398,-8.148056,0.00671,0.17743,0.61108,-0.32151,0.07043,-0.05505,0.0292,0.063921041,61.83891296,0,2189.399434,0,0
449,Solomon Islands,P13,156.958109,-8.188337,0.00205,0.17743,0.59925,-0.31189,0.02262,-0.12964,0.1996,0.066133434,21.52820969,0,952.6897993,0,0
450,Solomon Islands,P14,156.963603,-8.20477,0.00253,0.17743,0.59925,-0.30427,0.01856,-0.1172,0.098,0.064132684,8.446738243,0,904.1439412,0,0
451,Solomon Islands,P15,156.97637,-8.218504,0.00253,0.17743,0.59925,-0.30427,0.01856,-0.1172,0.098,0.064132684,8.446738243,0,904.1439412,0,0
452,Solomon Islands,P16,156.996834,-8.222677,0.00253,0.17743,0.59925,-0.30427,0.01856,-0.1172,0.098,0.064132684,8.446738243,0,904.1439412,0,0
453,Solomon Islands,P17,157.013827,-8.230893,0.00978,0.17743,0.61108,-0.30624,0.0862,-0.01898,0.062,0.062711075,16.09601212,0,1361.794923,0,0
454,Solomon Islands,P18,157.029026,-8.247339,0.00978,0.17743,0.61108,-0.30624,0.0862,-0.01898,0.062,0.062711075,16.09601212,0,1361.794923,0,0
455,Solomon Islands,P4,156.95831,-8.15584,0.00205,0.17743,0.59925,-0.31189,0.02262,-0.12964,0.1996,0.066133434,21.52820969,0,952.6897993,0,0
456,Solomon Islands,P6,156.970022,-8.163896,0.00205,0.17743,0.59925,-0.31189,0.02262,-0.12964,0.1996,0.066133434,21.52820969,0,952.6897993,0,0
457,Solomon Islands,P7,156.9768,-8.167485,0.00205,0.17743,0.59925,-0.31189,0.02262,-0.12964,0.1996,0.066133434,21.52820969,0,952.6897993,0,0