"species","MaxSizeTL","sstmean","Diet","Position","Method","spec_code","Selenium_mu","Selenium_l95","Selenium_l50","Selenium_u50","Selenium_u95","Zinc_mu","Zinc_l95","Zinc_l50","Zinc_u50","Zinc_u95","Protein_mu","Protein_l95","Protein_l50","Protein_u50","Protein_u95","Omega_3_mu","Omega_3_l95","Omega_3_l50","Omega_3_u50","Omega_3_u95","Calcium_mu","Calcium_l95","Calcium_l50","Calcium_u50","Calcium_u95","Iron_mu","Iron_l95","Iron_l50","Iron_u50","Iron_u95","Vitamin_A_mu","Vitamin_A_l95","Vitamin_A_l50","Vitamin_A_u50","Vitamin_A_u95"
"Acanthurus leucosternon",54,28,"HerDet","BtPlDw","Otolth",1257,21.03591838,7.237902505,13.38423431,30.30971059,58.87025891,2.3636108,0.684692654,1.610422464,2.98546927,4.109530125,18.59218205,17.4440493,18.16271626,18.9503964,19.6761599,0.099146739,0.049568323,0.073456561,0.130275575,0.214169023,41.59391162,13.89262193,30.58097598,56.72849039,103.3232113,0.650744386,0.255445073,0.487370607,0.88231629,1.654327345,22.34167672,4.89098545,13.86838709,36.97228713,87.40170641
"Acanthurus lineatus",38,28,"HerDet","BtPlDw","Otolth",1258,21.35083,7.154528106,13.49052932,31.27334544,60.80492417,2.608819813,0.749335716,1.772867691,3.324321352,4.646454315,18.67947627,17.54273299,18.28671436,19.05517417,19.74483111,0.108126888,0.054360761,0.080191644,0.142274636,0.232015788,66.11596464,21.08894118,47.01873661,87.15136106,160.0926766,0.819210021,0.322285108,0.616835603,1.12754559,2.090141157,17.08254896,3.812338476,10.59736167,28.39161787,69.52631397
"Acanthurus nigrofuscus",21,28,"HerDet","BtPlDw","Otolth",4739,17.52861516,5.995417276,11.11628705,25.33304991,49.50343318,3.063574845,0.889195388,2.083744074,3.850936539,5.407381207,18.48173963,17.36343396,18.09106606,18.83109223,19.52867458,0.119450276,0.059008574,0.088038673,0.156137339,0.257958783,90.56761208,29.15396869,64.64947849,118.5527666,215.4898725,0.900639955,0.353719147,0.676288792,1.22322027,2.308554928,27.75776133,6.516479127,17.3660401,45.22132946,106.7206755
"Acanthurus tennentii",31,28,"HerDet","BtPlDw","Otolth",1259,18.8037043,6.547144155,11.95146606,27.02814023,53.46355269,2.737421587,0.798084992,1.883435132,3.459059459,4.822679954,18.51951375,17.40129579,18.11655495,18.8611744,19.56466511,0.110726773,0.05517908,0.082196199,0.143588231,0.236178376,65.18788644,21.23285752,47.33559518,86.50981822,157.7155779,0.782238165,0.305906098,0.587745109,1.0606528,1.969268143,25.97075115,5.816070371,16.29351824,42.2728922,99.92229817
"Acanthurus triostegus",27,28,"HerDet","BtPlDw","Otolth",1260,19.3295643,6.129670202,12.1629502,28.74682136,55.7669199,2.567408344,0.741105876,1.736689312,3.269113538,4.607352409,18.9854753,17.95018151,18.63215305,19.34919721,19.95883305,0.130520136,0.06587077,0.096712829,0.170854623,0.278145677,92.93882108,29.45056847,66.73150138,122.5028318,229.7877982,0.845575169,0.332904504,0.638824615,1.160409595,2.13277251,26.63452277,7.437465448,17.26355105,40.6625671,85.68971193
"Aethaloperca rogaa",60,28,"FisCep","BnthDw","Otolth",6441,59.47559244,34.03601307,48.13539204,71.87008626,102.5230404,0.544500146,0.325329242,0.444540868,0.894067666,2.677449871,18.41804753,16.50512104,17.74265872,19.02113938,20.02776844,0.143164143,0.093006585,0.124962276,0.169709117,0.223760077,33.35491242,17.4377264,26.6931917,42.48350212,82.27283822,0.302806063,0.148203034,0.229829607,0.392528355,0.619014111,118.1375627,35.40890646,77.70131927,189.1271867,434.4114397
"Amblyglyphidodon leucogaster",13,28,"Plktiv","BtPlDw","Otolth",5691,25.49993805,11.86286039,19.49884079,30.85865485,46.07946394,1.288250729,0.880026025,1.108617159,1.475858354,1.938766342,18.56322965,17.4733127,18.17627319,18.88765953,19.5708314,0.162874442,0.096749676,0.137046805,0.195867138,0.26897237,75.76404827,43.80307464,62.97500691,90.66034885,131.6169081,0.827848408,0.512165038,0.700327396,0.987374736,1.37745015,144.9742141,48.24669453,98.4864942,214.4060942,439.0412298
"Anampses meleagrides",22,28,"InvMob","BnthDw","Otolth",4889,32.78179795,18.99306649,27.58812912,38.30743223,53.89233402,1.60924961,1.134877032,1.411024031,1.858931188,2.79188244,18.90096335,16.13258472,18.03909736,19.56666021,20.83087248,0.155084726,0.100989565,0.136776383,0.17384927,0.228425467,65.75917834,40.53571955,56.70579432,78.81201456,105.1172845,0.679189045,0.379792438,0.576545627,0.794056153,1.127807258,103.8438002,37.74012633,73.7663618,148.1139398,326.6292944
"Anyperodon leucogrammicus",65,28,"FisCep","BnthDw","Otolth",4922,40.71860907,25.20212197,34.88664673,49.74108705,75.36822026,0.996273672,0.692193513,0.872745315,1.125489209,1.400941537,18.83599454,17.07507875,18.26032042,19.42645771,20.369667,0.137928513,0.095925276,0.124445889,0.152779446,0.198430258,30.32830368,19.45456967,26.05249878,37.29271404,52.48100171,0.450393375,0.270076545,0.381931774,0.522569805,0.713890574,81.54573674,29.27762055,57.29906613,116.0979451,245.0348249
"Apolemichthys trimaculatus",26,28,"InvSes","BnthDw","Otolth",6525,29.9242981,15.01292404,23.37558703,35.3554408,52.6106251,1.339803101,0.903560825,1.175918906,1.529343311,1.968509033,18.49277239,17.41179577,18.09344294,18.8162613,19.49497813,0.121369207,0.077366663,0.10372624,0.139381669,0.183150336,42.3334347,25.9425402,35.40783074,50.53953383,73.90304493,0.580947753,0.354939206,0.491224875,0.685765645,0.946285561,69.26158431,17.17525553,43.23088279,107.0316305,241.1276406
"Aprion virescens",112,28,"FisCep","PelgAs","Otolth",84,39.04740751,20.34410849,32.03330789,48.0890979,76.59654017,1.455422709,0.467799496,1.093763367,1.704865071,2.228369696,19.34467289,17.49465948,18.75909799,19.93740609,20.84622282,0.147786286,0.094078443,0.125162571,0.177265022,0.244581907,18.1321027,8.511490907,14.75539498,22.99401917,37.99196619,0.538240722,0.222217809,0.41136841,0.674734688,1.002388508,104.0051484,36.97415744,73.92485115,146.9771654,304.4498105
"Bodianus axillaris",20,28,"InvMob","BtPlDw","Otolth",5498,31.472134,18.04817071,26.25785225,36.8855879,52.24631663,1.673586415,1.172155083,1.459434442,1.935597089,2.899012879,18.79066822,15.99874709,17.94298091,19.45459109,20.71959038,0.154291053,0.099665158,0.135765099,0.173610026,0.230893898,66.46318296,41.10130715,57.42812811,80.18945799,107.6813831,0.679355998,0.379636658,0.578632795,0.800907662,1.144514278,114.1173375,40.43479992,80.29349426,163.6411075,373.0161981
"Calotomus carolinus",54,28,"HerDet","BtPlDw","Otolth",4355,19.26083945,7.372234294,14.43487321,27.58905556,50.52660185,1.887148006,0.84430983,1.457161632,2.377825058,3.910683777,19.01021118,16.9462271,18.36451548,19.71652063,20.89892441,0.075531436,0.038899,0.060760089,0.099185833,0.158708973,37.28218374,13.25930996,27.12475497,54.67656965,104.3741949,0.709088318,0.299968626,0.539006202,0.929105867,1.840408566,11.97475106,3.212974842,7.664404585,18.52241478,44.4228229
"Cantherhines pardalis",25,28,"Omnivr","BnthDw","Otolth",6635,41.58060351,14.61111509,29.41581759,55.85225183,103.558759,1.568334616,0.736976305,1.287167492,1.913663896,2.904182843,18.62972617,16.34181378,17.8588956,19.22628899,20.69157971,0.0853295,0.04162731,0.066428516,0.109750311,0.189844536,33.48062553,12.54858904,24.15567922,49.55611954,153.7586131,0.8845913,0.33841029,0.644519241,1.20751185,2.384520418,67.92264228,20.11739571,44.07744066,104.2240781,217.310603
"Centropyge multispinis",14,28,"InvSes","BnthDw","Otolth",6549,25.87971693,13.15938709,20.53708216,31.06198784,44.7608477,1.543989502,1.043363155,1.353073753,1.775549248,2.264514347,18.4993778,17.43298478,18.12563875,18.81291232,19.47272435,0.139825757,0.087846107,0.119523039,0.163481229,0.218012107,70.3425603,42.60346026,59.29192895,84.41565962,118.2143926,0.698824388,0.435121119,0.593999386,0.827275779,1.118713485,88.32981062,25.18352662,56.32092029,133.9181225,282.3065362
"Cephalopholis argus",60,28,"FisCep","BnthDw","Otolth",6396,39.49622436,21.81150078,33.25122899,46.88837526,66.66153081,0.711709627,0.495760815,0.625361311,0.803494074,1.147290028,18.80670614,17.01423044,18.21186433,19.40674449,20.35852681,0.171861069,0.106580264,0.145829799,0.198545506,0.256068534,34.79220837,20.56355502,29.30218441,40.96785535,60.34326437,0.511624216,0.277278119,0.417310322,0.629229664,0.982070412,169.6889597,61.5863022,117.703319,243.8616717,523.3816057
"Cephalopholis leopardus",24,28,"FisCep","BnthDw","Otolth",6448,35.36041419,15.73018226,28.43492193,42.6843033,66.7261542,1.123229837,0.695742103,0.956931556,1.305299764,1.795537353,18.79273036,16.99163312,18.1628205,19.32611047,20.24107508,0.182138924,0.107072171,0.153121204,0.211216898,0.289878752,78.11987504,43.27486333,65.92080455,96.01299697,138.9925699,0.641834678,0.330300957,0.514181768,0.787937362,1.176868769,112.176119,39.26539294,79.33709876,159.3482985,339.9929472
"Cephalopholis miniata",50,28,"FisCep","BnthDw","Otolth",6450,34.29658872,17.34165235,28.44980253,40.46060553,58.66363264,0.760760062,0.5154861,0.66352153,0.856616611,1.239618327,18.48908458,16.66846959,17.8837174,19.06458978,20.09054429,0.16756239,0.103505251,0.142285385,0.193247607,0.250952927,31.2516156,18.29660848,25.9705511,36.90598198,54.47994105,0.464861656,0.249520855,0.38022688,0.575388198,0.880063403,272.162186,88.22422905,180.054172,414.9170355,949.1546949
"Cephalopholis urodeta",28,28,"FisCep","BnthDw","Otolth",6456,41.52047159,21.64738424,33.34417391,52.37311011,81.9056232,0.963114335,0.60821702,0.82016632,1.108981075,1.577998454,18.84058701,16.9921975,18.20502369,19.42047846,20.33906867,0.193853742,0.107808676,0.159629071,0.228456162,0.313251352,86.80936821,45.19110839,69.82327846,105.4625758,158.8933497,0.894468783,0.448140936,0.712145008,1.149351456,1.942675365,77.22178931,26.45918577,53.16058791,109.9584238,245.5176837
"Cetoscarus bicolor",90,28,"HerDet","BtPlDw","Otolth",5538,45.21032666,24.06192306,35.53940068,58.12143914,86.32110829,1.481925205,1.011171458,1.3116709,1.704223502,2.272572851,18.8448632,16.81808389,18.16725504,19.52972622,20.71859814,0.105647805,0.064082653,0.090416496,0.120412875,0.161560298,42.9325331,23.17869193,34.80223004,50.0860682,74.02792369,0.759410641,0.452990145,0.642353185,0.900418754,1.226626887,18.25600382,4.968449508,12.04387496,27.22144856,63.08921617
"Chaetodon auriga",23,28,"InvMob","BnthDw","Otolth",5557,35.48612731,17.94756142,28.79690923,45.74935449,75.0561967,1.247933738,0.816943583,1.076558203,1.399359841,1.818976249,19.43780384,18.31744646,19.07342951,19.8288379,20.42256114,0.15855678,0.094775074,0.13243458,0.185761784,0.246731996,92.98224964,48.93441715,75.18122978,112.6815814,162.089276,0.817092305,0.483244271,0.6806931,0.991425428,1.380010013,33.13703486,9.546430352,21.14513425,51.3221285,110.0889635
"Chaetodon guttatissimus",12,28,"Omnivr","BnthDw","Otolth",7791,29.37602195,14.86813878,23.5527292,35.41592068,54.9052974,1.584164715,1.070909851,1.397189161,1.788860668,2.307456485,18.91948543,17.83886535,18.56402199,19.28528162,19.90704746,0.15815229,0.096245386,0.133655827,0.18580098,0.249696824,118.3054522,65.83707796,97.59617867,139.855735,193.8099579,0.924799781,0.567090126,0.779857364,1.104908927,1.494258941,47.92947677,14.05363466,31.7510295,73.46929657,149.9726131
"Chaetodon kleinii",15,28,"InvSes","BnthDw","Otolth",5446,31.10749843,16.14349474,25.21033256,37.81233014,57.29670848,1.533241728,1.043578361,1.355241124,1.724963201,2.217422669,18.86990765,17.81710628,18.52261007,19.22184047,19.83645532,0.147416063,0.092864808,0.125700725,0.171132505,0.226112765,97.72046322,57.17341244,81.77712119,115.8285137,159.3926258,0.885101964,0.549264799,0.74973028,1.050860054,1.42253299,40.60671867,11.87870015,26.93483995,62.09901536,130.059528
"Chaetodon lineolatus",30,28,"InvSes","BtPlDw","Otolth",5564,34.28918157,19.42046197,29.0571944,42.21276121,64.28463961,1.187453801,0.826318916,1.055808794,1.315795149,1.663968129,19.16519926,18.16484962,18.82210264,19.51163109,20.08164111,0.139351852,0.09211951,0.121910948,0.159621258,0.201030398,59.66633519,35.89410502,50.62973427,69.9945763,98.14032733,0.669534404,0.428844152,0.567754274,0.783948094,1.055696083,41.78457495,13.12077397,28.15568835,62.43578537,119.3988229
"Chaetodon lunula",20,28,"Omnivr","BtPlDw","Otolth",5565,31.12531509,16.48408768,25.60400558,38.23978916,61.06383971,1.273873545,0.870910213,1.129212833,1.426052874,1.819938556,19.23424609,18.17268332,18.8787922,19.5953184,20.15817,0.157384939,0.098190279,0.134156412,0.183103561,0.238868613,82.84334501,47.76696273,69.0665611,99.96494611,140.5445183,0.7346846,0.455378136,0.618047242,0.867286133,1.180380253,54.97222784,16.94253899,36.45505066,82.03834876,158.857314
"Chaetodon melannotus",18,28,"InvSes","BnthDw","Otolth",5566,21.51177641,9.666015369,16.96196021,27.52152855,46.58900322,1.152902861,0.746026017,0.989146103,1.343444098,1.772574009,18.99235884,17.77746822,18.59173782,19.40721606,20.1477972,0.165041151,0.093663421,0.136642141,0.201194318,0.274950156,52.57102262,28.56140428,41.94980835,68.32142868,103.1999816,0.459163825,0.258820282,0.375780723,0.552134841,0.7992436,276.8962237,67.24640816,168.2382976,439.522939,1015.896439
"Chaetodon meyeri",20,28,"InvSes","BnthDw","Otolth",5568,31.75235462,17.12043843,26.3475905,38.84831135,59.28605531,1.340844604,0.926347645,1.191147486,1.49894162,1.907783915,19.06855608,18.03277977,18.72412052,19.41489696,19.99391002,0.148120146,0.094842508,0.12765791,0.171396727,0.220951516,80.31840876,47.02111143,67.53161853,95.17018357,131.8581006,0.76837698,0.484039426,0.65067444,0.90218862,1.216647315,45.81306433,13.92985876,30.83448261,68.6961693,134.1984452
"Chaetodon trifascialis",18,28,"InvSes","BnthDw","Otolth",5578,28.68980416,15.45723605,23.37969995,33.99167364,51.79133192,1.359046105,0.940412716,1.210342923,1.539445224,1.942456338,18.89450035,17.85924986,18.5527182,19.23011934,19.80446177,0.147063797,0.094964066,0.126891568,0.171039748,0.220219399,72.64604292,43.79951341,61.31923658,85.58186609,118.3194182,0.693957347,0.440536425,0.592919224,0.813299742,1.090923875,69.79584661,22.1301933,46.81407206,104.4777892,203.1904415
"Chaetodon trifasciatus",15,28,"InvSes","BnthDw","Otolth",5579,32.72086307,16.22156808,26.42181455,41.60090283,67.03504323,1.47727795,0.960343042,1.275522171,1.659653834,2.194391077,19.19496089,18.06333085,18.81469298,19.57279474,20.20137974,0.160703227,0.095268832,0.134559973,0.189167136,0.253817671,121.2219463,63.6567998,97.47569685,146.1195266,207.199572,0.960231091,0.566867549,0.800085627,1.161234967,1.614654512,33.51215121,9.477215234,21.2868566,52.38814076,115.5604696
"Chaetodon xanthocephalus",20,28,"Omnivr","BnthDw","Otolth",7794,32.98160521,17.54306418,27.03391844,40.42011883,59.35919859,1.458297527,1.000026812,1.292104042,1.626864307,2.085135127,18.81586622,17.77647438,18.46278169,19.15833334,19.77142359,0.135400224,0.087854782,0.116687263,0.154877382,0.201056468,76.35966487,45.98877151,64.47312388,89.15786006,123.486838,0.817905932,0.511257318,0.694680632,0.969159741,1.304469538,34.80535758,9.889908497,22.94895509,53.56521249,112.8778227
"Chaetodon zanzibarensis",12,28,"InvSes","BnthDw","Otolth",8933,28.8978126,14.52130444,23.21736241,35.0084677,55.51082188,1.542619431,1.039756844,1.358298547,1.740096349,2.253597245,19.00581009,17.91806509,18.64852457,19.3663107,19.98150122,0.163179359,0.098151495,0.136905084,0.19205048,0.259045147,120.1523777,65.94294398,98.9771886,143.2969981,200.3476808,0.905603517,0.551954203,0.761438216,1.079872751,1.467512744,52.64979922,15.39502417,34.60970395,79.72539813,159.3201431
"Cheilinus fasciatus",52,28,"InvMob","BtPlDw","Otolth",5600,34.8504837,17.1910127,27.46036565,43.26515796,73.36040886,2.839397853,1.523076929,2.409184411,3.409006664,4.793188473,18.23043263,14.41442335,16.96666608,19.51333013,22.0230667,0.092247449,0.054882827,0.078640819,0.110439252,0.154971897,38.79357899,19.38270742,30.62084196,48.45627231,78.26814726,0.677191745,0.26852863,0.506974366,0.895608939,1.494033596,222.4949986,36.30942811,131.8580629,365.4417244,865.7039805
"Cheilinus trilobatus",45,28,"InvMob","BtPlDw","Otolth",5603,30.0055485,12.53200015,22.01455459,40.71459366,73.93989957,3.122778924,1.515570733,2.48562056,3.702534095,5.170434506,17.00616196,13.07090764,15.74084917,18.31585451,20.58564704,0.177485919,0.082841288,0.135216334,0.228471307,0.378808897,43.70369052,19.78407836,34.31379929,57.81493753,94.81518713,0.750885225,0.275553764,0.553027881,0.993054479,1.593599463,239.7917775,36.75651294,131.774123,467.7041526,1490.091389
"Chlorurus atrilunula",30,28,"HerDet","BtPlDw","Otolth",7907,40.89281106,14.20479553,29.41264143,54.60375001,109.4692536,2.660327661,1.123458618,2.089053104,3.244883178,4.529195717,18.69087252,16.7142567,17.98544983,19.38096289,20.57817954,0.105786386,0.052040734,0.084080969,0.128440684,0.203638229,41.0759842,16.75818485,30.21392184,58.32732447,124.9212944,0.717688024,0.301570931,0.555906927,0.970191254,1.842167005,26.11753088,7.253623382,17.22147818,38.23894243,87.9630451
"Chlorurus sordidus",40,28,"HerDet","BtPlDw","Otolth",5556,43.20162499,13.55958418,30.83667091,62.36283645,134.5170047,2.952355671,1.26401837,2.350625119,3.690375034,5.462653859,17.96744093,15.98497604,17.20086049,18.62285632,19.835692,0.215780163,0.0921694,0.165396366,0.285974454,0.521565849,52.41746739,20.03902159,36.88803751,79.00994584,168.6952185,0.885212098,0.345295779,0.657942759,1.203948878,2.368085665,25.95851853,7.018096053,16.42428025,40.5955626,95.10552496
"Chlorurus strongylocephalus",70,28,"HerDet","BtPlDw","Otolth",12833,48.57904933,16.46902423,34.79687673,66.59497718,132.408148,2.111494457,0.882755486,1.655386674,2.56530746,3.65867862,18.80516088,16.80263147,18.12652956,19.47333458,20.73171554,0.090799524,0.044479805,0.071486645,0.110227024,0.174981735,21.59599072,8.712956794,15.67194943,30.06467458,67.70188219,0.548321856,0.227967231,0.42147912,0.740661359,1.396480268,20.02725537,5.47020862,13.3930127,30.28433643,70.02333074
"Chromis atripectoralis",12,28,"Plktiv","BtPlDw","Otolth",5450,25.67276802,11.81021813,19.25677335,31.05375395,46.56176554,1.37757397,0.933351961,1.173734807,1.574394379,2.073824782,18.42561711,17.32994441,18.03740204,18.75088178,19.44420494,0.158316987,0.093787022,0.132626524,0.189362494,0.264631795,78.55222167,46.02786299,65.58301115,94.09200233,137.565473,0.878740331,0.538731769,0.745421621,1.050636841,1.47277624,128.8210398,41.68894918,86.2947817,190.8263737,408.3774526
"Chromis ternatensis",10.5,28,"Plktiv","BtPlDw","Otolth",5677,24.34325051,11.03118753,18.48875648,29.49970365,45.06606732,1.366262171,0.927684863,1.168207245,1.570873894,2.080038471,18.52660606,17.40830264,18.13326438,18.85651533,19.54223193,0.169378927,0.098184,0.141536361,0.205479313,0.28688136,88.77967393,50.54885911,72.92576245,107.0611652,155.7346207,0.883689402,0.539430427,0.745932979,1.054982645,1.479970628,155.968375,51.78924792,106.7784872,231.1603364,480.1923417
"Chromis weberi",13.5,28,"Plktiv","BtPlDw","Otolth",5680,27.43621679,15.10428826,22.96817268,32.55330188,47.89771457,1.448927142,0.904462109,1.276987197,1.632974518,2.045364637,18.83005148,17.90746812,18.53799412,19.10049321,19.71391474,0.176001011,0.111213312,0.154080792,0.202134331,0.27976403,79.65223351,47.92193674,67.65953768,91.52486045,128.4313569,0.867729685,0.570866766,0.756600505,0.997380688,1.299925338,182.2662707,73.03069181,132.5319542,251.3548023,461.1526815
"Coris formosa",60,28,"InvMob","BtPlDw","Otolth",7736,44.43171593,13.56376993,29.98184514,63.73203352,143.9167918,1.808534404,0.83698304,1.451747003,2.228751067,3.384986949,18.93595614,16.13110888,18.09003796,19.64549305,20.87489141,0.111513073,0.057851914,0.091318684,0.142726782,0.217773847,29.13061004,11.41201155,21.25910656,38.32759969,75.62186581,0.500485262,0.268828079,0.426442507,0.588579027,0.822428356,71.87629187,24.67210737,50.23990068,104.5829943,234.3923068
"Ctenochaetus binotatus",22,28,"HerDet","BtPlDw","Otolth",6012,20.93688746,12.05963265,16.93242326,25.35588297,37.48995106,0.438553809,0.297934014,0.372653468,0.570983486,1.416926189,18.47361705,17.36139388,18.08275137,18.82167029,19.5162483,0.126665934,0.084143559,0.112326698,0.14845846,0.19959122,35.61184637,21.33255896,30.10170888,43.10340955,62.86933366,0.253207723,0.138485029,0.201994551,0.338019745,0.583696718,28.40896328,6.613002126,17.7492046,46.04357232,108.1018959
"Ctenochaetus striatus",26,28,"HerDet","BtPlDw","Otolth",1262,22.64354895,13.10468006,18.65882328,27.51816816,40.99954256,0.419240117,0.285900268,0.358652715,0.54713137,1.360440157,18.57748115,17.45394767,18.18627843,18.93877071,19.63243581,0.124523353,0.082369434,0.110271162,0.145147516,0.195019706,34.15045828,20.63857651,29.1486751,41.68020301,60.78232986,0.255858538,0.14206161,0.204995157,0.343801931,0.591428895,21.85015372,5.064154661,13.64653331,35.80055028,86.66836407
"Ctenochaetus truncatus",20,28,"HerDet","BtPlDw","Otolth",59487,18.91256928,10.78271089,15.06760087,22.92288332,34.09908034,0.476154301,0.322259941,0.403269075,0.623217802,1.560002673,18.36780304,17.26376109,17.97890829,18.70824063,19.41128303,0.13303445,0.087623678,0.117743249,0.156538647,0.212789097,42.3890774,24.991345,35.62079997,51.17272452,74.87215135,0.266769391,0.144414162,0.211308352,0.35544993,0.616687897,36.65824876,8.71137839,23.11970888,59.19582552,139.7424397
"Dascyllus trimaculatus",14,28,"Plktiv","BtPlDw","Otolth",5112,26.93262573,12.17469693,20.10643475,32.74378565,48.95978426,1.373909042,0.933809343,1.168075748,1.572999926,2.075951982,18.31471513,17.21895648,17.92909182,18.63852274,19.34127359,0.146729538,0.088346068,0.123617369,0.174891554,0.245769505,67.20849278,40.00374553,56.63670105,81.00359337,118.7414394,0.863736425,0.527056197,0.730328421,1.036137549,1.438749773,108.2002711,33.8966521,71.32528388,165.499604,368.6030761
"Diagramma pictum",100,28,"InvMob","BtPlDw","Otolth",4465,47.81392709,15.90011448,34.66149254,63.95928933,122.1371814,0.519056119,0.290890089,0.409494952,0.722083492,1.375040329,20.02108769,17.83428478,19.3065297,20.76219856,21.87841536,0.100590998,0.052186708,0.084209312,0.129075976,0.205108093,24.28912857,8.035674404,17.76062776,33.31080354,68.79234328,0.455338081,0.185356023,0.342647235,0.599637684,1.087619376,38.46301739,15.11553501,28.40422227,51.7467084,89.46271296
"Epibulus insidiator",71,28,"FisCep","BnthDw","Otolth",5606,28.59332862,11.82517852,20.18752411,39.97301108,78.97165808,2.128960473,0.624029787,1.498876939,2.697562721,4.131840872,18.8672406,16.04584756,18.00033227,19.62916552,20.86956568,0.157814733,0.076521733,0.123044312,0.203369296,0.31612417,39.5174828,13.44212279,29.20924562,55.07292633,101.8864677,0.485904543,0.191292968,0.370015686,0.664904621,1.188046788,92.64899017,24.11522185,57.07697041,144.5942115,362.394217
"Epinephelus coeruleopunctatus",76,28,"FisCep","BnthDw","Otolth",6440,41.17458094,23.27623367,34.05987231,48.67912578,66.97406996,1.224911096,0.771317568,1.067426204,1.421195552,1.84198343,18.59577439,17.18540218,18.14214455,19.0807466,19.82853947,0.114900461,0.070120272,0.096757174,0.130592382,0.17348832,18.69798281,10.65106564,15.21386389,24.42934484,49.95674592,0.417770231,0.230554647,0.336670649,0.513867073,0.849794893,163.7932329,47.91646162,109.0361931,247.0603524,582.15653
"Epinephelus fasciatus",40,28,"InvMob","BnthAs","Otolth",5348,30.67805514,13.44414423,23.05551123,39.09261452,63.41261354,1.925645149,1.100262445,1.583434227,2.293481342,3.186974477,17.1525605,15.630261,16.62764168,17.57108098,18.57084391,0.236176497,0.121899924,0.19410496,0.302385202,0.498550488,31.72308458,14.97359037,24.71034758,42.86131508,86.09037008,0.560676415,0.255778909,0.4243678,0.724126507,1.225301605,391.5444688,89.47292731,239.1490553,639.1550961,1815.38411
"Epinephelus hexagonatus",27.5,28,"FisCep","BnthDw","Otolth",6660,36.60551436,18.85814054,29.21944355,43.590808,66.20055657,1.373933483,0.808476978,1.165348209,1.601414349,2.217487772,18.5908207,17.1220935,18.13956829,19.11804365,19.89625051,0.159024617,0.09324345,0.131958908,0.183323432,0.250738458,48.87758438,25.09957998,38.51825042,61.78297746,130.5281741,0.772048419,0.389036883,0.608710782,1.029003125,1.667973106,231.5322365,59.38563645,146.1013385,369.6792735,825.1644102
"Epinephelus merra",32,28,"InvMob","BnthDw","Otolth",4923,37.64768112,21.73857595,31.21768709,44.97875511,65.14094318,1.545757987,0.95730945,1.338310175,1.815444806,2.389868871,18.71934435,17.32110208,18.27173068,19.2061137,19.93106985,0.139702701,0.086890539,0.119085249,0.159305853,0.212925162,45.47342419,24.51039357,37.66384573,56.68139369,117.1701796,0.632609738,0.339222658,0.503107987,0.796097115,1.352857255,142.6731312,39.73429568,93.53790201,217.4420893,494.1842296
"Epinephelus spilotoceps",35,28,"FisCep","BnthAs","Otolth",5837,34.05975555,20.41474579,28.13220398,40.77109734,56.06234308,1.483678406,0.933465261,1.299897243,1.706056691,2.212698262,18.57647256,17.19503474,18.12212985,19.05475435,19.78014219,0.135226666,0.086096151,0.116066165,0.153804373,0.202114611,33.93034909,19.63502314,28.35211649,43.61146515,86.57247424,0.51786391,0.288492934,0.418269796,0.642860552,1.081543782,231.8567818,67.91940947,153.5658392,346.8572582,801.3867609
"Epinephelus tukula",200,28,"FisCep","BnthDw","Otolth",5525,54.10142336,29.08419468,44.64612425,65.1471368,95.71493806,0.878827647,0.546879265,0.756943937,1.049065167,1.389014708,19.10255806,17.63310857,18.61463822,19.60573357,20.38626532,0.106815709,0.060259035,0.086574305,0.124060833,0.173375194,11.30068214,6.148442027,8.982010327,14.84114418,32.40551197,0.334097101,0.175248495,0.267085793,0.417979659,0.706773866,100.6821968,31.4358896,67.51659717,154.1678386,382.1992819
"Gomphosus caeruleus",32,28,"InvMob","BtPlDw","Otolth",7744,35.09367265,21.19038106,30.08432021,41.18366632,57.61912652,1.447018226,1.039783697,1.278321502,1.671586526,2.501466277,18.94593696,16.16990169,18.0821168,19.62320283,20.85015569,0.144148271,0.096781858,0.128581424,0.160695912,0.207516027,48.74097642,30.82696749,42.29020773,58.63679615,78.78706362,0.599194134,0.331665081,0.5125207,0.702125055,0.988098199,94.04222805,34.03187153,67.11530522,133.875336,295.0797445
"Halichoeres cosmetus",13,28,"InvMob","BtPlDw","Otolth",25372,29.67174804,16.39635033,24.43435592,35.17050811,50.23516936,1.884345308,1.288679938,1.638546853,2.194810562,3.287466947,18.80359526,15.99192113,17.93310778,19.44907641,20.74169227,0.169887561,0.104230286,0.146083873,0.193214948,0.2649356,100.3052592,57.39564377,83.79352833,119.1681358,161.5817874,0.815982462,0.454681525,0.683475982,0.962234015,1.379353927,114.867364,41.11552138,80.77383438,164.0151816,373.6922886
"Halichoeres hortulanus",27,28,"InvMob","BtPlDw","Otolth",12663,38.83263288,23.07367696,33.95176305,46.03175534,64.7920503,1.559426399,1.082511955,1.392010991,1.790605109,2.71136595,19.11947735,16.30180464,18.25398696,19.82383696,21.00824024,0.152077794,0.100062329,0.134127624,0.169531582,0.22506173,73.47709868,43.59476661,61.8985456,86.13900163,114.6645616,0.779957958,0.440794858,0.657935713,0.913847307,1.27417596,53.92690572,19.5699403,37.58921695,76.16365896,173.6503801
"Halichoeres marginatus",18,28,"InvMob","BtPlDw","Otolth",5631,34.20663913,19.95588236,29.16128183,40.07237151,56.300629,1.775284807,1.242502608,1.574013342,2.062713646,3.071705965,18.87400625,16.07094591,18.004047,19.52942987,20.77346788,0.15669057,0.100379569,0.136716499,0.17637548,0.239044572,87.09074533,51.83140624,73.07304474,102.3933188,137.0159173,0.829233816,0.46471136,0.698133159,0.970920055,1.365964883,72.5000106,26.24021755,50.38127448,102.6312242,238.8669118
"Halichoeres scapularis",20,28,"InvMob","BtPlDw","Otolth",5633,34.00732224,19.6192929,29.26392746,40.22392012,57.24174032,1.659121286,1.151898242,1.468563934,1.916261548,2.875447597,19.00746357,16.22342894,18.14639353,19.68017543,20.92309535,0.16074188,0.102408252,0.140711051,0.180432117,0.241132431,82.16910519,48.45291898,69.17639389,96.50853712,128.6445859,0.77432195,0.432645497,0.653352802,0.903331403,1.286578685,80.2673391,29.57027458,56.431728,114.0020721,260.4330244
"Hemigymnus fasciatus",80,28,"InvMob","BtPlDw","Otolth",5635,30.12784835,12.26696268,21.70537792,46.44046127,87.95529167,2.7998616,0.804011659,1.851489732,3.557706696,5.036272682,18.93402806,16.16575559,18.07515543,19.61158171,20.83953043,0.153952049,0.059992304,0.11344003,0.200029398,0.325998689,45.17853581,17.64189404,34.12952895,60.57465921,119.7038714,0.610217931,0.338194583,0.521275888,0.715687161,1.009733013,96.57794606,34.9107115,68.69846476,137.4135831,303.6027914
"Hemigymnus melapterus",60,28,"InvMob","BtPlDw","Otolth",5636,30.34185146,12.34603464,21.8656729,46.67985127,89.2565417,2.592033006,0.74290824,1.718801994,3.302091258,4.704764198,18.95157175,16.18164042,18.09339519,19.63249262,20.87601815,0.149281223,0.058309083,0.110106786,0.194222662,0.316964997,36.30893659,14.45700557,27.20066978,49.28586727,99.17422242,0.537824327,0.294142575,0.459920333,0.636049489,0.898598142,107.7476888,37.88603205,75.80315427,155.1521983,349.3982592
"Hipposcarus harid",75,28,"HerDet","BtPlDw","Otolth",7906,42.54120439,21.04808297,33.57356858,54.27402284,88.34418781,1.313085854,0.908324614,1.134280003,1.520202338,2.06717792,18.656344,16.67126272,17.9454742,19.33678277,20.61409312,0.095261452,0.054093568,0.080297736,0.109107417,0.149574312,23.59017031,12.60288998,19.23334982,28.87973377,43.37958675,0.550535283,0.324582543,0.455294059,0.656236204,0.907204087,28.57762127,7.372992931,18.94576249,43.52468949,102.3188005
"Labrichthys unilineatus",17.5,28,"InvSes","BnthDw","Otolth",5109,31.63850529,18.06383169,26.38694902,36.78096806,52.44387877,1.759611205,1.233315793,1.540778419,2.043605933,3.056091286,18.77986888,15.98225391,17.92448546,19.43288767,20.71155302,0.157002999,0.100765109,0.137281993,0.177420307,0.236660382,77.41777043,47.04514085,65.80601844,91.82226902,123.7892088,0.743776074,0.420603261,0.629808271,0.874443962,1.234249254,102.4525052,36.77870482,72.30510599,146.4246199,334.0972573
"Labroides bicolor",15,28,"InvMob","BtPlDw","Otolth",5650,30.33389396,14.90200779,23.96105186,39.7205633,65.27039927,1.794278101,1.16241882,1.53329515,2.099722045,3.167517489,18.58554791,15.77235587,17.68246107,19.26235176,20.58224275,0.130652352,0.074785225,0.109501158,0.156124966,0.227362282,105.5775631,55.7582017,86.48454907,127.869028,187.5348571,0.672661876,0.368495693,0.549982639,0.812379564,1.221495739,138.8425863,44.72406751,92.81389379,204.7052185,494.1963017
"Labroides dimidiatus",14,28,"InvMob","BnthDw","Otolth",5459,30.75285932,15.72643385,24.74286446,39.39247506,64.93467786,1.953420943,1.275678668,1.670927157,2.298359113,3.39220768,18.38828607,15.51195237,17.48596879,19.01537994,20.34179247,0.12304858,0.07184539,0.103411628,0.145163897,0.211087029,107.9896518,57.45453267,88.28673431,128.6380893,185.3128145,0.730608211,0.404965646,0.601403337,0.881049361,1.308468134,112.1751035,36.95725823,75.9911371,165.1899249,417.6716186
"Leptoscarus vaigiensis",35,28,"HerMac","BnthAs","Otolth",4360,39.75312566,21.14392343,31.47780308,49.51898646,74.33653399,1.630492809,1.122160132,1.431349716,1.875809651,2.479844986,18.70163327,16.72322402,17.99499091,19.38408942,20.59877679,0.111717311,0.067567404,0.095191384,0.127158064,0.172054957,50.48826899,27.98078881,41.09288255,58.82176499,86.38661008,0.787850925,0.467892328,0.665376333,0.932010885,1.267175636,25.65282401,7.014798454,17.10311763,37.91565017,87.02789753
"Lethrinus enigmaticus",55,28,"InvMob","BnthDw","Otolth",1855,46.46253649,30.06178924,39.87700026,53.70028973,67.72193822,2.007439136,1.513021073,1.829558996,2.181922694,2.599822749,20.28602565,17.93675402,19.53635462,20.85511254,22.1797542,0.132485824,0.096787303,0.119757926,0.145798155,0.1755063,33.8968875,23.40823605,30.40233957,38.31971575,47.84537338,0.723437618,0.48212872,0.64022943,0.810172829,0.996436639,30.90077867,6.843457135,18.49419151,56.1631411,187.5511601
"Lethrinus harak",50,28,"InvMob","BnthAs","Otolth",1851,50.99194769,24.66994478,40.49978915,63.52213529,104.6372882,2.850748124,1.894810934,2.455524917,3.216306865,4.147258378,19.14262458,16.86884021,18.47765903,19.84592236,21.32373646,0.259839482,0.146681497,0.215444261,0.328567936,0.507638177,60.15987295,34.27913083,49.41041277,73.25798419,103.1459319,1.150456349,0.710143956,0.96767963,1.388367189,2.028477798,19.59981602,4.137345731,11.5560725,35.48188856,139.8354477
"Lethrinus lentjan",52,28,"InvMob","BnthAs","Otolth",1863,53.37166327,24.515819,41.94578359,66.93979492,114.5902225,2.697126391,1.778002901,2.309627061,3.111491036,4.096497055,19.37298698,17.05028918,18.68716302,20.0693663,21.60000799,0.273921166,0.14942355,0.225157984,0.347685219,0.537581575,66.27373692,36.21630789,53.82545456,82.28229713,116.8947619,1.181610574,0.706513107,0.995448266,1.439878435,2.173605571,17.83504861,3.668372896,10.25435762,32.0809976,128.2803257
"Lethrinus mahsena",65,28,"InvMob","BnthDw","Otolth",1843,47.26513273,29.7511311,39.65419259,55.63523787,71.504458,2.009962763,1.491046543,1.824524057,2.217680906,2.630169547,20.06673216,17.65855785,19.31146813,20.64185873,21.995422,0.120205991,0.084639889,0.107523044,0.132686256,0.163133021,26.59266551,18.19726624,23.49131846,30.42191448,39.14128426,0.678818582,0.437673579,0.594276328,0.764307344,0.953982784,29.39127996,6.333697324,17.27473704,53.54138781,189.0892888
"Lethrinus nebulosus",87,28,"InvMob","BtPlAs","Otolth",1846,54.16874691,26.45955635,42.89251902,66.86810752,107.2249461,2.377701336,1.560581018,2.047757346,2.688247351,3.454354409,19.21392207,16.88443285,18.5485019,19.92289647,21.36578974,0.23835503,0.13698253,0.200205273,0.298361375,0.453693351,36.5380406,21.43042791,30.40741314,43.9426982,62.91892418,0.883625563,0.54863727,0.742980302,1.062195427,1.527343375,22.11069075,4.607017304,13.14129663,41.01556878,155.1887021
"Lethrinus obsoletus",60,28,"InvMob","BtPlAs","Otolth",1847,54.56695362,34.95448091,46.4624134,62.49234512,82.52075461,1.95422629,1.437893794,1.758403361,2.161851646,2.603015563,20.59203726,18.2554496,19.84372592,21.14146893,22.49585297,0.136959282,0.101253418,0.123420607,0.151582124,0.182825571,42.44782697,28.84193107,36.95610363,48.05587512,59.76022415,0.842753372,0.580365194,0.741348381,0.957495593,1.229828293,17.33934986,4.075033291,10.36552136,30.43626725,104.5613463
"Lethrinus olivaceus",100,28,"FisCep","BtPlDw","Otolth",1864,59.68484866,34.53700201,49.09585095,71.24676798,99.3875602,1.47573489,1.043645169,1.309921002,1.65525921,2.07301394,20.43558749,18.07961288,19.72217304,21.00379284,22.43102848,0.132614602,0.09134371,0.116976579,0.148784731,0.187850052,26.29752654,16.5985309,22.35362948,30.27897508,39.64440213,0.835360604,0.555178999,0.723708942,0.970515976,1.287002789,21.71499821,6.283242957,14.23935615,36.91718494,129.9612574
"Lethrinus rubrioperculatus",50,28,"InvMob","BnthDw","Otolth",1848,52.57311207,33.84260294,44.6509258,60.23194759,79.37884003,2.084021345,1.53094799,1.876078012,2.29888711,2.766086164,20.51670079,18.15988624,19.78087455,21.06630502,22.42014204,0.139298676,0.10257099,0.125546627,0.154500064,0.186574837,47.95039498,32.50034402,41.58429533,54.56735889,67.83643791,0.897611844,0.616959511,0.789819076,1.022013943,1.318583674,17.75591796,4.178959679,10.70124242,31.39928358,107.9804949
"Lutjanus argentimaculatus",150,28,"FisCep","BtPlAs","Otolth",1407,49.27526644,18.57470699,35.63881984,65.22483631,114.3661267,0.41826821,0.254495316,0.346142226,0.506237218,0.765899138,18.30342589,16.85895411,17.79265359,18.84576148,19.85405496,0.345961169,0.167050187,0.274410066,0.441401366,0.74143637,12.06924257,5.683860701,9.427177934,15.82170323,24.61960226,0.449278255,0.220223679,0.350039864,0.575199123,0.919776591,55.77022465,6.814231506,29.22706422,106.5341949,290.9638716
"Lutjanus bohar",90,28,"FisCep","BtPlDw","Otolth",1417,65.87124199,29.2259514,51.83955735,87.49530509,146.669752,0.490433018,0.311128353,0.411523236,0.579467437,0.861592478,17.25858378,15.86130043,16.76045812,17.78014992,18.83523768,0.276802014,0.141059709,0.223510411,0.344775843,0.55737805,17.8653743,9.006581645,13.99471465,22.08213375,35.5058414,0.316793546,0.16725546,0.250577189,0.392371743,0.624191793,480.4016107,68.88064008,253.3833523,857.8282301,2549.393368
"Lutjanus fulviflamma",35,28,"InvMob","BtPlDw","Otolth",261,71.62028057,34.81538995,57.51369992,91.93365749,146.104661,0.780988868,0.530992359,0.674076245,0.91973983,1.375374329,17.57189983,16.18752426,17.09729065,18.08481108,19.02374157,0.309799994,0.164221379,0.251278572,0.382399628,0.597271306,61.10095327,32.06066356,49.17603437,74.74257674,107.8888356,0.532793275,0.294513737,0.430474931,0.646981507,0.977782705,133.879454,20.28389347,74.11077336,233.5774764,609.8756914
"Lutjanus gibbus",50,28,"InvMob","BtPlDw","Otolth",265,71.01666497,44.34020404,61.3208295,83.20325175,110.3171445,0.449001024,0.31615239,0.390650409,0.52795245,0.734297161,18.57607872,17.21485437,18.18462467,18.96715137,19.76229519,0.159626894,0.109794894,0.140617338,0.179265793,0.221053077,27.94521024,17.22395322,23.90216911,32.33659727,42.40979768,0.368823934,0.236159453,0.317430837,0.436265987,0.595013102,252.4409693,47.73552322,147.9298321,395.0253757,924.1390746
"Lutjanus kasmira",40,28,"InvMob","BtPlDw","Otolth",156,64.78584392,45.93447662,57.7621699,71.73039722,87.0160995,0.548631349,0.417250656,0.488113484,0.632568989,0.87815272,18.56846625,17.23763946,18.18868868,18.96411167,19.80682435,0.15110426,0.115224666,0.137580755,0.165268662,0.193295711,31.01979846,21.60052164,27.58769406,35.14011858,44.19636319,0.307448181,0.207738188,0.267745477,0.357563181,0.480488104,233.1614297,45.35123911,144.1050536,356.2945619,686.3021365
"Lutjanus monostigma",60,28,"FisCep","BtPlDw","Otolth",166,66.68049492,30.58897898,53.17747126,87.19181435,142.2222898,0.547970044,0.359337637,0.464302834,0.644999405,0.968916218,17.35557819,15.98632479,16.89043486,17.87534645,18.87778764,0.304283997,0.154930527,0.245730894,0.379132325,0.618079295,29.06261375,14.94378974,23.20740551,35.51480081,54.73297362,0.408976288,0.222283307,0.32827323,0.505279494,0.767453258,375.8617992,56.18155467,197.3058644,650.9982849,1967.551284
"Lutjanus rivulatus",80,28,"FisCep","BtPlAs","Otolth",173,82.25147897,58.6844509,73.76130724,91.96886573,113.3471569,0.444461159,0.335488756,0.398285893,0.51192703,0.70415582,18.95227805,17.57200267,18.53021074,19.30653751,20.13994534,0.140753343,0.105695867,0.127269637,0.154798358,0.181557045,22.83771185,15.57662806,20.23046556,25.60589702,32.51520442,0.27929562,0.189090616,0.244186495,0.324702755,0.434373312,135.5471455,25.72995283,83.51679409,203.0868501,397.8217916
"Macolor niger",75,28,"FisCep","PelgAs","Otolth",187,43.49951757,26.8071902,36.81018144,52.40544519,76.90718356,0.939774875,0.655287196,0.826910842,1.071179908,1.317865107,19.43593351,17.61653681,18.85540396,20.0410592,20.94946295,0.14035612,0.097225039,0.124287752,0.156509416,0.205966547,29.80958039,18.22392912,25.50419661,35.43343491,50.51422952,0.457366214,0.258547071,0.383463046,0.529588141,0.719173598,67.40811518,24.26555153,48.13177093,93.55760007,189.6504251
"Macropharyngodon bipartitus",13,28,"InvMob","BnthAs","Otolth",7801,14.71862373,6.287947895,10.82867758,19.70836727,30.5445833,1.434771312,0.904978534,1.211002776,1.774036075,2.81474284,19.50244406,16.90068396,18.65662982,20.12200338,21.4846993,0.254825416,0.14607314,0.218116006,0.310412044,0.460006691,67.70719391,30.31851854,50.26175539,84.67693428,123.129112,1.105500714,0.600011117,0.883461899,1.35667556,2.044385567,75.27544805,20.53335588,50.20798323,117.6717698,298.7024125
"Monotaxis grandoculis",60,28,"InvMob","BtPlDw","Otolth",1869,78.53456252,39.83065432,62.74614627,95.40771857,141.5435158,0.455635566,0.336142398,0.414768707,0.50717214,0.684597012,19.75624914,17.79754121,19.09920249,20.46690684,21.56786353,0.064845197,0.036310238,0.052343609,0.078668589,0.1111283,14.77757659,6.9144114,11.0245365,19.71111472,32.83074723,0.14334513,0.082444803,0.116480179,0.17762143,0.295135958,50.4613464,14.34867823,33.51335172,71.02156371,136.1622599
"Mulloidichthys flavolineatus",43,28,"InvMob","BtPlDw","Otolth",5983,37.1713827,22.55991467,32.17135737,45.0747952,67.07465118,1.035079359,0.587839295,0.882509535,1.195928287,1.445709803,18.9905721,17.28011228,18.45248388,19.48566713,20.54050135,0.15888228,0.108116524,0.140218617,0.18180327,0.261361359,42.27078262,25.47282636,36.45312638,51.29946408,72.88381169,0.499184008,0.271100157,0.412564681,0.585413419,0.771959694,85.41922624,30.15276635,60.37828425,122.2087008,285.4000204
"Naso elegans",50,28,"HerMac","BnthAs","Otolth",60074,35.8332785,16.74860907,27.22578394,44.67984275,84.08467574,1.241045653,0.761259204,1.070864599,1.439630335,1.932950769,18.51957588,17.37999078,18.0908302,18.86576729,19.59893386,0.106901624,0.067060711,0.091657191,0.124593394,0.174578419,32.84978744,17.98508796,27.13298358,39.47007978,62.44525046,0.580539919,0.328036199,0.481266862,0.696886014,1.013093549,26.45088773,5.917210696,16.47779455,43.51062726,103.2674618
"Neoglyphidodon melas",18,28,"Omnivr","BtPlDw","Otolth",5707,27.29340827,14.4583923,22.22299228,32.42864367,48.98355,1.336750892,0.920819377,1.185058584,1.514373409,1.911584204,18.86356968,17.81386839,18.50765137,19.19591747,19.79659388,0.147364212,0.095165538,0.127160509,0.172713947,0.222472118,66.94406341,40.48521765,56.2606727,79.56719148,109.946501,0.644636208,0.410354295,0.549326236,0.756377056,1.013479719,88.8568598,27.61529346,58.61878666,132.2273308,260.42292
"Novaculichthys taeniourus",30,28,"InvMob","BtPlAs","Otolth",5610,35.11006239,21.1840353,29.95300036,40.84449876,57.67372259,1.510651349,1.087986716,1.336341104,1.749614971,2.613416443,18.84746489,16.06230955,17.98938831,19.51695045,20.77103052,0.141315357,0.095667051,0.125832738,0.158040297,0.204279609,50.28262472,32.04371289,43.58094423,60.20156622,81.87338338,0.624097915,0.346203647,0.532284062,0.731140174,1.030462448,88.35303938,31.21677586,62.21163366,126.0435707,285.5163214
"Oxycheilinus digramma",50,28,"FisCep","BtPlDw","Otolth",5599,33.13546282,10.56916666,22.18607364,48.50624166,112.0919671,2.432632387,1.0888333,1.845797246,3.056152965,4.851680164,17.76134863,15.00196603,16.94360033,18.38084584,19.82743581,0.298991568,0.1204412,0.218727071,0.397041429,0.688806045,49.72597009,16.69620614,34.72357723,67.10415272,150.6228855,0.760301605,0.298945371,0.569332964,1.04261919,2.004361773,141.6287496,37.91458256,92.91825787,217.9210699,518.8611058
"Oxymonacanthus longirostris",12,28,"InvSes","BnthDw","Otolth",6559,28.040267,12.14514105,21.58398818,35.38716275,59.32867498,1.608333612,0.939914336,1.337951188,1.837322303,2.481740577,18.4528177,16.15017776,17.68181872,19.05677661,20.53886998,0.128066396,0.061186514,0.101186774,0.166858184,0.280374121,101.7570464,39.29167253,75.80059888,134.6419631,238.9038093,0.848789366,0.443651349,0.683224193,1.072464243,1.759980839,76.83600872,22.50466071,50.56981198,120.1248897,252.9059811
"Paracanthurus hepatus",31,28,"Plktiv","BtPlDw","Otolth",6017,30.438804,14.97269503,23.90644152,37.69023585,60.22380149,1.00913658,0.63934698,0.854489299,1.158304979,1.564322429,18.84752025,17.79262565,18.47151649,19.170417,19.78425144,0.148920858,0.092738556,0.127280217,0.175912029,0.239461955,45.64406712,25.06266231,38.0755006,54.80789489,82.94685917,0.679834916,0.388580908,0.561706469,0.80842122,1.11023498,75.19349635,25.8216014,50.95345374,110.2142904,219.773221
"Parupeneus barberinus",60,28,"InvMob","BnthDw","Otolth",5987,65.8817092,32.78959864,51.66800071,85.115047,148.6474469,0.471862862,0.299735193,0.395773146,0.576938911,0.976613373,17.96254026,14.73594969,16.8444081,19.03299227,21.06188773,0.105284831,0.063008259,0.086959466,0.130661096,0.19271484,22.89788406,11.66720788,18.08641538,29.81482376,58.21630695,0.264421237,0.137658076,0.211233171,0.339236764,0.576228312,203.9937861,24.56423228,113.0439283,352.4882045,826.7392103
"Parupeneus ciliatus",38,28,"InvMob","BnthDw","Otolth",5989,60.05945303,29.89385334,46.89583364,78.84529157,136.1561894,0.527797633,0.33500854,0.443618862,0.6493166,1.100590992,17.98087327,14.77644386,16.86717598,19.03395396,21.05130922,0.116710462,0.069461926,0.096371864,0.14497644,0.213242442,33.91470585,17.55629244,26.71775902,43.49670031,84.79178,0.310586047,0.160287093,0.248067074,0.398630401,0.676514594,229.6029503,29.70391613,125.5535854,396.1095753,914.3150144
"Parupeneus cyclostomus",50,28,"FisCep","BnthDw","Otolth",5990,59.55004805,27.8084339,46.34634751,80.11295277,146.6291131,0.395893009,0.228443723,0.319589092,0.498793107,0.830026549,18.06060596,14.72080886,16.94409774,19.09549443,21.15005116,0.128674811,0.072648758,0.106066401,0.162038326,0.247003916,25.58992282,12.75123356,19.81403774,33.51994257,66.51860785,0.305255558,0.151762404,0.245126455,0.393632049,0.69199524,431.2344492,64.71269708,230.5290036,756.1939894,1954.34027
"Parupeneus macronemus",40,28,"InvMob","BnthDw","Otolth",7878,61.0629124,30.74326111,47.71138546,80.14405843,138.6535578,0.520798777,0.331207554,0.438261836,0.640468351,1.080016502,18.00081876,14.789787,16.88895633,19.04991367,21.07674644,0.115874028,0.068967149,0.09557527,0.143633312,0.211695871,32.88265612,17.08697045,26.00005771,42.25031511,82.54902901,0.307970803,0.159114065,0.245981719,0.394734,0.668873174,220.5159777,28.39028247,120.5879102,380.8682569,869.719288
"Parupeneus rubescens",43,28,"InvMob","BnthDw","Otolth",6373,62.04940147,31.32987888,48.52844136,81.24536611,140.6369791,0.509893751,0.324646894,0.429517379,0.62752646,1.05926721,18.01132978,14.80013897,16.90012762,19.05977686,21.09117282,0.114391453,0.067841965,0.094336205,0.141622369,0.208792034,31.15904137,16.20839185,24.69022867,40.1400215,78.32265574,0.301204645,0.15596853,0.241007726,0.386199033,0.65351912,213.704013,27.08728454,117.7204356,368.6678575,851.0747455
"Parupeneus trifasciatus",35,28,"InvMob","BnthDw","Otolth",5988,59.45280138,29.53587424,46.27439279,78.04525028,135.5253949,0.539331398,0.342249422,0.45490242,0.664764888,1.13466253,17.98330068,14.77807015,16.86798257,19.03558238,21.0773943,0.118471276,0.070405032,0.098027505,0.147959641,0.217346055,36.53540587,18.87871183,28.90337329,46.78195021,91.19058568,0.321812992,0.164531531,0.256941305,0.412510931,0.697423605,230.2908649,30.05646525,125.6460099,398.3736003,911.0179963
"Plectorhinchus gibbosus",75,28,"InvMob","BtPlAs","Otolth",6366,36.73006286,15.02213427,28.78136257,50.84151985,110.0708376,1.12984043,0.638152709,0.975269983,1.335390412,1.849823215,18.10250557,16.17318862,17.45578675,18.68854212,20.1044425,0.22976379,0.101576857,0.177239714,0.291284964,0.473887652,33.50414805,15.54403802,26.57823048,42.61794774,74.57541092,0.56361866,0.284104462,0.442591392,0.710717015,1.155405812,54.51118871,13.79348935,34.00954705,85.52546298,201.0840484
"Plectorhinchus schotaf",80,28,"InvMob","BtPlAs","Otolth",7706,39.54198184,18.36388497,31.00602596,53.11541631,98.98302219,1.223591169,0.741121943,1.058335465,1.45523026,1.960678852,18.32968926,16.41741934,17.68257642,18.88176782,20.26526254,0.242663039,0.118190402,0.194309682,0.302111808,0.491188262,31.67718586,16.15868531,25.47148585,39.6536013,65.8916063,0.548869826,0.294044519,0.44299198,0.671904087,1.027590523,81.00142083,23.26258808,54.12634268,119.3839506,252.5270212
"Plectorhinchus vittatus",81,28,"InvMob","BtPlDw","Otolth",25706,40.04448557,23.99763327,34.4042411,49.1485399,76.00118458,0.982691271,0.605267937,0.846240195,1.11695806,1.374527746,19.49896469,17.66464786,18.87573551,20.14386593,21.32813709,0.128875443,0.072518035,0.110863762,0.145074436,0.194093084,26.2298884,15.7495601,21.96348412,31.89591364,46.53279944,0.444622435,0.268104087,0.375429936,0.522072688,0.731306455,71.69419477,26.15683632,52.4401783,99.02045516,179.2120771
"Plectroglyphidodon dickii",11,28,"Omnivr","BnthDw","Otolth",5709,23.079015,11.20202856,18.47800661,28.03372053,44.27219185,1.460080727,0.98943647,1.279294916,1.682349037,2.153022427,18.85057038,17.74471899,18.4847742,19.19448383,19.84083288,0.167886742,0.098860893,0.140692267,0.200445302,0.271411429,92.48897506,52.53395913,76.08165973,112.4672361,158.0639635,0.684436295,0.420694634,0.579974758,0.818124231,1.120196154,141.5520779,41.64203926,92.92965336,211.3426022,420.6112071
"Plectroglyphidodon johnstonianus",14,28,"Omnivr","BnthDw","Otolth",5711,26.06177031,13.51147283,20.90648015,31.03608857,47.35811021,1.428335471,0.984496047,1.265759043,1.630997976,2.073730307,18.83343002,17.77949802,18.48809484,19.17186553,19.77426093,0.154743235,0.097221938,0.132210379,0.182485643,0.239726598,82.39255252,48.36396349,68.47094477,97.8419967,135.25323,0.701302532,0.442260096,0.59773471,0.828702968,1.115442215,93.92557649,28.82380762,62.18505015,139.7581359,276.9241781
"Plectroglyphidodon lacrymatus",10,28,"Omnivr","BnthDw","Otolth",5712,26.37361201,12.5147034,20.3060075,32.60612819,47.5670519,1.834847968,1.226517933,1.611972531,2.135316381,2.769846794,18.28917978,17.18217436,17.91351234,18.62597807,19.32240003,0.138247815,0.083387325,0.116206657,0.161520835,0.223808177,96.64414215,56.7841097,81.10777283,115.0333308,164.1081187,0.897362059,0.540193645,0.756550807,1.078522326,1.481689426,58.25872191,15.03328943,37.12438479,92.85560279,206.3183777
"Pomacanthus imperator",50,28,"InvSes","BtPlDw","Otolth",6504,29.5763924,13.55235546,22.52756091,35.27518486,56.12309844,1.172446934,0.737982386,0.999908415,1.349746676,1.806161802,18.40579958,17.22030632,17.97021613,18.77599444,19.55097209,0.110580883,0.066704814,0.093061081,0.128990713,0.177258541,25.53748727,13.95670888,20.0039608,31.44819259,49.07488456,0.434660239,0.245588888,0.358385437,0.520484631,0.755117122,97.97148238,20.24231923,58.28596902,161.9243823,417.5734374
"Pomacanthus semicirculatus",49,28,"Omnivr","BtPlAs","Otolth",5663,31.66680981,15.52796205,24.75114817,37.46883057,56.56438148,1.172578575,0.773150421,1.02610443,1.338073696,1.757759048,18.53920363,17.41579663,18.11746789,18.88727639,19.59688074,0.112706609,0.070584978,0.096596325,0.129627602,0.17167299,29.27872093,17.10458693,23.76373539,35.23168963,52.88056477,0.480125246,0.287983793,0.402752593,0.567918708,0.801346037,71.95719366,16.64122774,44.35183902,113.9173355,268.0116998
"Pomacentrus trilineatus",10,28,"HerDet","BtPlDw","Otolth",12505,25.69334161,12.82491841,20.22306312,31.40457984,44.63731068,1.74372316,1.17813283,1.537527393,2.013982726,2.579618168,18.45608793,17.37853543,18.10319713,18.78803111,19.43787182,0.146331182,0.090740596,0.1240192,0.171764636,0.233365851,99.91522601,59.18936836,83.73411377,118.9563851,166.275357,0.859698516,0.529248793,0.729878722,1.025343816,1.379295048,69.81165208,20.36635088,45.61021297,108.5769357,226.7419519
"Scarus caudofasciatus",50,28,"HerDet","BtPlDw","Otolth",7908,20.79724194,13.6049162,17.86306077,23.62991077,32.1410238,2.156133141,1.613149895,1.934465876,2.367596311,2.862463807,18.75167222,16.74947704,18.05416136,19.41993579,20.65427005,0.089165535,0.062536266,0.079033646,0.099743945,0.12690324,33.19265796,22.42513318,28.93285979,38.43849456,52.3054545,0.741518642,0.518224115,0.656745386,0.83725507,1.066477664,22.89705707,6.198993627,15.32653399,34.28988828,78.38543725
"Scarus falcipinnis",60,28,"HerDet","BtPlDw","Otolth",7911,21.65814486,14.09807693,18.69591919,24.77873603,33.8163693,2.046386684,1.528731787,1.840535382,2.256091968,2.726994116,18.78460358,16.77749473,18.09223413,19.45195861,20.69726782,0.086156489,0.060263346,0.076380252,0.096767761,0.122971585,29.05717168,19.60684714,25.18734259,33.79336702,46.10675469,0.703826116,0.491053526,0.624227231,0.796150336,1.019285372,21.27419806,5.790992916,14.19259209,32.08339775,74.14037625
"Scarus frenatus",47,28,"HerDet","BtPlDw","Otolth",5546,22.0875828,14.59837062,19.16627425,25.30260634,34.09777935,2.200460438,1.670804672,2.005038446,2.403149929,2.920706481,18.86649697,16.84587219,18.20283226,19.56222466,20.76132354,0.091783902,0.064602721,0.081586533,0.102745213,0.130010919,40.6579417,27.02174431,35.40590095,46.23056358,62.8218346,0.847073801,0.590509078,0.744285471,0.948737785,1.206958695,17.02966105,4.666550116,11.1657366,25.58912635,59.88912606
"Scarus ghobban",75,28,"HerDet","BtPlDw","Otolth",5548,21.33001908,10.52079765,17.35793368,27.5029338,44.84651945,2.486573723,1.75088319,2.190905056,2.902722374,3.814233385,17.63470441,15.63745334,16.86284027,18.33430388,19.58095204,0.156955447,0.084533875,0.1323855,0.200182071,0.319099713,31.9051057,17.55890681,25.47677748,38.73403984,60.71920822,0.83479636,0.487114915,0.689191621,1.001367746,1.405481745,23.74013112,5.839797816,14.57210799,38.8982437,107.7212439
"Scarus globiceps",45,28,"HerDet","BtPlDw","Otolth",4970,21.37088949,12.18224502,17.11689739,26.720286,39.82661429,2.372300447,1.634676881,2.081634613,2.642477609,3.325138468,18.2948242,16.31700754,17.57630433,18.93360191,20.18105833,0.067061882,0.040672223,0.056345721,0.077318125,0.106219318,41.58435892,25.00598253,34.55858637,49.93010383,70.76936692,0.723922922,0.461912486,0.617714179,0.837507881,1.133345881,21.49548751,5.067085215,13.87769812,33.88186896,86.11193929
"Scarus niger",40,28,"HerDet","BtPlDw","Otolth",5550,20.97460854,13.82179357,18.19153025,23.91235555,32.533546,2.301585589,1.740984565,2.086982666,2.509864301,3.054072892,18.81575189,16.81319923,18.13912912,19.50540325,20.69888412,0.094283622,0.065949249,0.083547411,0.105579998,0.133830478,44.28273597,29.43536806,38.64460385,50.495451,68.10383796,0.867353781,0.604090634,0.764129432,0.970196295,1.241023684,19.39043393,5.396811674,12.69617129,28.89607659,66.17733208
"Scarus prasiognathos",70,28,"HerDet","BtPlDw","Otolth",4971,23.51903759,13.37079497,18.71963645,29.62706036,44.59669271,2.096988255,1.43607294,1.844152382,2.343591917,2.969147854,18.34806546,16.35248776,17.64600798,19.00222403,20.23849012,0.061665451,0.037350597,0.051583516,0.071624639,0.098749658,29.59179789,17.48582158,24.53683944,35.83754469,51.60149066,0.62747424,0.397015721,0.534582632,0.729745866,0.99400779,18.85435422,4.326782085,12.05486159,29.99697085,76.99731016
"Scarus psittacus",34,28,"HerDet","BtPlDw","Otolth",5553,22.03893615,14.0685462,18.8563276,25.59751902,35.78938497,2.417501671,1.780815913,2.199462532,2.649701634,3.298809047,18.95825089,16.90883118,18.28596903,19.66863544,20.81641889,0.099302937,0.067050663,0.087048023,0.112500989,0.145174023,60.65015352,37.07118577,50.89358944,69.02243383,94.26848641,1.03394465,0.692311105,0.903488215,1.183054994,1.531823824,13.91711383,3.675513871,8.787334197,21.63010757,52.06783758
"Scarus rubroviolaceus",70,28,"HerDet","BtPlDw","Otolth",5555,24.34304887,16.19942816,21.00029151,28.29806298,37.62564234,1.972299638,1.479093947,1.805929963,2.161394059,2.609090006,18.95762563,16.90743062,18.30739445,19.64007178,20.84568511,0.085469425,0.060136754,0.076105317,0.096192497,0.122137361,31.17724457,20.63631943,26.90303811,35.52918724,48.67186217,0.765700465,0.53271424,0.674976164,0.861627795,1.096122136,13.86193123,3.808026616,9.146199772,21.11155702,49.56985017
"Scarus scaber",37,28,"HerDet","BtPlDw","Otolth",7913,20.73128193,13.72881202,17.99192277,23.67579632,32.31941269,2.349978442,1.775914361,2.134448699,2.565901282,3.133340401,18.81624064,16.81016935,18.13325958,19.51286116,20.69299494,0.095910287,0.066939758,0.084825752,0.10735703,0.136647923,47.84884404,31.37290643,41.61680125,54.29013505,73.82499485,0.897406591,0.627412082,0.790553487,1.007533299,1.288118865,19.26737382,5.305553419,12.55005781,28.75273384,66.82888587
"Scarus tricolor",37,28,"HerDet","BtPlDw","Otolth",6438,17.71310344,11.18956642,15.19573415,20.34831623,28.24040718,2.562696689,1.919470771,2.284008727,2.810135064,3.419824994,18.62716002,16.67799735,17.90875205,19.31594947,20.51112551,0.099854465,0.068492926,0.0877521,0.111961645,0.144996489,51.80947722,34.2052304,45.26103496,59.67329723,82.51473542,0.881122496,0.614485995,0.775484823,0.994322363,1.28089001,30.274658,8.414819609,20.24224548,44.79829259,103.2841161
"Scarus viridifucatus",45,28,"HerDet","BtPlDw","Otolth",7914,20.47526679,13.38352718,17.61371595,23.30145454,31.69100309,2.221163605,1.661553224,1.991187813,2.432669129,2.952766637,18.74391789,16.75639799,18.0492909,19.42991532,20.63857485,0.091042958,0.063733106,0.080770724,0.10188248,0.129441956,36.56541714,24.55853957,31.86627505,42.10514543,57.6389053,0.775710964,0.543488555,0.685208947,0.872635847,1.111101033,22.9477753,6.247644261,15.35508813,34.15611618,77.86886718
"Scolopsis frenata",26,28,"InvMob","BtPlAs","Otolth",5887,35.14987815,20.94094652,29.61009298,43.11377535,63.36370669,1.384484902,0.921424808,1.180186591,1.57396075,2.001254387,19.11926304,17.207153,18.49642052,19.68808119,20.75816732,0.153745462,0.093409338,0.134130861,0.17277329,0.25434391,68.67190844,39.74870913,56.5761456,79.90760438,120.2541472,0.710397639,0.427586906,0.605764187,0.836347463,1.2637198,56.17292256,15.47090294,37.64916209,79.55498153,161.9675168
"Siganus argenteus",40,28,"HerMac","BtPlDw","Otolth",4614,25.0981551,11.0987318,18.66326455,32.84413623,49.33998523,1.47540202,0.666152809,1.093629621,1.883918274,2.752689675,19.34228425,18.10653749,18.90212225,19.70938271,20.50387613,0.130314827,0.074776771,0.109023179,0.162244924,0.244941492,39.80381174,19.3778133,31.44906589,49.02469218,82.50647317,0.737858994,0.381741929,0.590079936,0.943183632,1.623320666,18.07097148,4.980250924,11.78148025,27.17146153,63.22589132
"Siganus puelloides",31,28,"Omnivr","BnthDw","Otolth",4619,19.71929515,7.576467278,13.98591904,28.57376605,43.95447273,1.257494706,0.548013648,0.924585616,1.67537871,2.48628959,19.25199061,17.90500936,18.73517815,19.73311906,20.58188181,0.141312518,0.072638098,0.114172557,0.172967124,0.276094711,43.6851403,19.38124093,34.53166972,56.47373922,101.9392731,0.683501876,0.314375212,0.517844202,0.8833359,1.521373965,24.68066032,6.785411512,15.9519572,37.79198799,80.4829641
"Siganus stellatus",40,28,"HerDet","BnthDw","Otolth",4622,20.9024701,8.046709138,14.7901949,30.04449729,46.27778066,1.170001363,0.510427494,0.863952165,1.564090335,2.297333715,19.28744486,17.92243777,18.76683932,19.7748788,20.59316656,0.135182797,0.069677176,0.108538537,0.164329648,0.259418737,35.68705544,15.92810418,28.36190306,46.4556573,83.32369596,0.628728989,0.286553541,0.477734459,0.809898523,1.403011234,22.88086494,6.198131232,14.78414921,35.11864137,74.33197434
"Siganus sutor",50,28,"HerMac","BnthDw","Otolth",4615,23.56250788,8.899988077,16.64583846,32.79625043,54.73087702,1.73327752,0.797855827,1.329940703,2.344787671,3.566370754,18.17249218,16.93423908,17.78844986,18.64542315,19.45683747,0.257969302,0.119330145,0.196760975,0.351314684,0.610212212,45.30333878,18.93739189,33.21336583,57.12880355,100.9756798,0.829245092,0.376966142,0.648944454,1.086642964,1.983987487,27.71340589,7.640837588,17.4183162,43.56759414,111.5470146
"Stegastes nigricans",14,28,"Omnivr","BnthDw","Otolth",4352,31.92132442,15.54329562,25.04900105,39.40342217,59.55813502,1.708782765,1.14967367,1.502538673,1.946287398,2.520368208,18.54955837,17.45582517,18.17436123,18.90686276,19.5648594,0.133949153,0.08245192,0.113664252,0.155671999,0.209851557,95.75775635,54.55144379,79.17725087,113.6530887,161.3050361,0.964794231,0.582062372,0.809610759,1.159645726,1.590746748,31.15203532,7.902212826,19.76178428,49.60499716,117.6045066
"Stethojulis albovittata",14,28,"InvMob","BnthDw","Otolth",8025,32.63234454,17.57858676,27.6269028,39.65118453,58.11007427,1.825029927,1.202585797,1.597288119,2.105729559,3.170737311,19.06889437,16.26819469,18.18740865,19.76374031,21.01074509,0.176527769,0.106559097,0.151429919,0.202114538,0.281085973,119.729215,64.12512469,97.11321819,142.5276965,193.4259894,0.909722132,0.514488403,0.755749108,1.083837875,1.548275417,78.42847294,27.25180097,54.21985742,114.179464,265.9630174
"Sufflamen chrysopterum",30,28,"InvMob","BnthDw","Otolth",5842,32.93297592,16.96611726,27.30994925,40.28039505,65.72284572,1.161245009,0.765637167,1.014352923,1.312884045,1.709856044,18.63926186,16.54535524,17.97113187,19.29880825,20.65237215,0.12075008,0.066497339,0.096735527,0.155914891,0.252267133,55.30125734,23.95323216,41.84689803,71.29236356,124.3420157,0.627527021,0.371586773,0.521457294,0.767584808,1.171133352,56.53956175,16.87962058,36.59779108,86.27877327,178.9953262
"Thalassoma hardwicke",20,28,"InvMob","BnthDw","Otolth",5643,36.20676741,20.45938511,31.26519595,43.50938262,62.43699496,1.676486111,1.13620087,1.48606014,1.92613817,2.912579542,19.11950291,16.31719583,18.24911434,19.816987,21.03234465,0.163469305,0.103350843,0.142653645,0.183989733,0.250077766,93.6465621,52.81839484,77.14830784,110.970186,147.1693892,0.848461866,0.478886655,0.708870485,1.000799563,1.39727568,61.64672276,21.79597124,42.75029081,88.33017799,205.3492587
"Thalassoma hebraicum",23,28,"InvMob","BnthDw","Otolth",8019,32.99914856,19.12439894,27.76572132,38.52065498,54.21345911,1.588113455,1.124141548,1.393587483,1.834577671,2.753045415,18.90088673,16.13570985,18.03703063,19.57181103,20.82704093,0.153729677,0.100648858,0.135663529,0.172109264,0.225572241,63.1514626,39.22389273,54.64101517,75.781244,100.9549516,0.666770155,0.372423843,0.566975013,0.780114733,1.106481727,103.212252,37.49325892,73.74039652,147.6050145,327.4440824
"Thalassoma lunare",25,28,"InvMob","BnthDw","Otolth",5645,18.96263355,9.262199152,14.55345609,24.00182859,35.65060628,1.024070415,0.665535169,0.870548581,1.248501009,1.943892984,19.64055015,17.00589476,18.80974584,20.31242585,21.60463067,0.202113267,0.126508012,0.177787651,0.236537722,0.331177393,24.78649544,12.98137189,19.9957492,30.50541891,45.06394701,0.733218876,0.410851501,0.594728135,0.880833299,1.295076692,55.30908793,16.34137343,36.9438124,82.65388182,203.5951767
"Zanclus cornutus",23,28,"InvSes","BnthDw","Otolth",5950,15.29647857,6.873923356,11.67444066,20.32983327,31.58694244,1.090566195,0.697068542,0.931145307,1.29328045,1.779007401,19.22877886,18.09106904,18.86320369,19.57265245,20.29989322,0.186684584,0.111893879,0.158649628,0.22202898,0.316727802,35.79654125,18.57983624,28.74486631,43.33808188,66.31111653,0.936332767,0.513375948,0.769942953,1.164182476,1.644994778,30.77989558,7.303757723,18.21229301,50.51322816,128.1977181
"Zebrasoma desjardinii",40,28,"HerDet","BtPlDw","Otolth",58791,13.07611962,4.126905304,8.991549934,17.8036998,36.02102673,1.722249599,0.790259995,1.401070039,2.054737414,3.080627973,18.55832071,17.42960875,18.14427207,18.90351294,19.60838279,0.135695011,0.072246507,0.104365851,0.174294993,0.287299168,37.19335379,12.50578167,27.23250149,54.22720397,114.9301802,0.745152954,0.278633428,0.546678578,1.019678843,1.830960118,24.64154329,5.475198168,15.46474388,40.44515393,94.02292777
"Zebrasoma scopas",48,28,"HerDet","BtPlDw","Otolth",5951,10.35637401,2.999909774,6.967002601,15.15536927,30.79316146,1.685325349,0.766832234,1.378425886,2.013798659,3.222240503,18.18016644,16.9614238,17.72353108,18.5500622,19.3768079,0.128310678,0.064697557,0.0970465,0.168907664,0.286285299,25.6625531,8.192089962,17.70359019,38.01799922,70.40391429,0.559382782,0.208332771,0.392845674,0.771819967,1.41920698,60.03443317,11.10603024,34.49265989,102.3958796,281.1050384
