"nutrient","nutrient_lab","country","site","year","reef_type","reef_zone","management_rules","hard_coral","macroalgae","turf_algae","bare_substrate","rubble","depth","grav_nc","sediment","nutrient_load","pop_count","herbivore-detritivore","herbivore-macroalgae","invertivore-mobile","omnivore","piscivore","planktivore"
"iron.mg","Iron","Fiji","Ada01",2017,"patch","fore reef","restriction",-1.47764632354532,-0.909914446305438,-0.71289962462905,-0.62504982781056,1.33748634762075,0.146522959616336,-2.28657516488635,0.3699211166467,-0.348757326998204,-0.11930525466274,0.355398234803108,0.00668986223122274,0.0563812117767564,0.116778989998945,0.0715427915442446,0.393208909645723
"iron.mg","Iron","Fiji","Ada04",2017,"fringing","fore reef","restriction",-1.33454341114691,-0.245693926905193,0.367971891574309,-0.382239222493179,2.21483238897418,-1.43390810318288,-2.29286293278203,0.238228135769984,-0.42602639843383,0.295463167451179,0.215177620298733,0.0358992983469513,0.272584062749564,0.410780064725505,0.0593371181523935,0.00622183572685388
"iron.mg","Iron","Fiji","BUA20A",2019,"fringing","fore reef","restriction",0.323730681023579,-0.130516183645437,-0.990978387434096,-0.361600321041202,0.34633162326505,-1.02950368417249,0.419299229443732,1.28537223406913,0.852224774832738,0.248419699772356,0.452748085199648,0.00515686813225822,0.263420256845652,0.0965315999700095,0.0727774625813091,0.109365727271124
"iron.mg","Iron","Fiji","BUA25",2019,"fringing","fore reef","restriction",1.53181406594926,-0.89519247912186,-0.990978387434096,0.346192593458963,0.105974479312467,-1.3641832033535,0.392796040206067,1.23976249133597,0.872794335814829,0.0304375253826497,0.69288247532226,0.00755857707696421,0.0557426563058921,0.219526805552534,0.0100485295329581,0.014240956209392
"iron.mg","Iron","Fiji","BuC2",2019,"fringing","fore reef","restriction",-1.06799120522024,-0.620671091051616,-1.10594381233936,-0.342175472615812,-0.361150712114814,-0.146321619667048,1.17044201748135,0.522413779732543,-0.151414450652836,0.787028746553887,0.760001487858588,0.0101624904355651,0.0991229025933475,0.0353335482243672,0.0916407183558317,0.00373885253230069
"iron.mg","Iron","Fiji","BuE5",2019,"fringing","fore reef","restriction",-0.822320969343135,-0.620671091051616,0.0407626053054744,-0.62504982781056,-0.814686807064211,0.0535564265104996,1.24607672865041,0.494275206980324,-0.0378799808698174,0.758621325763295,0.5730147511443,0.00337602849828231,0.124530685219159,0.0605367587487204,0.168695994121881,0.0698457822676569
"iron.mg","Iron","Fiji","BuE6",2019,"fringing","fore reef","restriction",0.139478004115747,-0.447471477127171,-0.0899245871082045,-0.62504982781056,0.233372258792634,0.13257797965046,1.24607672865041,0.494275193809974,-0.0378799808698174,0.758621318088979,0.705308765905463,0.00505348368125361,0.102560457553542,0.123262686060038,0.0598284577006667,0.00398614909903697
"iron.mg","Iron","Fiji","DamC4",2019,"patch","back reef","restriction",2.55564477396712,-0.938492382602971,-1.13836995782546,-0.0993648672984309,-0.191287006141258,-0.271826439359928,0.419299229443732,1.28537219565852,0.852224774832738,0.24841966735595,0.52314403353339,0.00246385088506041,0.298943103295497,0.0128636077352061,0.0385323625266286,0.124053042024218
"iron.mg","Iron","Fiji","DamC8",2019,"patch","fore reef","restriction",-0.392398056558194,-0.0144724423160595,-1.13836995782546,0.38625634333633,0.883950252671357,-0.364792972465764,0.392796040206067,1.23976249480884,0.872794335814829,0.0304375274773723,0.548537922622349,0.0161179718369095,0.0865594291691605,0.0490867826713222,0.0192652963038677,0.280432597396391
"iron.mg","Iron","Fiji","DamE6",2019,"patch","fore reef","restriction",-1.55933167697446,0.33192678553283,-0.0250722961360029,-0.179492367053167,0.629154693711022,-0.657637551749149,0.440559280177957,1.20861587906167,0.566805592040047,0.298846788113644,0.367013095520791,0.00763561785914675,0.412298610199195,0.00370188949436642,0.026709256139054,0.182641530787447
"iron.mg","Iron","Fiji","DawaC2",2019,"lagoon","fore reef","restriction",-1.86641947182085,1.74610163322592,-0.25402053547726,-0.62504982781056,2.83738287136726,0.179061246203379,1.27879536609834,1.25417676530114,1.1339920343873,0.810483865657259,0.158076128582821,0.00857557950672971,0.0306528773167742,0.0103375708056503,0.0329242963542275,0.759433547433797
"iron.mg","Iron","Fiji","DawaE6",2019,"patch","fore reef","restriction",-1.35481120560677,-0.303715797569882,-0.286446680963361,0.548939448898975,3.14908277182874,-0.676230858370316,1.11136502363718,1.07481653414526,1.31521140653251,-0.518382300093559,0.327389137672097,0.0243962454516432,0.24876362200786,0.229447615244387,0.0211570015076184,0.148846378116395
"iron.mg","Iron","Fiji","KB05",2016,"barrier","fore reef","no-take",-0.106192231761362,-0.79387070497606,-0.777751915601251,2.53148804131539,0.20449542877713,-0.318309705912846,0.456362001644624,-1.57485757812517,-0.475994898247829,-1.89386427217417,0.561509971262851,0.0116740148184821,0.110118888130638,0.0489654171732774,0.0513010462338492,0.216430662380903
"iron.mg","Iron","Fiji","KB09",2019,"barrier","fore reef","restriction",0.406030210042411,-0.577371187570504,-0.303151058941049,-0.564347176481215,-0.672850612576291,-0.0719483931823793,0.350915126897757,0.294872780412803,-0.466326886973489,-0.907295500332623,0.414810512600132,0.0944197517889876,0.162758161998442,0.252034041843554,0.0520779178016416,0.0238996139672418
"iron.mg","Iron","Fiji","KB17",2019,"fringing","fore reef","restriction",0.323730681023579,-0.462193444310749,0.00833645981937363,-0.50364452515187,-0.658412197568539,0.0907430397528342,0.340037818795175,0.144206485932628,-0.471937654524621,-0.907295523008416,0.284270582952549,0.0492736054238146,0.179429651810168,0.148816156963325,0.0687422066700109,0.269467796180132
"iron.mg","Iron","Fiji","KD3",2017,"fringing","fore reef","restriction",-1.39596097011619,0.360504721830363,-1.13836995782546,1.27737126485112,0.601127182225385,-0.643692571783273,0.434779121000151,0.0506422160816808,-0.472887205112913,0.678539131189529,0.321391422065303,0.03130990196101,0.143671284432078,0.236539704419883,0.176249201278828,0.0908384858428982
"iron.mg","Iron","Fiji","Kan04",2017,"fringing","fore reef","restriction",-1.31366144109735,-0.447471477127171,-0.843586817042728,1.76299247548588,1.1676226416472,0.843771957910109,-2.29559144616721,0.0282700694595854,-0.437847075764272,-0.662821639948935,0.269558947311324,0.00212396454800656,0.0557335502788597,0.182176201877359,0.0714749429492172,0.418932393035234
"iron.mg","Iron","Fiji","Kan06",2017,"fringing","fore reef","restriction",0.794803358317936,-0.736714832380993,0.466232938501887,-0.260833919834489,0.233372258792634,0.550927378626724,-2.30577549799189,-1.03554995083861,-0.473923090394084,-1.00294071369232,0.132888508941255,0.081602918765068,0.0360248682159449,0.0384631632585046,0.705035883634819,0.00598465718440879
"iron.mg","Iron","Fiji","Kan07",2017,"fringing","fore reef","restriction",-0.679218056944719,-0.447471477127171,-0.319855436918737,-0.463580775274502,0.148440405805856,0.71826713821723,-2.30203901318453,-0.443063543045075,-0.465204777222328,-0.991785523765317,0.0706466286807431,0.00475672723581595,0.0855515001047375,0.331636516763486,0.159287758789453,0.348120868425765
"iron.mg","Iron","Fiji","LV08",2018,"patch","back reef","restriction",0.569400916900688,0.0721273646461628,-1.10594381233936,-0.300897669711857,0.99775893567364,-1.1410635238995,0.953541840800976,-0.0762717034850817,-0.378846097708768,-1.18522003090417,0.30808243506997,0.0186070236980432,0.0665449372441799,0.0189577617777435,0.0099440087470683,0.577863833462995
"iron.mg","Iron","Fiji","LV12",2018,"fringing","fore reef","restriction",0.65170044591952,-0.592093154754082,-0.0899245871082045,0.0220404353602594,-0.842714318549848,0.0535564265104996,0.985252740490598,-0.50797823246709,-0.432238523408569,-1.51151869313645,0.166672181759037,0.0229278003419516,0.052111143818661,0.014867302894847,0.48061968712678,0.262801884058723
"iron.mg","Iron","Fiji","LV13",2018,"fringing","back reef","restriction",-0.249295144159778,-0.592093154754082,-0.418116483846315,0.953219106752414,0.658031523726527,0.113984673029293,0.93759951283634,0.590290794644904,-0.251062712558343,1.25130805849394,0.408326606495081,0.0593560276369096,0.251817299616786,0.262739191343484,0.0133939682369467,0.00436690667079232
"iron.mg","Iron","Fiji","LV17",2018,"patch","fore reef","restriction",-1.23197608766821,-0.880470511938283,-1.10594381233936,2.28867743599801,3.37585081930344,0.0535564265104996,1.17044201748135,0.52241376720845,-0.151414450652836,0.787028742727131,0.101343150250935,0.00118336667234877,0.143299284056235,0.00205585564088503,0.0374050955461158,0.714713247833481
"iron.mg","Iron","Fiji","MAP01",2019,"fringing","fore reef","restriction",-0.054601482227169,0.187305107905918,-0.630360345209884,-0.463580775274502,0.658031523726527,-0.20210153953055,0.30614686850957,0.525451673823236,-0.469002746011307,0.0555009358476091,0.26428885190096,0.0703407876232909,0.153742889629253,0.155188649797844,0.0390325623750813,0.317406258673571
"iron.mg","Iron","Fiji","MD4",2017,"fringing","fore reef","restriction",-1.02745561630052,-0.360871670164949,0.957538173139778,0.184723540922904,-0.502986906602734,1.0761882906747,0.457214974943222,-0.658477993182417,-0.475390615820849,-0.347710017158311,0.216959128045278,0.0666547490492554,0.213764817973264,0.16935404541061,0.109566014799342,0.22370124472225
"iron.mg","Iron","Fiji","N19",2016,"barrier","fore reef","no-take",-0.187877585190501,0.302482851165674,-1.10594381233936,0.224787290800272,0.176467917291493,-0.318309705912846,0.470238772694363,-1.53891773628651,-0.47513163893274,-1.89386433263683,0.62460705423197,0.0226631147407039,0.0123174883453275,0.0132268898754203,0.0480217605709131,0.279163692235665
"iron.mg","Iron","Fiji","NA05",2018,"fringing","fore reef","restriction",-0.00362490828266891,0.0721273646461628,-0.221594389991159,-0.50364452515187,-0.559891248103876,0.425422558933845,1.09120136304895,0.247203747176333,-0.326779323923899,1.14197512031817,0.256944418390763,0.052774942077267,0.422619735680555,0.156490221759147,0.106888222064671,0.00428246002759745
"iron.mg","Iron","Fiji","NA07",2018,"fringing","fore reef","restriction",-0.310712703129055,-0.938492382602971,-1.13836995782546,3.86694637056098,1.28058200611961,0.146522959616336,1.15359033525026,0.327647569735274,-0.301533073791019,1.27610561137909,0.169567916653872,0.0615632327060948,0.159291545167386,0.0753705953339495,0.017920174185225,0.516286535953473
"iron.mg","Iron","Fiji","NAO1",2019,"fringing","fore reef","restriction",1.26587603561229,-0.851892575640749,-0.892717340506518,-0.422302972370547,-0.842714318549848,-0.262529786049344,1.15359033525026,0.327647551993696,-0.301533073791019,1.27610560030675,0.468347110407011,0.0938398749193702,0.161679970563728,0.138373925952351,0.0357205243739805,0.102038593783559
"iron.mg","Iron","Fiji","NAO6",2019,"fringing","fore reef","restriction",0.979056035225768,-0.79387070497606,-0.0899245871082045,-0.260833919834489,-0.559891248103876,-0.248584806083468,1.15359033525026,0.327647551993696,-0.301533073791019,1.27610558786933,0.610466223794925,0.0414529432979986,0.134521780183259,0.120615752134876,0.0612563174437871,0.0316869831451545
"iron.mg","Iron","Fiji","NAO7",2019,"fringing","fore reef","restriction",0.871575307029532,-0.808592672159638,-0.917282602238412,-0.382239222493179,-0.587918759589513,-0.225343172807009,1.15359033525026,0.327647569735274,-0.301533073791019,1.27610560531206,0.261257893114813,0.0896668139447359,0.187119022023059,0.206693034867288,0.0610520026081241,0.19421123344198
"iron.mg","Iron","Fiji","NAOBF2",2019,"fringing","fore reef","restriction",-0.249295144159778,-0.0439163766832151,1.02337307458126,-0.422302972370547,0.841484326177968,-0.959778784343117,0.937599390876125,0.590290772459554,-0.251062712558343,1.25130803516109,0.394830182446659,0.00334192590592522,0.273293619289327,0.163685102827811,0.02957879633372,0.135270373196558
"iron.mg","Iron","Fiji","NAOBF3",2019,"fringing","fore reef","restriction",-0.494965380036887,-0.418893540829638,-0.679490868673673,-0.321536571163834,0.275838185286024,-1.6523794559816,0.953541840800976,-0.0762716669545268,-0.378846097708768,-1.18522000374812,0.325203511960534,0.00245854029219678,0.273466700164097,0.0755198192401183,0.106884188566884,0.216467239776171
"iron.mg","Iron","Fiji","NAOBF4",2019,"fringing","fore reef","restriction",0.805244343342713,0.172583140722341,-0.597934199723783,-0.463580775274502,-0.375589127122567,-0.225343172807009,0.953541840800976,-0.0762717034850817,-0.378846097708768,-1.18522003090417,0.157211386158459,0.0473299558060733,0.124463508759876,0.0697688146348117,0.0810762691065068,0.520150065534273
"iron.mg","Iron","Fiji","NAOBT1",2019,"fringing","fore reef","restriction",-0.321153688153833,0.403804625311474,-0.892717340506518,0.0220404353602594,0.85592274118572,-1.5965995361181,0.93759951283634,0.590290816830254,-0.251062712558343,1.25130808030855,0.392878804527418,0.0207595075685294,0.160891190736998,0.134948929195567,0.0240030006531777,0.26651856731831
"iron.mg","Iron","Fiji","NAOBT2",2019,"fringing","back reef","restriction",0.467447769011688,0.72162591686283,-0.876012962528829,-0.240195018382512,-0.0783276416688423,-0.378737952431639,0.93759951283634,0.590290805737579,-0.251062712558343,1.25130806480659,0.454149990263934,0.0266381572302458,0.327419745500401,0.141596019420476,0.0397587365603236,0.0104373510246201
"iron.mg","Iron","Fiji","NC1",2017,"fringing","fore reef","restriction",-1.49791411800519,0.0721273646461628,0.466232938501887,0.913155356875046,-0.220163836156762,-0.211398192841134,0.32200919614327,0.129701341100733,-0.460284929716554,0.403283778357084,0.126539246414285,0.0584893732563354,0.0329573390467735,0.0847503472106027,0.0133307506294219,0.683932943442582
"iron.mg","Iron","Fiji","NC2",2017,"fringing","fore reef","restriction",-1.64163120599329,0.187305107905918,-0.0250722961360029,3.86694637056098,-0.842714318549848,0.0535564265104996,0.290768033224118,0.352913904698537,-0.448374880998152,0.739603627461462,0.507439138030529,0.209103436891406,0.129368994209104,0.0916540188872896,0.0550568253489189,0.00737758663275192
"iron.mg","Iron","Fiji","NF1",2017,"fringing","fore reef","restriction",-1.68216679491302,1.68807976256123,-0.941847863970307,0.953219106752414,1.19565015313283,-0.983020417619576,0.401142832697375,0.194968826985615,-0.465032146247488,0.713412469964895,0.203092770088124,0.0498408010160582,0.504587983075246,0.193642067465348,0.0420918817441144,0.00674449661110884
"iron.mg","Iron","Fiji","NF4",2017,"fringing","fore reef","restriction",-1.68216679491302,0.389082658127896,-0.679490868673673,-0.260833919834489,3.1210552603431,-2.07072885495786,0.401142832697375,0.194968826985615,-0.465032146247488,0.713412476420182,0.264995419335455,0.14180939959296,0.32578502385111,0.0647573057525299,0.161215775828873,0.0414370756390724
"iron.mg","Iron","Fiji","NP1",2019,"fringing","fore reef","restriction",0.0577926506866084,-0.476915411494327,0.269710844646731,-0.220770169957121,0.134001990798104,-0.030113453284753,0.30614686850957,0.525451673823236,-0.469002746011307,0.0555009378345503,0.508717626248335,0.129074628209421,0.156791760453517,0.114631899253435,0.0601185468432225,0.0306655389920683
"iron.mg","Iron","Fiji","NS1",2017,"fringing","fore reef","restriction",-1.25224388212808,2.87189912373481,-0.548803676259994,0.0633182382642141,-0.587918759589513,-1.49433634970168,0.9459133413852,0.742273400915083,0.276822878723349,0.675866664765934,0.210557920465348,0.261684651102316,0.427756625472362,0.0711460514602113,0.0228222028195701,0.00603254868019307
"iron.mg","Iron","Fiji","NTRFT8",2019,"fringing","fore reef","restriction",0.446565798962133,0.317204818349252,-1.13836995782546,0.0426793368122367,-0.233752932634647,-1.37347985666409,0.966597895249105,1.90116677235143,6.15114521086986,0.671160659607974,0.429005473735978,0.00347753438423037,0.0421670165728428,0.234851173259123,0.0426264944356296,0.247872307612197
"iron.mg","Iron","Fiji","NV1",2017,"fringing","fore reef","restriction",-0.863470733852551,2.41032215262616,-0.679490868673673,0.670344751557666,-0.418055053615956,-0.783142371442028,0.369548674214414,-1.60219511958333,-0.476253877725704,0.795546270096651,0.461186067705304,0.0937187217864742,0.122702838925253,0.0324271355747356,0.0395231898325569,0.250442046175677
"iron.mg","Iron","Fiji","TF3",2017,"fringing","fore reef","restriction",-1.55933167697446,2.75672138047505,-0.909421718484206,1.47890406726454,0.48816781775297,-1.71280770250039,0.290768033224118,0.352913904698537,-0.448374880998152,0.739603629106086,0.487178975479027,0.0425140004061209,0.125248477022406,0.337998546343281,0.00183771919189414,0.00522228155727084
"iron.mg","Iron","Fiji","TF4",2017,"fringing","fore reef","restriction",-1.72331655942243,2.12107879737234,0.761016079284622,2.04586683068063,-0.842714318549848,-0.550726038677437,0.290768033224118,0.352913904698537,-0.448374880998152,0.739603622997484,0.863148486048622,0.0677622294647932,0.0133855863949453,0.0339079604805859,0.0212285127418941,0.000567224869159697
"iron.mg","Iron","Fiji","TF5",2017,"fringing","fore reef","restriction",-1.58021364702402,2.00590105411259,2.5631236799364,-0.342175472615812,-0.700878124061928,-0.89005388451374,0.290768033224118,0.352913887740654,-0.448374880998152,0.739603612424905,0.580365551600806,0.0743270048772786,0.273553280319653,0.035910661116923,0.0159065777381933,0.0199369243471458
"iron.mg","Iron","Fiji","TT3",2017,"fringing","fore reef","restriction",-1.68216679491302,3.04509873765925,0.269710844646731,-0.139428617175799,0.119563575790351,-0.378737952431639,0.290768033224118,0.352913887740654,-0.448374880998152,0.739603619238345,0.438279624584373,0.0628564968787787,0.167562841004497,0.0825501769075823,0.126410090516289,0.122340770108479
"iron.mg","Iron","Fiji","V1",2017,"fringing","fore reef","restriction",-1.37507900006663,-0.736714832380993,0.794424835239999,1.19602971206979,1.28058200611961,-1.75929096905331,0.36737311571395,0.261399694251619,-0.462960601475982,0.437924918237557,0.499060204438626,0.128362140565623,0.213456094716412,0.121135234213948,0.033865040337288,0.0041212857281026
"iron.mg","Iron","Fiji","V4",2017,"fringing","fore reef","restriction",-1.02745561630052,0.764925820343941,-0.581229821746095,-0.220770169957121,1.53537756507995,-0.239288152772885,0.434224909290147,0.154443880638988,-0.474527362548504,-0.244608476533803,0.316531975444151,0.0408129222221161,0.108435756420423,0.0136931022962976,0.00567112148729633,0.514855122129716
"iron.mg","Iron","Fiji","V6",2017,"fringing","fore reef","restriction",-1.49791411800519,1.57290201930148,-0.482968774818517,-0.342175472615812,-0.0503001301832054,-0.922592171100782,0.369548674214414,-1.60219511958333,-0.476253877725704,0.795546269887836,0.258126070362119,0.0343500664938976,0.271026276766362,0.0710418639482576,0.121645291743445,0.243810430685919
"iron.mg","Iron","Fiji","VIR1",2018,"barrier","fore reef","no-take",0.375321430557772,-0.721992865197416,-1.00768276541178,0.38625634333633,0.119563575790351,0.504444112073806,0.812101249406832,-1.60219511958333,-0.454502309535205,-2.5321819504907,0.283219524905601,0.0319328035645031,0.142562476785083,0.0983800100140269,0.0636455631756905,0.380259621555096
"iron.mg","Iron","Fiji","VIR10",2018,"barrier","fore reef","restriction",-1.70304876496257,-0.0724943129807485,-1.05681328887557,-0.382239222493179,4.8901857580577,0.318511045862133,0.984241658216943,1.13059231826061,2.28874758976043,-2.87133120437848,0.170473206634276,0.0644981007685326,0.118868945651711,0.0617336407982092,0.0236415786459505,0.56078452750132
"iron.mg","Iron","Fiji","VIR11",2018,"barrier","fore reef","restriction",-1.44693754406069,-0.418893540829638,-0.909421718484206,0.750472251312401,3.38943991578132,-0.123079986390589,0.911364674564753,0.347679343832256,1.10068620896165,-2.87133120437848,0.300635872629655,0.0669799746852111,0.0598800318383931,0.054331147912487,0.143817236872203,0.374355736062051
"iron.mg","Iron","Fiji","VIR2",2018,"barrier","fore reef","no-take",0.487715563471549,0.202027075089496,-0.74532577011515,0.204148389348295,-0.573480344581761,0.323159372517425,0.812101076982521,-1.60219511958333,-0.454502309535205,-2.5321819504907,0.274713091322136,0.038595775234348,0.249570131951181,0.0182662197349557,0.204905990720429,0.213948791036951
"iron.mg","Iron","Fiji","VIR3",2018,"barrier","fore reef","no-take",0.395589225017633,0.605582175533452,-0.990978387434096,0.346192593458963,-0.432493468623708,0.346401005793884,0.812101249406832,-1.60219511958333,-0.454502309535205,-2.5321819504907,0.541662881293698,0.00599495575436109,0.174725539767718,0.0404462569975626,0.0981229607282031,0.139047405458457
"iron.mg","Iron","Fiji","VIR5",2018,"barrier","fore reef","no-take",-1.03728242573561,1.09660308100925,-0.82688243906504,0.507661645995021,0.785429303206694,0.216247859445713,0.851269798333242,-1.57743801548554,-0.329967942056737,-2.5321819504907,0.147476004573243,0.1002746364788,0.216930311805936,0.0971836172841292,0.0761619708534129,0.361973459004479
"iron.mg","Iron","Fiji","VIR6",2018,"barrier","fore reef","restriction",-1.30383463166227,0.966703370565919,-0.958552241947995,0.0220404353602594,2.75245101838048,1.36438454330279,0.984241658216943,1.13059228026732,2.28874758976043,-2.87133120437848,0.0853499114502973,0.00254568411998676,0.0597175817031742,0.0414507707394682,0.0060541224731599,0.804881929513914
"iron.mg","Iron","Fiji","VIR7",2018,"barrier","fore reef","restriction",-1.49791411800519,-0.260415894088771,-0.74532577011515,-0.281472821286466,2.65393006891582,1.10872657726174,0.938705709398932,0.508843857091831,1.099414739631,-2.87133120437848,0.0796021244232335,0.0043827392653901,0.0988990602105504,0.0164619612423665,0.199082234338061,0.601571880520398
"iron.mg","Iron","Fiji","VIR9",2018,"barrier","fore reef","no-take",-1.1398497492143,0.505126399457274,-1.08923943436167,0.750472251312401,1.9320093185282,0.225544512756297,0.886615343069692,-0.621960745964927,0.027027966957143,-2.5321819504907,0.18123147040012,0.0516480099108473,0.107412606585811,0.170103219678002,0.0681316994170342,0.421472994008185
"iron.mg","Iron","Fiji","Vatu01",2017,"lagoon","back reef","restriction",-1.15029073423908,-0.418893540829638,0.171449797719153,1.92446152802194,-0.446082565101593,-3.10730569908794,-1.2656320380213,-1.60219511958333,-0.476253877725704,-1.51790150841569,0.571082172481148,0.0541038158626121,0.254823348481509,0.00673443521354172,0.0974642861519714,0.015791941809218
"iron.mg","Iron","Fiji","Vatu02",2017,"fringing","fore reef","restriction",0.958788240765906,-0.563515218456549,-0.941847863970307,-0.50364452515187,1.62030941806673,1.54102095620388,-1.2656320380213,-1.60219511958333,-0.476253877725704,-1.51790153579065,0.246915644842907,0.387577166879204,0.169632214972203,0.0440115178096749,0.0637286760214621,0.0881347794745486
"iron.mg","Iron","Fiji","Vatu03",2017,"fringing","fore reef","restriction",0.303462886563718,1.68807976256123,-1.04010891089788,0.548939448898975,-0.729754954077433,1.06224331070882,-1.2656320380213,-1.60219511958333,-0.476253877725704,-1.51790150841569,0.454232536239912,0.0640041853831063,0.0635424889002124,0.0925356134839622,0.0825424645564616,0.243142711436346
"iron.mg","Iron","Fiji","Vatu04",2017,"fringing","fore reef","restriction",0.221777533134579,0.648882079014563,-0.974274009456407,0.507661645995021,-0.61594627107515,1.0761882906747,-1.2656320380213,-1.60219511958333,-0.476253877725704,-1.51790150841569,0.588342730359253,0.117009699594513,0.0149412330221342,0.213509520252791,0.0376316381445829,0.0285651786267252
"iron.mg","Iron","Fiji","Vatu05",2017,"fringing","fore reef","restriction",-0.658950262484858,-0.79387070497606,-1.04010891089788,2.04586683068063,-0.61594627107515,1.38762617657925,-1.2656320380213,-1.60219511958333,-0.476253877725704,-1.51790150841569,0.387214936451751,0.0562425267532085,0.167035666462426,0.251122820337486,0.0903704127512454,0.0480136372438838
"iron.mg","Iron","Fiji","Vatu06",2017,"fringing","fore reef","restriction",-0.617800497975442,-0.823314639343216,1.48225216373305,0.38625634333633,0.261399770278271,1.0761882906747,-1.2656320380213,-1.60219511958333,-0.476253877725704,-1.51790150841569,0.360837379263263,0.0772938449162587,0.109737945296603,0.427992802642149,0.0213542749337281,0.00278375294799771
"iron.mg","Iron","Fiji","WaiE2",2019,"patch","fore reef","restriction",-0.740635615913996,0.12928323724123,-0.450542629332416,0.26485104067764,0.431263476251828,-0.164914926288216,1.61230612442331,0.592050792641783,1.66261866870948,-0.20943796610613,0.683676841283743,0.00403860395804,0.0944361881132099,0.132769723494046,0.0714809254113173,0.0135977177396443
"iron.mg","Iron","Fiji","WaiE5",2019,"patch","fore reef","restriction",-1.29339364663749,0.966703370565919,0.335545746088209,-0.50364452515187,-0.106355153154479,-0.769197391476152,1.61492449334379,0.720079449935817,1.69133087722767,0.908451080686125,0.467700138561678,0.00373287529344486,0.196453870376287,0.143374300447141,0.116829249143442,0.0719095661780067
"iron.mg","Iron","Fiji","Yac02",2017,"fringing","fore reef","restriction",0.180627768625163,-0.851892575640749,-0.188185634035783,0.589003198776343,-0.0503001301832054,1.54102095620388,-2.33004398682128,-1.05720757680319,-0.476253877725704,-0.430812845139643,0.246317493037101,0.164658284009264,0.10306442012319,0.438186706183313,0.0433526597300642,0.00442043691706849
"iron.mg","Iron","Fiji","Yac03",2017,"fringing","fore reef","restriction",-1.25224388212808,-0.130516183645437,-0.974274009456407,5.93083651575872,-0.785809977048707,1.15520984381466,-2.33004398682128,-1.05720757680319,-0.476253877725704,-0.430812828526615,0.314030393722534,0.0494787096127102,0.131567355035834,0.315480265806437,0.0816787224089701,0.107764553413515
"iron.mg","Iron","Fiji","Yac04",2017,"fringing","fore reef","restriction",-0.966038057331244,1.6595018262637,-0.482968774818517,1.35749876460585,-0.644823101090654,1.12267155722762,-2.33004398682128,-1.17848010116813,-0.476253877725704,-0.449431693647912,0.251197742185022,0.033745162602057,0.136798901343355,0.380446286591674,0.00847653720822762,0.189335370069664
"iron.mg","Iron","Fiji","Yac06",2017,"fringing","fore reef","restriction",0.221777533134579,-0.360871670164949,-0.74532577011515,1.72171467258192,-0.842714318549848,0.92279351105007,-2.33004398682128,-1.06698414053681,-0.476253877725704,-0.430812831295453,0.436689229327525,0.081300256929566,0.171464134915347,0.252960175602109,0.0238864135984847,0.0336997896269685
"iron.mg","Iron","Fiji","Yac07",2017,"fringing","fore reef","restriction",0.200895563085024,0.966703370565919,0.0407626053054744,0.0220404353602594,-0.842714318549848,0.857716937875984,-2.33004398682128,-1.06698414053681,-0.476253877725704,-0.430812853446157,0.746484011149613,0.0177663417905766,0.0266701225759644,0.127460081559055,0.0191052892646087,0.0625141536601827
"iron.mg","Iron","Fiji","Yac08",2017,"fringing","fore reef","restriction",-0.679218056944719,0.418526592495052,-0.876012962528829,1.76299247548588,-0.75778246556307,0.983221757568864,-2.33004398682128,-1.06698414053681,-0.476253877725704,-0.430812875596862,0.599882862449607,0.021424585381581,0.194663611276246,0.0875538729796285,0.0626206995903052,0.0338543683226329
"iron.mg","Iron","Fiji","Yac09",2017,"fringing","fore reef","restriction",-0.0650424672519462,0.0141054939814738,-0.418116483846315,0.346192593458963,-0.785809977048707,1.60144920272268,-2.33004398682128,-1.09083010206523,-0.476253877725704,-0.449431693647912,0.610871866345307,0.0133583005862511,0.0514558985810179,0.138005347333729,0.149422140451222,0.0368864467024725
"iron.mg","Iron","Fiji","Yac13",2017,"fringing","fore reef","restriction",-0.658950262484858,-0.245693926905193,-0.0899245871082045,2.81436239651014,-0.842714318549848,1.30860462343929,-2.33004398682128,-1.06698414053681,-0.476253877725704,-0.430812856214995,0.201093595945029,0.224405780546287,0.213211175862446,0.113839183672007,0.120539731941802,0.126910532032429
"iron.mg","Iron","Fiji","Yac15",2017,"fringing","fore reef","restriction",-0.310712703129055,0.735481885976785,1.12163412150883,-0.50364452515187,-0.842714318549848,0.843771957910109,-2.33004398682128,-1.06698414053681,-0.476253877725704,-0.430812850677319,0.39393790767095,0.0262484072410482,0.109202713113629,0.264217353832274,0.0665906408394908,0.139802977302608
"iron.mg","Iron","Fiji","Yac16",2017,"fringing","fore reef","restriction",0.0166428861771925,-0.101072249278282,1.54710445470525,-0.543708275029237,-0.75778246556307,0.5648723585926,-2.33004398682128,-1.05720757680319,-0.476253877725704,-0.430812856214995,0.603749791972304,0.0115018352025411,0.129568485361298,0.183893471588693,0.0500499979172964,0.0212364179578676
"iron.mg","Iron","Fiji","Yac19",2017,"fringing","fore reef","restriction",-0.843202939392689,-0.418893540829638,0.106597506746952,2.04586683068063,-0.785809977048707,0.532334072005557,-2.33004398682128,-1.17848010116813,-0.476253877725704,-0.449431713805481,0.352465426523614,0.00519697309074637,0.0302787949245373,0.148104665364589,0.46180219742971,0.00215194266680233
"iron.mg","Iron","Fiji","Yac20",2017,"fringing","fore reef","restriction",0.119210209655886,-0.880470511938283,-0.516377530773893,-0.0993648672984309,0.940854594172499,1.0761882906747,-2.33004398682128,-1.05720757680319,-0.476253877725704,-0.430812839601967,0.434522610362432,0.0333418292758964,0.103634121282032,0.233411179511072,0.038666796386371,0.156423463182197
"iron.mg","Iron","Fiji","Yac21",2017,"fringing","fore reef","restriction",-0.310712703129055,-0.707270898013838,-0.811160671556628,4.27122602841442,-0.75778246556307,1.02970502412178,-2.33004398682128,-1.05720757680319,-0.476253877725704,-0.430812858983833,0.259679234330456,0.00483375076545062,0.19879174452512,0.271745094249955,0.0900988755340292,0.174851300594989
"iron.mg","Iron","Madagascar","Ambato_04",2015,"fringing","fore reef","no-take",0.088501430171247,0.750203853160363,0.0407626053054744,-0.62504982781056,-0.842714318549848,1.0761882906747,0.813668983806947,2.15017388808493,-0.137913130782664,1.09111998285014,0.693771539749521,0.0207107720566416,0.083203874245078,0.0453823220943339,0.0300238611161962,0.126907630738229
"iron.mg","Iron","Madagascar","Ambato_05",2015,"fringing","fore reef","restriction",1.37827016852607,-0.765292768678527,-0.794456293578939,-0.62504982781056,-0.842714318549848,1.54102095620388,0.813668983806947,2.1501738860393,-0.137913130782664,1.09111998150616,0.398148913004458,0.0506996716882224,0.313081494233572,0.0305509553895599,0.0461730636971368,0.16134590198705
"iron.mg","Iron","Madagascar","Ambatomilay_18",2016,"patch","fore reef","no-take",-0.157168805705862,2.09250086107481,0.859604663035293,-0.544112959371433,-0.72947184790081,-1.10852523731246,0.226221532296007,0.423654162643354,0.484973863411785,-1.33550282910558,0.0528325671878981,0.00778688136465635,0.254423470492319,0.0153514375446167,0.0304087822844179,0.639196861126092
"iron.mg","Iron","Madagascar","Ambatomilay_18",2020,"patch","fore reef","no-take",-0.464256600552249,-0.938492382602971,3.38163820084313,-0.50364452515187,-0.502986906602734,-0.829625637994946,0.226221532296007,0.423654162643354,0.484973863411785,-1.33550282910558,0.02392240810265,0.0330117290391531,0.125156817735367,0.0101002658164961,0.0370204905709408,0.770788288735393
"iron.mg","Iron","Madagascar","Andravona_08",2016,"barrier","fore reef","restriction",-0.464256600552249,-0.332293733867415,-0.647064723187572,-0.62504982781056,-0.842714318549848,1.0761882906747,0.884629688469278,-1.0384703980168,1.56335749756335,-0.29621419876865,0.127983033315919,0.344472376076354,0.141958021748971,0.0368382601724693,0.0765681120126579,0.27218019667363
"iron.mg","Iron","Madagascar","Andravona_12",2016,"barrier","fore reef","restriction",0.180627768625163,-0.678692961716305,-0.892717340506518,-0.62504982781056,-0.842714318549848,1.0761882906747,0.798383739994805,-1.02152433865064,1.94469538344283,-0.218454743546634,0.141282087352033,0.0318817020440544,0.106486686801939,0.0201282752301353,0.119954542729039,0.580266705842799
"iron.mg","Iron","Madagascar","Anka_01",2016,"barrier","fore reef","restriction",-0.494965380036887,-0.375593637348527,-0.990978387434096,-0.62504982781056,-0.842714318549848,0.611355625145518,1.10068205373179,-0.473330700628298,0.78606296001785,0.798634848787432,0.296199747669298,0.0162093235709261,0.0756127177673108,0.29852579443365,0.0387203053585986,0.274732111200216
"iron.mg","Iron","Madagascar","Ankaso_15",2016,"fringing","fore reef","no-take",0.0373201310301816,-0.89519247912186,0.54844468109796,0.184318856580709,-0.701161230238551,-0.581714883046048,0.359167748728186,0.225742086559053,0.72487344011418,-0.318564627442302,0.401923750745936,0.00840207453038187,0.103967505655299,0.0739039835965265,0.0823912545072086,0.329411430964648
"iron.mg","Iron","Madagascar","Antanambe_14",2015,"fringing","fore reef","restriction",1.07118237367968,0.23060501138703,-0.352281582404838,-0.564347176481215,-0.842714318549848,0.611355625145518,0.799678645302164,1.14545475655951,-0.353153599141738,0.799324344812962,0.489394915759324,0.0973944731060051,0.166903723219112,0.0882388357174751,0.102483284697062,0.0555847675010219
"iron.mg","Iron","Madagascar","Antanambe_15",2015,"fringing","fore reef","no-take",0.886929696771852,-0.938492382602971,3.23424663045176,-0.62504982781056,-0.800248392056459,-1.71280770250039,0.799678645302164,-1.60219511958333,-0.476253877725704,1.19856005856751,0.432351633178091,0.0537441364168749,0.1319312728721,0.0237824970096662,0.339114232203756,0.019076228319512
"iron.mg","Iron","Madagascar","Antsa_09",2016,"barrier","fore reef","open-access",-1.5390638825146,4.99359439430926,-1.08923943436167,1.25673236339914,-0.842714318549848,1.0761882906747,1.31947438443413,-0.0805985287968767,0.399304530672666,0.620238289079016,0.211552866166612,0.0822729506160326,0.214798507124784,0.157625883451663,0.00521344406908448,0.328536348571823
"iron.mg","Iron","Madagascar","Antsi_20",2015,"fringing","fore reef","no-take",1.77748430182637,-0.678692961716305,0.974242551117466,-0.62504982781056,-0.842714318549848,0.146522959616336,0.700581271993384,2.65733021743141,3.76580412538776,1.54044683300175,0.449819265330287,0.0156465247073129,0.0549108547406541,0.0387478348166343,0.130785255423957,0.310090264981155
"iron.mg","Iron","Madagascar","Antsoa_07",2016,"fringing","fore reef","no-take",1.47039650697999,-0.924059081442601,0.220907858006036,0.508066330337218,-0.347278509460306,-0.969075437653701,0.642757910750028,0.0296776521810443,0.46542175312519,-0.065356436084409,0.24151418246564,0.0102438180178562,0.0238818546395462,0.0223603206770487,0.03986616866012,0.662133655539789
"iron.mg","Iron","Madagascar","Beangovo_04",2016,"fringing","fore reef","no-take",0.282990366907291,-0.938492382602971,0.188154175696842,-0.0989601829562351,-0.418055053615956,-0.938086593285089,0.576632156143988,-1.60022830736539,-0.365395379648264,-1.37971821234487,0.0936320547460904,0.142687252226345,0.035592334050733,0.0176970713757552,0.620956228757107,0.0894350588439694
"iron.mg","Iron","Madagascar","Beangovo_04",2020,"fringing","fore reef","open-access",0.610550681410104,-0.938492382602971,0.482937316479576,0.589003198776343,0.431263476251828,-0.318309705912846,0.576632156143988,-1.60022830736539,-0.365395379648264,-1.37971821234487,0.199280533530741,0.00123378384813116,0.0676410871122231,0.00308789119080362,0.0443943164536248,0.684362387864477
"iron.mg","Iron","Madagascar","Imor_18",2015,"fringing","fore reef","restriction",1.04047359419504,-0.678692961716305,0.925112027653677,-0.62504982781056,-0.842714318549848,0.146522959616336,0.709627871321197,2.2642295718169,2.17304377216766,0.985136192191691,0.245079108729599,0.0532959355933552,0.113039957291032,0.0308093168365892,0.420946857584388,0.136828823965037
"iron.mg","Iron","Madagascar","Imor_19",2015,"fringing","fore reef","no-take",0.825512137802574,-0.462193444310749,2.30076668463977,-0.62504982781056,-0.842714318549848,-0.318309705912846,0.700581271993384,2.65733020256289,3.76580412538776,1.54044682018592,0.434268463874715,0.364381777878044,0.0634005523011899,0.00999002354239216,0.0326186402901785,0.0953405421134809
"iron.mg","Iron","Madagascar","Madiro_17",2016,"fringing","fore reef","restriction",0.0680289105148202,-0.101360915301489,3.25062347160636,-0.523878742261651,-0.74362715673194,-1.58110511393379,0.366430234293826,1.17970469985422,1.90976956868127,0.256245494812299,0.312336551506037,0.0199558573272688,0.163190850498642,0.050200936401336,0.0594098520126351,0.394905952254081
"iron.mg","Iron","Madagascar","Madiro_17",2020,"fringing","fore reef","restriction",-0.157168805705862,-0.0724943129807485,2.00598354385704,-0.442941873822524,-0.715316539069681,-2.24736526785895,0.366430234293826,1.17970469985422,1.90976956868127,0.256245494812299,0.145117810272336,0.258353014670128,0.103863168653001,0.0295128002612934,0.0349668143641905,0.428186391779051
"iron.mg","Iron","Madagascar","Malo_03",2015,"fringing","fore reef","no-take",1.34756138904143,-0.721992865197416,0.188154175696842,-0.62504982781056,-0.842714318549848,1.0761882906747,0.813668983806947,2.15017386967421,-0.137913130782664,1.09111996728238,0.398858545349111,0.0600722319789459,0.230335257550329,0.0446993201471615,0.169825548386773,0.0962090965876796
"iron.mg","Iron","Madagascar","Mand_12",2015,"fringing","fore reef","restriction",0.549133122440827,-0.202394023424082,-0.25402053547726,-0.62504982781056,-0.842714318549848,0.146522959616336,0.822817766053312,1.2131713533423,-0.318162026346802,0.952614200604035,0.629792204939207,0.061004672275351,0.0605598236970465,0.0581208821691624,0.153007231045891,0.0375151858733418
"iron.mg","Iron","Madagascar","NT02",2016,"fringing","fore reef","no-take",1.53181406594926,0.187305107905918,0.581198363407154,-0.62504982781056,-0.842714318549848,-0.783142371442028,0.4770402452216,1.20841292203153,5.37965503774494,-0.351175543618496,0.141450234859869,0.172885120703799,0.225405146572463,0.0388167624302534,0.215790759116391,0.205651976317225
"iron.mg","Iron","Madagascar","NosyFisaka_02",2016,"patch","fore reef","no-take",1.5625228454339,-0.938492382602971,1.66206987961051,-0.523878742261651,-0.403899744784828,-1.55786348065733,0.726806037097974,-0.799048059933014,-0.130690361691292,-0.0999301995680212,0.309398319345123,0.0530700659703994,0.0311242980308763,0.0686916630483487,0.0408613243657366,0.496854329239516
"iron.mg","Iron","Madagascar","NosyFisaka_02",2016,"patch","fore reef","no-take",1.5625228454339,-0.938492382602971,1.66206987961051,-0.523878742261651,-0.403899744784828,-1.55786348065733,0.69746060335143,-1.58983547026123,-0.312475081124919,-2.87133120437848,0.309398319345123,0.0530700659703994,0.0311242980308763,0.0686916630483487,0.0408613243657366,0.496854329239516
"iron.mg","Iron","Madagascar","NosyKarabo_06",2016,"patch","fore reef","restriction",1.70583048302888,-0.909625780282231,0.77772045726231,-0.544112959371433,-0.573763450758383,-1.55786348065733,0.642757910750028,0.0296776521810443,0.46542175312519,-0.065356436084409,0.15083658685274,0.0425978580982242,0.112268156204753,0.085660502725345,0.0139434455346791,0.594693450584258
"iron.mg","Iron","Madagascar","NosyKarabo_06",2020,"patch","fore reef","restriction",2.29953355306523,-0.938492382602971,-0.303151058941049,-0.382239222493179,-0.0358617151754531,-2.17764036802957,0.642757910750028,0.0296776521810443,0.46542175312519,-0.065356436084409,0.143892908618257,0.030583364490487,0.0294808513472294,0.00127151158988788,0.118691363232052,0.676080000722088
"iron.mg","Iron","Madagascar","NosyLava_01",2016,"fringing","fore reef","no-take",2.57591256842698,-0.938492382602971,0.532067839943365,-0.62504982781056,-0.800248392056459,-0.783142371442028,0.781142340175063,-0.133211780121858,0.805542591181285,-0.272405270054041,0.419943092065786,0.0242857308452064,0.0695807644251434,0.00798788958844771,0.0266151912947444,0.451587331780672
"iron.mg","Iron","Madagascar","Plateau_13",2016,"barrier","fore reef","no-take",-1.75402533890707,-0.0724943129807485,-0.548803676259994,-0.62504982781056,-0.842714318549848,2.93551895279143,0.768859378676218,1.81831666633033,1.66858081606899,1.04914108845751,0.0881894738842818,0.0305218889748264,0.0834135227896224,0.0686477327987509,0.47688140024377,0.252345981308748
"iron.mg","Iron","Madagascar","Ratapenjiky_12",2016,"fringing","fore reef","restriction",0.600314421581892,-0.866325876801119,1.79308460884729,-0.523878742261651,-0.771937774394199,-1.79027981342192,0.66372935487415,-0.495304822518735,0.0511413689348629,0.51971917549713,0.162966247875434,0.00936238823193623,0.267938065172784,0.0347576396972437,0.421610017907824,0.103365641114778
"iron.mg","Iron","Madagascar","Sal_N1_11",2016,"barrier","fore reef","restriction",-0.126460026221223,1.09660308100925,-0.990978387434096,-0.382239222493179,-0.842714318549848,0.611355625145518,1.10068205373179,-0.473330700628298,0.78606296001785,0.798634844430768,0.124938295424961,0.00955824195684414,0.0389767455804008,0.165530656829139,0.0563941447615443,0.604601915447111
"iron.mg","Iron","Madagascar","Sal_N2_02",2016,"barrier","fore reef","no-take",0.457006783986911,-0.0291944094996373,-1.13836995782546,0.103381988141582,-0.842714318549848,1.0761882906747,1.13853940842393,-0.459905032670745,0.335445666982948,0.121213437861603,0.272181999744012,0.0937574188729483,0.0834771900113103,0.220658063577343,0.106093907058278,0.223831420736109
"iron.mg","Iron","Madagascar","Sal_N2_05",2016,"barrier","fore reef","restriction",-0.341421482613694,3.65129738639481,-1.13836995782546,-0.62504982781056,-0.587918759589513,1.0761882906747,0.950335278631724,-0.997211144554015,1.12111191578547,-0.299683527600856,0.0108263517023618,0.14691821965446,0.127277385873622,0.480051615566402,0.161432561030793,0.0734938661723614
"iron.mg","Iron","Madagascar","Tandavandriva_North",2020,"lagoon","back reef","open-access",1.04047359419504,0.187305107905918,0.433806793015787,-0.62504982781056,-0.163259494655621,3.07496875245018,0.768859378676218,1.81831666633033,1.66858081606899,1.04914108845751,0.168698936145171,0.00939167002743784,0.0115236244942767,0.00242395856020631,0.0169612312870761,0.791000579485833
"iron.mg","Iron","Madagascar","Tsand_10",2016,"barrier","fore reef","restriction",-1.38551998509141,2.8285992202537,-1.08923943436167,-0.382239222493179,-0.842714318549848,1.0761882906747,1.24049982086379,-0.405279272082241,0.215036884167813,0.775779281904906,0.253806955859544,0.0939779493367498,0.0940395763210036,0.140897595744035,0.0563149553452787,0.360962967393389
"iron.mg","Iron","Madagascar","Tsarabanjina_08",2016,"patch","fore reef","no-take",0.518424342956188,-0.89519247912186,0.679459410334732,-0.422707656712743,-0.347278509460306,-1.24797503697121,0.594045458629458,-1.59232894224033,-0.124585873330724,-0.954595362269746,0.115729537765771,0.00840138501159325,0.241842841331161,0.0393665321369028,0.125023517030574,0.469636186723998
"iron.mg","Iron","Madagascar","Tsarabanjina_08",2020,"patch","fore reef","open-access",0.641259460894743,-0.808592672159638,0.679459410334732,-0.0180233145171084,0.643593108718774,-1.24797503697121,0.594045458629458,-1.59232894224033,-0.124585873330724,-0.954595362269746,0.103279097749643,0.0244519865852827,0.297814739885329,0.00559423556270897,0.0234398038631989,0.545420136353838
"iron.mg","Iron","Madagascar","Vohi_16",2015,"fringing","fore reef","no-take",0.518424342956188,0.836803660122586,0.875981504189888,-0.62504982781056,-0.842714318549848,0.146522959616336,0.709627871321197,1.98353779219383,1.36744973350624,1.42892424571218,0.516221275475277,0.367271029640338,0.085959896101747,0.00704951000499497,0.0198469465915037,0.00365134218613979
"iron.mg","Iron","Solomon Islands","Chubikopi 4",2019,"barrier","fore reef","restriction",-0.59753270351558,-0.79387070497606,1.35058236085009,-0.543708275029237,0.233372258792634,0.113984673029293,-0.199922050471956,0.292388987685681,-0.476253877725704,0.445048355345441,0.430100648609565,0.0291827643176776,0.138667431857027,0.236481841646188,0.0660645424277106,0.0995027711418311
"iron.mg","Iron","Solomon Islands","Chubikopi 5",2019,"barrier","fore reef","restriction",1.10189115316432,-0.823314639343216,0.532067839943365,-0.543708275029237,-0.361150712114814,-0.006871820008294,-0.199922050471956,0.292389006581788,-0.476253877725704,0.445048372829677,0.16128378821939,0.029253619098482,0.0440148062400241,0.00205125459467232,0.0128967792466063,0.750499752600825
"iron.mg","Iron","Solomon Islands","KOL01",2016,"fringing","fore reef","restriction",-0.0853102617118076,0.793503756641475,-0.843586817042728,-0.62504982781056,-0.729754954077433,1.54102095620388,-0.385578818020108,0.456896583029334,-0.476253877725704,0.595096394951029,0.205343840518143,0.059481573095276,0.153546968160261,0.00102365500231988,0.137297733092309,0.443306230131692
"iron.mg","Iron","Solomon Islands","KOL02",2016,"fringing","fore reef","restriction",-1.72331655942243,2.23712253870172,0.957538173139778,-0.300897669711857,-0.0503001301832054,0.146522959616336,-0.369405433969356,0.541193745615635,-0.476253877725704,0.610494485632408,0.603951656947442,0.0144757423168847,0.170856855445784,0.105544361684851,0.0629558647453127,0.0422155188597257
"iron.mg","Iron","Solomon Islands","KOL03",2016,"fringing","fore reef","restriction",-0.924888292821828,-0.390315604532104,0.499641694457264,-0.422302972370547,1.7052412710535,0.346401005793884,-0.351653700880383,0.62110388741966,-0.476253877725704,0.0509748724854114,0.461496779741381,0.0229546144859305,0.0688048371308196,0.0480597096078904,0.051534378022638,0.34714968101134
"iron.mg","Iron","Solomon Islands","KOL04",2016,"fringing","fore reef","restriction",0.65170044591952,-0.0724943129807485,0.237284699160631,-0.584986077933192,-0.446082565101593,-0.211398192841134,-0.360984315710091,0.689253955223417,-0.476253877725704,0.0721006023144956,0.51961227026119,0.067986267130622,0.137042423528554,0.0601122952288883,0.0606485385208853,0.154598205329861
"iron.mg","Iron","Solomon Islands","KOL05",2016,"fringing","fore reef","restriction",-0.208145379650362,0.475682465090119,0.728589933798521,-0.543708275029237,0.658031523726527,0.657838891698436,-0.360984315710091,0.689253945929767,-0.476253877725704,0.0721006003958677,0.471551167265905,0.00798354459629367,0.0800219718976923,0.0743482410526732,0.0957468545619736,0.270348220625462
"iron.mg","Iron","Solomon Islands","KOL06",2016,"fringing","fore reef","restriction",0.794803358317936,0.0141054939814738,0.0407626053054744,-0.50364452515187,-0.248191347642399,-0.006871820008294,-0.374862640261537,-1.60219511958333,-0.476253877725704,0.248726828476064,0.396595092023129,0.038186580101122,0.0756868641699713,0.0609989120156097,0.016612934228047,0.411919617462121
"iron.mg","Iron","Solomon Islands","KOL07",2016,"fringing","fore reef","restriction",0.549133122440827,0.851525627306164,-0.418116483846315,-0.50364452515187,-0.785809977048707,-0.0394101065953369,-0.317884748374057,0.666178119889086,-0.476253877725704,-0.460500165914824,0.452533311085829,0.0834450544671867,0.271393920975995,0.00265128816146387,0.0845803802546882,0.105396045054837
"iron.mg","Iron","Solomon Islands","KOL08",2016,"fringing","fore reef","restriction",-0.0650424672519462,1.11132504819283,-0.286446680963361,-0.62504982781056,-0.61594627107515,-0.053355086561212,-0.317884748374057,0.666178129574226,-0.476253877725704,-0.460500154124343,0.422306738461117,0.0363265370840888,0.119127472476836,0.0032300929578928,0.0669351170268308,0.352074041993235
"iron.mg","Iron","Solomon Islands","KOL09",2016,"fringing","fore reef","restriction",0.160359974165302,0.90868149990123,0.401380647529686,-0.584986077933192,-0.814686807064211,-0.443814525605725,-0.317884748374057,0.666178129574226,-0.476253877725704,-0.460500160019583,0.409721518455947,0.0553161133905894,0.204083666863133,0.192152777586559,0.0634890961454692,0.0752368275583021
"iron.mg","Iron","Solomon Islands","KOL10",2016,"fringing","fore reef","restriction",-0.515233174496749,-0.563515218456549,0.532067839943365,-0.220770169957121,1.45044571209317,-0.006871820008294,-0.410397180790263,-1.60219511958333,-0.476253877725704,0.514569533452003,0.397661587686635,0.0111946545159628,0.10231675308461,0.00857580408629137,0.0587366645546456,0.421514536071855
"iron.mg","Iron","Solomon Islands","KOL11",2016,"fringing","fore reef","restriction",-0.740635615913996,1.1684809207879,-0.0250722961360029,-0.0993648672984309,-0.418055053615956,-0.318309705912846,-0.372825814538103,0.702252758051244,-0.476253877725704,0.34849594111376,0.578380051368195,0.0509332992767829,0.0603741108832286,0.0301793593930433,0.0859508494275401,0.19418232965121
"iron.mg","Iron","Solomon Islands","KOL12",2016,"fringing","fore reef","restriction",-0.69948585140458,0.0426834302790072,-0.155759488549682,0.346192593458963,-0.276218859128036,-1.30840328349,-0.403512979677014,0.74354293937992,-0.476253877725704,0.388273246833026,0.345311792789159,0.0134906433032846,0.101234297194359,0.299716474190159,0.0673455108267149,0.172901281696324
"iron.mg","Iron","Solomon Islands","KOL13",2016,"fringing","fore reef","restriction",-0.617800497975442,-0.130516183645437,1.35058236085009,-0.422302972370547,0.940854594172499,-1.18754679045242,-0.403512979677014,0.74354293937992,-0.476253877725704,0.388273247818364,0.445055192537603,0.0175464208758236,0.140982062011585,0.00591662999479141,0.0195026188947092,0.370997075685488
"iron.mg","Iron","Solomon Islands","KOL14",2016,"fringing","fore reef","restriction",-0.269562938619639,-0.418893540829638,-0.482968774818517,0.224787290800272,1.13874581163169,-2.30314518772245,-0.437040770778545,-1.60219511958333,-0.476253877725704,-0.0493269676615236,0.501148352477123,0.00275793520791817,0.164474461860546,0.0444007560643831,0.0103548353129293,0.2768636590771
"iron.mg","Iron","Solomon Islands","KOL15",2016,"fringing","fore reef","restriction",-1.0888731752698,-0.851892575640749,3.80710853403954,-0.62504982781056,-0.276218859128036,-1.24797503697121,-0.452894922043264,-1.60219511958333,-0.476253877725704,0.0540072545598014,0.590059383973614,0.00446765249972241,0.120866698997388,0.0285765134429894,0.073049722884317,0.182980028201969
"iron.mg","Iron","Solomon Islands","KOL16",2016,"fringing","fore reef","restriction",-0.638068292435303,-0.620671091051616,2.10424459078461,-0.62504982781056,0.883950252671357,-1.24797503697121,-0.457429874188039,-1.60219511958333,-0.476253877725704,0.22646225645922,0.238258264989803,0.00104891513230825,0.0451298999977651,0.0124890480599017,0.0163691081465072,0.686704763673715
"iron.mg","Iron","Solomon Islands","KOL17",2016,"fringing","fore reef","restriction",-0.576650733466026,0.822081692939008,-0.155759488549682,-0.342175472615812,-0.276218859128036,-1.10852523731246,-0.469474437550034,-1.60219511958333,-0.476253877725704,0.502902272317683,0.293702646650829,0.0831723795731815,0.0679343909223259,0.0431060906143474,0.0114019882599261,0.50068250397939
"iron.mg","Iron","Solomon Islands","KOL18",2016,"fringing","fore reef","restriction",0.835953122827352,-0.187672056240504,-0.0899245871082045,-0.220770169957121,0.374359134750687,-2.23806861454837,-0.472022734387884,0.539998457036749,-0.476253877725704,0.787263884342865,0.517405335688669,0.024055986345617,0.0980692933917431,0.0643710205027463,0.0398047178527278,0.256293646218497
"iron.mg","Iron","Solomon Islands","KOL20",2016,"fringing","fore reef","restriction",-0.290444908669194,-0.650115025418771,1.48225216373305,-0.179492367053167,0.573099670739748,-1.77323594901918,-0.537234520716302,0.547737523346817,-0.476253877725704,0.956665820099016,0.28074010089948,0.0453727497798354,0.0973907132112407,0.0561482304735469,0.0863469072419607,0.434001298393936
"iron.mg","Iron","Solomon Islands","Kicha 1 PC",2019,"fringing","fore reef","no-take",1.20445847664302,-0.0144724423160595,-0.155759488549682,-0.0180233145171084,-0.0214233001677008,0.039611446544624,-0.0636294243322254,-0.745565711382756,-0.476253877725704,-0.375550565154037,0.272536131640819,0.0473846874456169,0.109856330643118,0.069875843785805,0.0436427148634599,0.456704291621181
"iron.mg","Iron","Solomon Islands","Malemale 1",2019,"fringing","fore reef","restriction",0.630818475869965,-0.360871670164949,-0.974274009456407,0.629066948653711,-0.220163836156762,0.611355625145518,-0.0778141265470689,-0.271926886832328,-0.476253877725704,0.0660672331992786,0.227416533826628,0.0255618190725636,0.137690291410158,0.0179814627278226,0.01870422988433,0.572645663078498
"iron.mg","Iron","Solomon Islands","Malemale 2",2019,"fringing","fore reef","restriction",0.200895563085024,1.48630221233925,-0.909421718484206,0.103381988141582,-0.418055053615956,0.92279351105007,-0.0778141265470689,0.0806976982694387,-0.476253877725704,0.543496035915828,0.131674261814833,0.0043133682883199,0.0534537946720712,0.0241958844187913,0.0211945718110279,0.765168118994957
"iron.mg","Iron","Solomon Islands","Mbulo 1",2019,"fringing","fore reef","restriction",1.32729359458157,0.245326978570607,-1.10594381233936,-0.342175472615812,-0.474959395117098,0.611355625145518,-0.0778141265470689,-0.271926886832328,-0.476253877725704,0.0660672322276881,0.284589250800996,0.261001065685677,0.219047916428515,0.0198436147794828,0.104865221821947,0.110652930483382
"iron.mg","Iron","Solomon Islands","Mbulo 2",2019,"fringing","fore reef","restriction",1.98200477319407,0.706903949679252,-1.10594381233936,-0.382239222493179,-0.700878124061928,0.764750404770148,-0.0778141265470689,-0.271926886832328,-0.476253877725704,0.066067234170869,0.43519149118813,0.0261270720078907,0.19122595523983,0.208069316362628,0.110728385106725,0.0286577800947966
"iron.mg","Iron","Solomon Islands","Mbulo 4",2019,"fringing","fore reef","restriction",1.83890186079565,0.187305107905918,-1.13836995782546,-0.0580870643944762,-0.390027542130319,0.611355625145518,-0.0778141265470689,-0.271926886832328,-0.476253877725704,0.0660672302845066,0.629531428026099,0.00653670854645528,0.0697481062330349,0.155206361262137,0.0960498193984348,0.0429275765338391
"iron.mg","Iron","Solomon Islands","P11",2019,"barrier","fore reef","restriction",0.569400916900688,0.12928323724123,0.826850980726099,-0.62504982781056,0.233372258792634,0.113984673029293,-0.446199919979819,0.21630036841997,-0.476253877725704,0.55335709395217,0.229983280082487,0.00666519050194524,0.0174353607432009,0.0526402899302017,0.0273165146323054,0.66595936410986
"iron.mg","Iron","Solomon Islands","P12",2018,"barrier","fore reef","restriction",1.32729359458157,-0.823314639343216,-0.319855436918737,-0.62504982781056,0.289427281763908,0.113984673029293,-0.453885826491151,0.547620531818867,-0.476253877725704,0.778157513730052,0.106997410169508,0.00266976559195106,0.0372067732131825,0.275321954456877,0.200867005300765,0.376937091267717
"iron.mg","Iron","Solomon Islands","P12",2018,"barrier","fore reef","restriction",1.32729359458157,-0.823314639343216,-0.319855436918737,-0.62504982781056,0.289427281763908,0.113984673029293,-0.453885826491151,0.547620531818867,-0.476253877725704,0.778157510914122,0.106997410169508,0.00266976559195106,0.0372067732131825,0.275321954456877,0.200867005300765,0.376937091267717
"iron.mg","Iron","Solomon Islands","P12",2019,"barrier","fore reef","restriction",0.671968240379381,-0.534071284089393,-0.155759488549682,-0.62504982781056,0.403235964766191,0.285972759275091,-0.453885826491151,0.547620531818867,-0.476253877725704,0.778157513730052,0.0922353872555946,0.00320324541674373,0.0432037886118274,0.00484124323183487,0.0361388681533231,0.820377467330676
"iron.mg","Iron","Solomon Islands","P12",2019,"barrier","fore reef","restriction",0.671968240379381,-0.534071284089393,-0.155759488549682,-0.62504982781056,0.403235964766191,0.285972759275091,-0.453885826491151,0.547620531818867,-0.476253877725704,0.778157510914122,0.0922353872555946,0.00320324541674373,0.0432037886118274,0.00484124323183487,0.0361388681533231,0.820377467330676
"iron.mg","Iron","Solomon Islands","P13",2019,"barrier","fore reef","restriction",0.446565798962133,-0.390315604532104,-0.482968774818517,-0.62504982781056,-0.531014418088371,0.485850805452639,-0.44155578903304,-0.0819877092110166,-0.476253877725704,0.383641657825833,0.133540533265418,0.0016982843136912,0.0281359270798734,0.0342398126320185,0.0206190539665217,0.781766388742478
"iron.mg","Iron","Solomon Islands","P15",2019,"barrier","fore reef","restriction",0.937906270716352,-0.390315604532104,0.335545746088209,-0.62504982781056,-0.75778246556307,0.671783871664312,-0.452685763029726,-0.609706552636882,-0.476253877725704,0.358853614272809,0.543728609755188,0.00481697120928759,0.111569500260621,0.150586721477502,0.0495876114450119,0.13971058585239
"iron.mg","Iron","Solomon Islands","P17",2019,"barrier","fore reef","restriction",1.53181406594926,-0.534071284089393,-0.0574984416221037,-0.62504982781056,-0.75778246556307,0.318511045862133,-0.460812364574013,-0.269759152237185,-0.476253877725704,0.553003156919952,0.387070228342292,0.205432795776661,0.115088614123901,0.116484882407472,0.121722381961154,0.0542010973885189
"iron.mg","Iron","Solomon Islands","P4",2018,"barrier","fore reef","restriction",-0.310712703129055,-0.851892575640749,0.269710844646731,-0.584986077933192,0.0635085528190776,0.969276777602988,-0.44155578903304,-0.0819877092110166,-0.476253877725704,0.383641633448243,0.318254747238053,0.00114032330877003,0.0498377763642263,0.017796383818194,0.0211292088646175,0.591841560406139
"iron.mg","Iron","Solomon Islands","P4",2018,"barrier","fore reef","restriction",-0.310712703129055,-0.851892575640749,0.269710844646731,-0.584986077933192,0.0635085528190776,0.969276777602988,-0.44155578903304,-0.0819877092110166,-0.476253877725704,0.383641648373298,0.318254747238053,0.00114032330877003,0.0498377763642263,0.017796383818194,0.0211292088646175,0.591841560406139
"iron.mg","Iron","Solomon Islands","P4",2019,"barrier","fore reef","restriction",0.160359974165302,-0.765292768678527,0.303119600602108,-0.62504982781056,-0.361150712114814,0.100039693063418,-0.44155578903304,-0.0819877092110166,-0.476253877725704,0.383641633448243,0.41040531384532,0.00978409173656945,0.0979185328787401,0.0833197307897531,0.0417373923409711,0.356834938408646
"iron.mg","Iron","Solomon Islands","P4",2019,"barrier","fore reef","restriction",0.160359974165302,-0.765292768678527,0.303119600602108,-0.62504982781056,-0.361150712114814,0.100039693063418,-0.44155578903304,-0.0819877092110166,-0.476253877725704,0.383641648373298,0.41040531384532,0.00978409173656945,0.0979185328787401,0.0833197307897531,0.0417373923409711,0.356834938408646
"iron.mg","Iron","Solomon Islands","P6",2019,"barrier","fore reef","restriction",1.73633453731696,-0.909914446305438,0.466232938501887,-0.62504982781056,-0.191287006141258,0.392884272346802,-0.44155578903304,-0.0819877092110166,-0.476253877725704,0.383641655835826,0.400968800210924,0.0818513211145235,0.104320568408419,0.0272128167913187,0.0789465480642625,0.306699945410552
"iron.mg","Iron","Solomon Islands","P7",2018,"barrier","fore reef","restriction",0.549133122440827,-0.909914446305438,0.630328886870943,-0.62504982781056,0.00660421131793611,0.0535564265104996,-0.44155578903304,-0.0819877092110166,-0.476253877725704,0.383641649865804,0.525882758953554,0.042008185460829,0.206983224075967,0.0906230932311561,0.124335381520233,0.0101673567582614
"iron.mg","Iron","Solomon Islands","P7",2018,"barrier","fore reef","restriction",0.549133122440827,-0.909914446305438,0.630328886870943,-0.62504982781056,0.00660421131793611,0.0535564265104996,-0.44155578903304,-0.0819877092110166,-0.476253877725704,0.383641655835826,0.525882758953554,0.042008185460829,0.206983224075967,0.0906230932311561,0.124335381520233,0.0101673567582614
"iron.mg","Iron","Solomon Islands","P7",2019,"barrier","fore reef","restriction",0.0577926506866084,-0.765292768678527,-0.352281582404838,-0.62504982781056,1.02578644715928,0.299917739240966,-0.44155578903304,-0.0819877092110166,-0.476253877725704,0.383641649865804,0.0802955289762118,0.00101303737304474,0.0475084728610127,0.00344897589919066,0.0334406689932808,0.834293315897259
"iron.mg","Iron","Solomon Islands","P7",2019,"barrier","fore reef","restriction",0.0577926506866084,-0.765292768678527,-0.352281582404838,-0.62504982781056,1.02578644715928,0.299917739240966,-0.44155578903304,-0.0819877092110166,-0.476253877725704,0.383641655835826,0.0802955289762118,0.00101303737304474,0.0475084728610127,0.00344897589919066,0.0334406689932808,0.834293315897259
"iron.mg","Iron","Solomon Islands","Peava 1",2019,"fringing","fore reef","restriction",1.38871115355085,-0.303715797569882,-0.777751915601251,-0.584986077933192,-0.75778246556307,1.0761882906747,-0.0778141265470689,0.0806976982694387,-0.476253877725704,0.543496028811818,0.13764012185147,0.00293126624227277,0.0647693098998203,0.157805614671557,0.488098706182073,0.148754981152806
"iron.mg","Iron","Solomon Islands","Peava 2",2019,"fringing","fore reef","restriction",-0.658950262484858,0.706903949679252,-1.07253505638399,-0.220770169957121,1.02578644715928,0.764750404770148,-0.0778141265470689,0.0806976982694387,-0.476253877725704,0.543496038047031,0.197970747771095,0.0281050462907222,0.170638625557492,0.21319883021908,0.0897101640666117,0.300376586094999
"iron.mg","Iron","Solomon Islands","V1",2018,"fringing","fore reef","restriction",0.65170044591952,-0.50549334779186,0.433806793015787,-0.543708275029237,-0.700878124061928,0.611355625145518,-0.430911743995437,0.572056376140394,-0.476253877725704,0.753831572830767,0.204968658121911,0.108545312782051,0.0600978423810056,0.017346880258877,0.0871196020541086,0.521921704402046
"iron.mg","Iron","Solomon Islands","V10",2018,"fringing","fore reef","restriction",0.487715563471549,-0.79387070497606,2.79207191927766,-0.62504982781056,-0.587918759589513,0.00707315995758157,-0.46173826009122,-1.60219511958333,-0.476253877725704,0.759487475091511,0.400474964443097,0.0213229404312082,0.348814044228559,0.103899876331776,0.107087804908896,0.0184003696564646
"iron.mg","Iron","Solomon Islands","V2A",2018,"fringing","fore reef","restriction",1.34756138904143,-0.650115025418771,-0.155759488549682,-0.62504982781056,-0.814686807064211,-0.0858933731482549,-0.430911743995437,0.572056364680087,-0.476253877725704,0.75383156485058,0.404962627844054,0.0198867029041347,0.110767376790965,0.182076047449431,0.0394129049913253,0.242894340020089
"iron.mg","Iron","Solomon Islands","V4",2018,"fringing","fore reef","restriction",1.36782918350129,-0.360871670164949,-0.188185634035783,-0.62504982781056,-0.61594627107515,0.318511045862133,-0.430911743995437,0.572056364680087,-0.476253877725704,0.753831570778719,0.407137352456092,0.013436659340664,0.189206351504222,0.171698970249963,0.0157597901390246,0.202760876310034
"iron.mg","Iron","Solomon Islands","V5",2018,"fringing","fore reef","restriction",0.815071152777797,-0.592093154754082,0.269710844646731,-0.62504982781056,-0.672850612576291,0.439367538899721,-0.430911743995437,0.572056364680087,-0.476253877725704,0.753831565534596,0.376369123094812,0.0125036666690417,0.128656301038103,0.0085881246305027,0.0481247393997378,0.425758045167803
"iron.mg","Iron","Solomon Islands","V6",2018,"fringing","fore reef","restriction",1.04047359419504,-0.736714832380993,0.171449797719153,-0.62504982781056,-0.163259494655621,0.983221757568864,-0.430911743995437,0.572056376140394,-0.476253877725704,0.753831573514783,0.237710773469014,0.0126355634426618,0.114889747247925,0.00939023186421975,0.0569955034781427,0.568378180498037
"iron.mg","Iron","Solomon Islands","V7",2018,"fringing","fore reef","restriction",-0.720367821454135,-0.620671091051616,2.03840968934314,-0.50364452515187,-0.135231983169984,0.532334072005557,-0.430911743995437,0.572056353219779,-0.476253877725704,0.753831555274355,0.406318844806729,0.00946970472940709,0.141886688190608,0.153354514470828,0.111749035099689,0.17722121270274
"iron.mg","Iron","Solomon Islands","V8",2018,"fringing","fore reef","restriction",0.180627768625163,-0.707270898013838,1.77703530451578,-0.382239222493179,0.629154693711022,0.146522959616336,-0.430911743995437,0.572056353219779,-0.476253877725704,0.753831556642387,0.190914243868541,0.00620184461504662,0.161897703163588,0.177421853186189,0.025066218600062,0.438498136566572
"iron.mg","Iron","Solomon Islands","Zaira 3",2019,"fringing","fore reef","restriction",0.446565798962133,0.880103563603697,-0.286446680963361,-0.62504982781056,-0.814686807064211,0.690377178285479,-0.164877997563568,0.507001299056153,-0.476253877725704,0.152177750739324,0.364238175929649,0.0247628199724603,0.119833424903265,0.0119262934766181,0.119757248204779,0.359482037513229
"iron.mg","Iron","Solomon Islands","Zaira 4",2019,"fringing","fore reef","restriction",-0.187877585190501,0.648882079014563,0.69616378831242,-0.62504982781056,-0.842714318549848,0.392884272346802,-0.200485219521198,0.303618612189081,-0.476253877725704,0.000209652024747649,0.374810491670096,0.092540847460442,0.154570510081672,0.0655364841071992,0.0895011520703027,0.223040514610289
"iron.mg","Iron","Solomon Islands","Zaira F 1",2019,"barrier","fore reef","restriction",0.487715563471549,0.0141054939814738,0.00833645981937363,-0.584986077933192,-0.75778246556307,1.22958307029933,-0.164877997563568,0.507001273308072,-0.476253877725704,0.152177728860365,0.0565962666158632,0.0847579535747786,0.066631659719209,0.0729625582301674,0.0642048960738255,0.654846665786156
"iron.mg","Iron","Solomon Islands","Zaira F 2",2019,"barrier","fore reef","restriction",-0.0447746727920848,-0.418893540829638,-0.123333343063581,-0.62504982781056,-0.446082565101593,1.54102095620388,-0.164877997563568,0.507001260434031,-0.476253877725704,0.152177719946715,0.23663267317302,0.0478957968563252,0.0509802606460455,0.0266961775035134,0.157137162197152,0.480657929623944
"iron.mg","Iron","Solomon Islands","Zaira F 3",2019,"barrier","fore reef","restriction",-0.146727820681085,-0.534071284089393,0.303119600602108,-0.62504982781056,-0.191287006141258,0.611355625145518,-0.164877997563568,0.0176114306075325,-0.476253877725704,-0.633583237564819,0.0272945311976062,0.0276461106509534,0.0628135173884205,0.0318186685628851,0.168807747935217,0.681619424264918
