"nutrient","nutrient_lab","country","site","year","hard_coral","macroalgae","turf_algae","bare_substrate","rubble","reef_type","reef_zone","depth","management_rules","grav_nc","sediment","nutrient_load","pop_count","herbivore-detritivore","herbivore-macroalgae","invertivore-mobile","omnivore","piscivore","planktivore"
"iron.mg","Iron","Fiji","Ada01",2017,7,0.33,4.33,0,25.67,"patch","fore reef",8,"restriction",-3.39040559077478,1.53144948620723,0.000641413356459516,2.51903967060202,0.355398234803108,0.00668986223122274,0.0563812117767564,0.116778989998945,0.0715427915442446,0.393208909645723
"iron.mg","Iron","Fiji","Ada04",2017,9.33,8,15.33,2,36,"fringing","fore reef",4.6,"restriction",-3.39794000867204,1.42918312675253,0.00025268586401179,2.8986938339379,0.215177620298733,0.0358992983469513,0.272584062749564,0.410780064725505,0.0593371181523935,0.00622183572685388
"iron.mg","Iron","Fiji","BUA20A",2019,36.33,9.33,1.5,2.17,14,"fringing","fore reef",5.47,"restriction",-0.148048556826769,2.24234426901397,0.00668334905266212,2.85563306216797,0.452748085199648,0.00515686813225822,0.263420256845652,0.0965315999700095,0.0727774625813091,0.109365727271124
"iron.mg","Iron","Fiji","BUA25",2019,56,0.5,1.5,8,11.17,"fringing","fore reef",4.75,"restriction",-0.1798064249033,2.20692596263246,0.00678683099844919,2.65610523982731,0.69288247532226,0.00755857707696421,0.0557426563058921,0.219526805552534,0.0100485295329581,0.014240956209392
"iron.mg","Iron","Fiji","BuC2",2019,13.67,3.67,0.33,2.33,5.67,"fringing","fore reef",7.37,"restriction",0.752020236978447,1.64986786654551,0.00163421163976833,3.34864351358757,0.760001487858588,0.0101624904355651,0.0991229025933475,0.0353335482243672,0.0916407183558317,0.00373885253230069
"iron.mg","Iron","Fiji","BuE5",2019,17.67,3.67,12,0,0.33,"fringing","fore reef",7.8,"restriction",0.842650732718928,1.62801682044978,0.00220538415323516,3.32264106258656,0.5730147511443,0.00337602849828231,0.124530685219159,0.0605367587487204,0.168695994121881,0.0698457822676569
"iron.mg","Iron","Fiji","BuE6",2019,33.33,5.67,10.67,0,12.67,"fringing","fore reef",7.97,"restriction",0.842650732718928,1.62801681022233,0.00220538415323516,3.32264105556195,0.705308765905463,0.00505348368125361,0.102560457553542,0.123262686060038,0.0598284577006667,0.00398614909903697
"iron.mg","Iron","Fiji","DamC4",2019,72.67,0,0,4.33,7.67,"patch","back reef",7.1,"restriction",-0.148048556826769,2.24234423918616,0.00668334905266212,2.85563303249593,0.52314403353339,0.00246385088506041,0.298943103295497,0.0128636077352061,0.0385323625266286,0.124053042024218
"iron.mg","Iron","Fiji","DamC8",2019,24.67,10.67,0,8.33,20.33,"patch","fore reef",6.9,"restriction",-0.1798064249033,2.20692596532932,0.00678683099844919,2.6561052417447,0.548537922622349,0.0161179718369095,0.0865594291691605,0.0490867826713222,0.0192652963038677,0.280432597396391
"iron.mg","Iron","Fiji","DamE6",2019,5.67,14.67,11.33,3.67,17.33,"patch","fore reef",6.27,"restriction",-0.122573362861873,2.1827390194451,0.00524745392461059,2.90179099756744,0.367013095520791,0.00763561785914675,0.412298610199195,0.00370188949436642,0.026709256139054,0.182641530787447
"iron.mg","Iron","Fiji","DawaC2",2019,0.67,31,9,0,43.33,"lagoon","fore reef",8.07,"restriction",0.881856360479323,2.21811938625145,0.00810087197904752,3.37011292433429,0.158076128582821,0.00857557950672971,0.0306528773167742,0.0103375708056503,0.0329242963542275,0.759433547433797
"iron.mg","Iron","Fiji","DawaE6",2019,9,7.33,8.67,9.67,47,"patch","fore reef",6.23,"restriction",0.681230289397532,2.07883696019387,0.00901255566837007,2.15374845335506,0.327389137672097,0.0243962454516432,0.24876362200786,0.229447615244387,0.0211570015076184,0.148846378116395
"iron.mg","Iron","Fiji","KB05",2016,29.33,1.67,3.67,26,12.33,"barrier","fore reef",7,"no-take",-0.103637500498737,0.0212290041789347,1.30288149137774e-06,0.894714666182067,0.561509971262851,0.0116740148184821,0.110118888130638,0.0489654171732774,0.0513010462338492,0.216430662380903
"iron.mg","Iron","Fiji","KB09",2019,37.67,4.17,8.5,0.5,2,"barrier","fore reef",7.53,"restriction",-0.229990895452971,1.47317060088867,4.99409938668005e-05,1.79776061104413,0.414810512600132,0.0944197517889876,0.162758161998442,0.252034041843554,0.0520779178016416,0.0238996139672418
"iron.mg","Iron","Fiji","KB17",2019,36.33,5.5,11.67,1,2.17,"fringing","fore reef",7.88,"restriction",-0.243024802906594,1.35617048952024,2.1714181245201e-05,1.79776059028807,0.284270582952549,0.0492736054238146,0.179429651810168,0.148816156963325,0.0687422066700109,0.269467796180132
"iron.mg","Iron","Fiji","KD3",2017,8.33,15,0,15.67,17,"fringing","fore reef",6.3,"restriction",-0.129499530538676,1.28351303132472,1.69371545218171e-05,3.2493386196859,0.321391422065303,0.03130990196101,0.143671284432078,0.236539704419883,0.176249201278828,0.0908384858428982
"iron.mg","Iron","Fiji","Kan04",2017,9.67,5.67,3,19.67,23.67,"fringing","fore reef",9.5,"restriction",-3.40120949323688,1.26613991110983,0.000193218056617153,2.02153733553154,0.269558947311324,0.00212396454800656,0.0557335502788597,0.182176201877359,0.0714749429492172,0.418932393035234
"iron.mg","Iron","Fiji","Kan06",2017,44,2.33,16.33,3,12.67,"fringing","fore reef",8.87,"restriction",-3.41341269532824,0.440029059440642,1.17257927138982e-05,1.71021271318323,0.132888508941255,0.081602918765068,0.0360248682159449,0.0384631632585046,0.705035883634819,0.00598465718440879
"iron.mg","Iron","Fiji","Kan07",2017,20,5.67,8.33,1.33,11.67,"fringing","fore reef",9.23,"restriction",-3.4089353929735,0.900125167434111,5.55861362467444e-05,1.72042350569488,0.0706466286807431,0.00475672723581595,0.0855515001047375,0.331636516763486,0.159287758789453,0.348120868425765
"iron.mg","Iron","Fiji","LV08",2018,40.33,11.67,0.33,2.67,21.67,"patch","back reef",5.23,"restriction",0.492116150152459,1.18495785828653,0.000490041893442823,1.54336514721666,0.30808243506997,0.0186070236980432,0.0665449372441799,0.0189577617777435,0.0099440087470683,0.577863833462995
"iron.mg","Iron","Fiji","LV12",2018,41.67,4,10.67,5.33,0,"fringing","fore reef",7.8,"restriction",0.530114240114399,0.849715579025322,0.000221433724969148,1.24469090153509,0.166672181759037,0.0229278003419516,0.052111143818661,0.014867302894847,0.48061968712678,0.262801884058723
"iron.mg","Iron","Fiji","LV13",2018,27,4,7.33,13,17.67,"fringing","back reef",7.93,"restriction",0.473013002082483,1.70257785275379,0.00113289826486162,3.7736169790949,0.408326606495081,0.0593560276369096,0.251817299616786,0.262739191343484,0.0133939682369467,0.00436690667079232
"iron.mg","Iron","Fiji","LV17",2018,11,0.67,0.33,24,49.67,"patch","fore reef",7.8,"restriction",0.752020236978447,1.6498678568199,0.00163421163976833,3.34864351008479,0.101343150250935,0.00118336667234877,0.143299284056235,0.00205585564088503,0.0374050955461158,0.714713247833481
"iron.mg","Iron","Fiji","MAP01",2019,30.17,13,5.17,1.33,17.67,"fringing","fore reef",7.25,"restriction",-0.283635173172106,1.65222694724211,3.64792043747266e-05,2.67904678412792,0.26428885190096,0.0703407876232909,0.153742889629253,0.155188649797844,0.0390325623750813,0.317406258673571
"iron.mg","Iron","Fiji","MD4",2017,14.33,6.67,21.33,6.67,4,"fringing","fore reef",10,"restriction",-0.102615411675887,0.732844789673475,4.34292310448164e-06,2.30997163556397,0.216959128045278,0.0666547490492554,0.213764817973264,0.16935404541061,0.109566014799342,0.22370124472225
"iron.mg","Iron","Fiji","N19",2016,28,14.33,0.33,7,12,"barrier","fore reef",7,"no-take",-0.0870094388577795,0.0491381361596147,5.6457915671943e-06,0.894714610838178,0.62460705423197,0.0226631147407039,0.0123174883453275,0.0132268898754203,0.0480217605709131,0.279163692235665
"iron.mg","Iron","Fiji","NA05",2018,31,11.67,9.33,1,3.33,"fringing","fore reef",8.6,"restriction",0.65706886236479,1.43615314972791,0.000751980933697721,3.67354015801816,0.256944418390763,0.052774942077267,0.422619735680555,0.156490221759147,0.106888222064671,0.00428246002759745
"iron.mg","Iron","Fiji","NA07",2018,26,0,0,37,25,"fringing","fore reef",8,"restriction",0.731827440694068,1.49862190712831,0.000878990503316251,3.79631517329543,0.169567916653872,0.0615632327060948,0.159291545167386,0.0753705953339495,0.017920174185225,0.516286535953473
"iron.mg","Iron","Fiji","NAO1",2019,51.67,1,2.5,1.67,0,"fringing","fore reef",7.12,"restriction",0.731827440694068,1.49862189335106,0.000878990503316251,3.79631516316047,0.468347110407011,0.0938398749193702,0.161679970563728,0.138373925952351,0.0357205243739805,0.102038593783559
"iron.mg","Iron","Fiji","NAO6",2019,47,1.67,10.67,3,3.33,"fringing","fore reef",7.15,"restriction",0.731827440694068,1.49862189335106,0.000878990503316251,3.796315151776,0.610466223794925,0.0414529432979986,0.134521780183259,0.120615752134876,0.0612563174437871,0.0316869831451545
"iron.mg","Iron","Fiji","NAO7",2019,45.25,1.5,2.25,2,3,"fringing","fore reef",7.2,"restriction",0.731827440694068,1.49862190712831,0.000878990503316251,3.79631516774203,0.261257893114813,0.0896668139447359,0.187119022023059,0.206693034867288,0.0610520026081241,0.19421123344198
"iron.mg","Iron","Fiji","NAOBF2",2019,27,10.33,22,1.67,19.83,"fringing","fore reef",5.62,"restriction",0.473012855941716,1.70257783552573,0.00113289826486162,3.77361695773741,0.394830182446659,0.00334192590592522,0.273293619289327,0.163685102827811,0.02957879633372,0.135270373196558
"iron.mg","Iron","Fiji","NAOBF3",2019,23,6,4.67,2.5,13.17,"fringing","fore reef",4.13,"restriction",0.492116150152459,1.18495788665439,0.000490041893442823,1.54336517207369,0.325203511960534,0.00245854029219678,0.273466700164097,0.0755198192401183,0.106884188566884,0.216467239776171
"iron.mg","Iron","Fiji","NAOBF4",2019,44.17,12.83,5.5,1.33,5.5,"fringing","fore reef",7.2,"restriction",0.492116150152459,1.18495785828653,0.000490041893442823,1.54336514721666,0.157211386158459,0.0473299558060733,0.124463508759876,0.0697688146348117,0.0810762691065068,0.520150065534273
"iron.mg","Iron","Fiji","NAOBT1",2019,25.83,15.5,2.5,5.33,20,"fringing","fore reef",4.25,"restriction",0.473013002082483,1.70257786998185,0.00113289826486162,3.77361699906269,0.392878804527418,0.0207595075685294,0.160891190736998,0.134948929195567,0.0240030006531777,0.26651856731831
"iron.mg","Iron","Fiji","NAOBT2",2019,38.67,19.17,2.67,3.17,9,"fringing","back reef",6.87,"restriction",0.473013002082483,1.70257786136782,0.00113289826486162,3.77361698487312,0.454149990263934,0.0266381572302458,0.327419745500401,0.141596019420476,0.0397587365603236,0.0104373510246201
"iron.mg","Iron","Fiji","NC1",2017,6.67,11.67,16.33,12.67,7.33,"fringing","fore reef",7.23,"restriction",-0.264627886771199,1.34490650000883,8.03370482042936e-05,2.99738636124077,0.126539246414285,0.0584893732563354,0.0329573390467735,0.0847503472106027,0.0133307506294219,0.683932943442582
"iron.mg","Iron","Fiji","NC2",2017,4.33,13,11.33,37,0,"fringing","fore reef",7.8,"restriction",-0.302063107176063,1.51824251314887,0.000140254467777423,3.30523340097973,0.507439138030529,0.209103436891406,0.129368994209104,0.0916540188872896,0.0550568253489189,0.00737758663275192
"iron.mg","Iron","Fiji","NF1",2017,3.67,30.33,2,13,24,"fringing","fore reef",5.57,"restriction",-0.169804748032487,1.39559005298009,5.64546131770521e-05,3.28125958461378,0.203092770088124,0.0498408010160582,0.504587983075246,0.193642067465348,0.0420918817441144,0.00674449661110884
"iron.mg","Iron","Fiji","NF4",2017,3.67,15.33,4.67,3,46.67,"fringing","fore reef",3.23,"restriction",-0.169804748032487,1.39559005298009,5.64546131770521e-05,3.28125959052256,0.264995419335455,0.14180939959296,0.32578502385111,0.0647573057525299,0.161215775828873,0.0414370756390724
"iron.mg","Iron","Fiji","NP1",2019,32,5.33,14.33,3.33,11.5,"fringing","fore reef",7.62,"restriction",-0.283635173172106,1.65222694724211,3.64792043747266e-05,2.67904678594664,0.508717626248335,0.129074628209421,0.156791760453517,0.114631899253435,0.0601185468432225,0.0306655389920683
"iron.mg","Iron","Fiji","NS1",2017,10.67,44,6,5.67,3,"fringing","fore reef",4.47,"restriction",0.482975179384918,1.82060014779348,0.00378860045443916,3.24689240403881,0.210557920465348,0.261684651102316,0.427756625472362,0.0711460514602113,0.0228222028195701,0.00603254868019307
"iron.mg","Iron","Fiji","NTRFT8",2019,38.33,14.5,0,5.5,7.17,"fringing","fore reef",4.73,"restriction",0.507760775070823,2.72054033673888,0.0333413121355599,3.2425848088709,0.429005473735978,0.00347753438423037,0.0421670165728428,0.234851173259123,0.0426264944356296,0.247872307612197
"iron.mg","Iron","Fiji","NV1",2017,17,38.67,4.67,10.67,5,"fringing","fore reef",6,"restriction",-0.207662950986604,0,0,3.35643994432316,0.461186067705304,0.0937187217864742,0.122702838925253,0.0324271355747356,0.0395231898325569,0.250442046175677
"iron.mg","Iron","Fiji","TF3",2017,5.67,42.67,2.33,17.33,15.67,"fringing","fore reef",4,"restriction",-0.302063107176063,1.51824251314887,0.000140254467777423,3.30523340248512,0.487178975479027,0.0425140004061209,0.125248477022406,0.337998546343281,0.00183771919189414,0.00522228155727084
"iron.mg","Iron","Fiji","TF4",2017,3,35.33,19.33,22,0,"fringing","fore reef",6.5,"restriction",-0.302063107176063,1.51824251314887,0.000140254467777423,3.30523339689368,0.863148486048622,0.0677622294647932,0.0133855863949453,0.0339079604805859,0.0212285127418941,0.000567224869159697
"iron.mg","Iron","Fiji","TF5",2017,5.33,34,37.67,2.33,1.67,"fringing","fore reef",5.77,"restriction",-0.302063107176063,1.51824249998021,0.000140254467777423,3.30523338721617,0.580365551600806,0.0743270048772786,0.273553280319653,0.035910661116923,0.0159065777381933,0.0199369243471458
"iron.mg","Iron","Fiji","TT3",2017,3.67,46,14.33,4,11.33,"fringing","fore reef",6.87,"restriction",-0.302063107176063,1.51824249998021,0.000140254467777423,3.30523339345279,0.438279624584373,0.0628564968787787,0.167562841004497,0.0825501769075823,0.126410090516289,0.122340770108479
"iron.mg","Iron","Fiji","V1",2017,8.67,2.33,19.67,15,25,"fringing","fore reef",3.9,"restriction",-0.210269848565267,1.44717703131018,6.68762008777872e-05,3.02909478521213,0.499060204438626,0.128362140565623,0.213456094716412,0.121135234213948,0.033865040337288,0.0041212857281026
"iron.mg","Iron","Fiji","V4",2017,14.33,19.67,5.67,3.33,28,"fringing","fore reef",7.17,"restriction",-0.130163623535747,1.36412035199545,8.68580278028723e-06,2.40434460866772,0.316531975444151,0.0408129222221161,0.108435756420423,0.0136931022962976,0.00567112148729633,0.514855122129716
"iron.mg","Iron","Fiji","V6",2017,6.67,29,6.67,2.33,9.33,"fringing","fore reef",5.7,"restriction",-0.207662950986604,0,0,3.35643994413202,0.258126070362119,0.0343500664938976,0.271026276766362,0.0710418639482576,0.121645291743445,0.243810430685919
"iron.mg","Iron","Fiji","VIR1",2018,37.17,2.5,1.33,8.33,11.33,"barrier","fore reef",8.77,"no-take",0.322632711692223,0,0.00010942842203743,0.310436907357888,0.283219524905601,0.0319328035645031,0.142562476785083,0.0983800100140269,0.0636455631756905,0.380259621555096
"iron.mg","Iron","Fiji","VIR10",2018,3.33,10,0.83,2,67.5,"barrier","fore reef",8.37,"restriction",0.52890269469723,2.1221497195318,0.0139102498205329,0,0.170473206634276,0.0644981007685326,0.118868945651711,0.0617336407982092,0.0236415786459505,0.56078452750132
"iron.mg","Iron","Fiji","VIR11",2018,7.5,6,2.33,11.33,49.83,"barrier","fore reef",7.42,"restriction",0.441576689819574,1.51417760794607,0.00793331606358139,0,0.300635872629655,0.0669799746852111,0.0598800318383931,0.054331147912487,0.143817236872203,0.374355736062051
"iron.mg","Iron","Fiji","VIR2",2018,39,13.17,4,6.83,3.17,"barrier","fore reef",8.38,"no-take",0.32263250508205,0,0.00010942842203743,0.310436907357888,0.274713091322136,0.038595775234348,0.249570131951181,0.0182662197349557,0.204905990720429,0.213948791036951
"iron.mg","Iron","Fiji","VIR3",2018,37.5,17.83,1.5,8,4.83,"barrier","fore reef",8.43,"no-take",0.322632711692223,0,0.00010942842203743,0.310436907357888,0.541662881293698,0.00599495575436109,0.174725539767718,0.0404462569975626,0.0981229607282031,0.139047405458457
"iron.mg","Iron","Fiji","VIR5",2018,14.17,23.5,3.17,9.33,19.17,"barrier","fore reef",8.15,"no-take",0.369567048477107,0.0192251621146958,0.000735939540833511,0.310436907357888,0.147476004573243,0.1002746364788,0.216930311805936,0.0971836172841292,0.0761619708534129,0.361973459004479
"iron.mg","Iron","Fiji","VIR6",2018,9.83,22,1.83,5.33,42.33,"barrier","fore reef",10.62,"restriction",0.52890269469723,2.12214969002806,0.0139102498205329,0,0.0853499114502973,0.00254568411998676,0.0597175817031742,0.0414507707394682,0.0060541224731599,0.804881929513914
"iron.mg","Iron","Fiji","VIR7",2018,6.67,7.83,4,2.83,41.17,"barrier","fore reef",10.07,"restriction",0.474338519709304,1.63933012507053,0.00792691951868388,0,0.0796021244232335,0.0043827392653901,0.0988990602105504,0.0164619612423665,0.199082234338061,0.601571880520398
"iron.mg","Iron","Fiji","VIR9",2018,12.5,16.67,0.5,11.33,32.67,"barrier","fore reef",8.17,"no-take",0.411920409680825,0.761202306569048,0.00253192494542939,0.310436907357888,0.18123147040012,0.0516480099108473,0.107412606585811,0.170103219678002,0.0681316994170342,0.421472994008185
"iron.mg","Iron","Fiji","Vatu01",2017,12.33,6,13.33,21,4.67,"lagoon","back reef",1,"restriction",-2.1670442493954,0,0,1.23884845484587,0.571082172481148,0.0541038158626121,0.254823348481509,0.00673443521354172,0.0974642861519714,0.015791941809218
"iron.mg","Iron","Fiji","Vatu02",2017,46.67,4.33,2,1,29,"fringing","fore reef",11,"restriction",-2.1670442493954,0,0,1.23884842978848,0.246915644842907,0.387577166879204,0.169632214972203,0.0440115178096749,0.0637286760214621,0.0881347794745486
"iron.mg","Iron","Fiji","Vatu03",2017,36,30.33,1,9.67,1.33,"fringing","fore reef",9.97,"restriction",-2.1670442493954,0,0,1.23884845484587,0.454232536239912,0.0640041853831063,0.0635424889002124,0.0925356134839622,0.0825424645564616,0.243142711436346
"iron.mg","Iron","Fiji","Vatu04",2017,34.67,18.33,1.67,9.33,2.67,"fringing","fore reef",10,"restriction",-2.1670442493954,0,0,1.23884845484587,0.588342730359253,0.117009699594513,0.0149412330221342,0.213509520252791,0.0376316381445829,0.0285651786267252
"iron.mg","Iron","Fiji","Vatu05",2017,20.33,1.67,1,22,2.67,"fringing","fore reef",10.67,"restriction",-2.1670442493954,0,0,1.23884845484587,0.387214936451751,0.0562425267532085,0.167035666462426,0.251122820337486,0.0903704127512454,0.0480136372438838
"iron.mg","Iron","Fiji","Vatu06",2017,21,1.33,26.67,8.33,13,"fringing","fore reef",10,"restriction",-2.1670442493954,0,0,1.23884845484587,0.360837379263263,0.0772938449162587,0.109737945296603,0.427992802642149,0.0213542749337281,0.00278375294799771
"iron.mg","Iron","Fiji","WaiE2",2019,19,12.33,7,7.33,15,"patch","fore reef",7.33,"restriction",1.28149093162505,1.70394458153911,0.0107603022295112,2.43653758672149,0.683676841283743,0.00403860395804,0.0944361881132099,0.132769723494046,0.0714809254113173,0.0135977177396443
"iron.mg","Iron","Fiji","WaiE5",2019,10,22,15,1,8.67,"patch","fore reef",6.03,"restriction",1.28462843383306,1.80336540564203,0.0109047484434043,3.45978624340369,0.467700138561678,0.00373287529344486,0.196453870376287,0.143374300447141,0.116829249143442,0.0719095661780067
"iron.mg","Iron","Fiji","Yac02",2017,34,1,9.67,10,9.33,"fringing","fore reef",11,"restriction",-3.44249279809434,0.423210801192671,0,2.23390428581903,0.246317493037101,0.164658284009264,0.10306442012319,0.438186706183313,0.0433526597300642,0.00442043691706849
"iron.mg","Iron","Fiji","Yac03",2017,10.67,9.33,1.67,54,0.67,"fringing","fore reef",10.17,"restriction",-3.44249279809434,0.423210801192671,0,2.2339043010256,0.314030393722534,0.0494787096127102,0.131567355035834,0.315480265806437,0.0816787224089701,0.107764553413515
"iron.mg","Iron","Fiji","Yac04",2017,15.33,30,6.67,16.33,2.33,"fringing","fore reef",10.1,"restriction",-3.44249279809434,0.329036461101657,0,2.21686170741671,0.251197742185022,0.033745162602057,0.136798901343355,0.380446286591674,0.00847653720822762,0.189335370069664
"iron.mg","Iron","Fiji","Yac06",2017,34.67,6.67,4,19.33,0,"fringing","fore reef",9.67,"restriction",-3.44249279809434,0.415618797622258,0,2.23390429849117,0.436689229327525,0.081300256929566,0.171464134915347,0.252960175602109,0.0238864135984847,0.0336997896269685
"iron.mg","Iron","Fiji","Yac07",2017,34.33,22,12,5.33,0,"fringing","fore reef",9.53,"restriction",-3.44249279809434,0.415618797622258,0,2.23390427821574,0.746484011149613,0.0177663417905766,0.0266701225759644,0.127460081559055,0.0191052892646087,0.0625141536601827
"iron.mg","Iron","Fiji","Yac08",2017,20,15.67,2.67,19.67,1,"fringing","fore reef",9.8,"restriction",-3.44249279809434,0.415618797622258,0,2.23390425794032,0.599882862449607,0.021424585381581,0.194663611276246,0.0875538729796285,0.0626206995903052,0.0338543683226329
"iron.mg","Iron","Fiji","Yac09",2017,30,11,7.33,8,0.67,"fringing","fore reef",11.13,"restriction",-3.44249279809434,0.397101184481657,0,2.21686170741671,0.610871866345307,0.0133583005862511,0.0514558985810179,0.138005347333729,0.149422140451222,0.0368864467024725
"iron.mg","Iron","Fiji","Yac13",2017,20.33,8,10.67,28.33,0,"fringing","fore reef",10.5,"restriction",-3.44249279809434,0.415618797622258,0,2.23390427568132,0.201093595945029,0.224405780546287,0.213211175862446,0.113839183672007,0.120539731941802,0.126910532032429
"iron.mg","Iron","Fiji","Yac15",2017,26,19.33,23,1,0,"fringing","fore reef",9.5,"restriction",-3.44249279809434,0.415618797622258,0,2.23390428075017,0.39393790767095,0.0262484072410482,0.109202713113629,0.264217353832274,0.0665906408394908,0.139802977302608
"iron.mg","Iron","Fiji","Yac16",2017,31.33,9.67,27.33,0.67,1,"fringing","fore reef",8.9,"restriction",-3.44249279809434,0.423210801192671,0,2.23390427568132,0.603749791972304,0.0115018352025411,0.129568485361298,0.183893471588693,0.0500499979172964,0.0212364179578676
"iron.mg","Iron","Fiji","Yac19",2017,17.33,6,12.67,22,0.67,"fringing","fore reef",8.83,"restriction",-3.44249279809434,0.329036461101657,0,2.21686168896568,0.352465426523614,0.00519697309074637,0.0302787949245373,0.148104665364589,0.46180219742971,0.00215194266680233
"iron.mg","Iron","Fiji","Yac20",2017,33,0.67,6.33,4.33,21,"fringing","fore reef",10,"restriction",-3.44249279809434,0.423210801192671,0,2.23390429088789,0.434522610362432,0.0333418292758964,0.103634121282032,0.233411179511072,0.038666796386371,0.156423463182197
"iron.mg","Iron","Fiji","Yac21",2017,26,2.67,3.33,40.33,1,"fringing","fore reef",9.9,"restriction",-3.44249279809434,0.423210801192671,0,2.23390427314689,0.259679234330456,0.00483375076545062,0.19879174452512,0.271745094249955,0.0900988755340292,0.174851300594989
"iron.mg","Iron","Madagascar","Ambato_04",2015,32.5,19.5,12,0,0,"fringing","fore reef",10,"no-take",0.3245112743743,2.91390714364728,0.00170213447254418,3.62699041209403,0.693771539749521,0.0207107720566416,0.083203874245078,0.0453823220943339,0.0300238611161962,0.126907630738229
"iron.mg","Iron","Madagascar","Ambato_05",2015,53.5,2,3.5,0,0,"fringing","fore reef",11,"restriction",0.3245112743743,2.91390714205874,0.00170213447254418,3.62699041086383,0.398148913004458,0.0506996716882224,0.313081494233572,0.0305509553895599,0.0461730636971368,0.16134590198705
"iron.mg","Iron","Madagascar","Ambatomilay_18",2016,28.5,35,20.3333333333333,0.666666666666667,1.33333333333334,"patch","fore reef",5.3,"no-take",-0.37940697862092,1.57317595454219,0.00483577248362384,1.40580527772578,0.0528325671878981,0.00778688136465635,0.254423470492319,0.0153514375446167,0.0304087822844179,0.639196861126092
"iron.mg","Iron","Madagascar","Ambatomilay_18",2020,23.5,0,46,1,4,"patch","fore reef",5.9,"no-take",-0.37940697862092,1.57317595454219,0.00483577248362384,1.40580527772578,0.02392240810265,0.0330117290391531,0.125156817735367,0.0101002658164961,0.0370204905709408,0.770788288735393
"iron.mg","Iron","Madagascar","Andravona_08",2016,23.5,7,5,0,0,"barrier","fore reef",10,"restriction",0.4095410674711,0.437761182300146,0.0102609362420578,2.35710782241827,0.127983033315919,0.344472376076354,0.141958021748971,0.0368382601724693,0.0765681120126579,0.27218019667363
"iron.mg","Iron","Madagascar","Andravona_12",2016,34,3,2.5,0,0,"barrier","fore reef",10,"restriction",0.306195487841947,0.450920667239613,0.0121793819720125,2.42828416888001,0.141282087352033,0.0318817020440544,0.106486686801939,0.0201282752301353,0.119954542729039,0.580266705842799
"iron.mg","Iron","Madagascar","Anka_01",2016,23,6.5,1.5,0,0,"barrier","fore reef",9,"restriction",0.668429250779931,0.8766211659568,0.00635050026994822,3.35926704420885,0.296199747669298,0.0162093235709261,0.0756127177673108,0.29852579443365,0.0387203053585986,0.274732111200216
"iron.mg","Iron","Madagascar","Ankaso_15",2016,31.6666666666667,0.5,17.1666666666667,6.66666666666667,1.66666666666666,"fringing","fore reef",6.43333333333334,"no-take",-0.22010206007448,1.41948706863103,0.00604266625312494,2.33664957910494,0.401923750745936,0.00840207453038187,0.103967505655299,0.0739039835965265,0.0823912545072086,0.329411430964648
"iron.mg","Iron","Madagascar","Antanambe_14",2015,48.5,13.5,8,0.5,0,"fringing","fore reef",9,"restriction",0.307747128723878,2.13369116576022,0.000619296462665888,3.35989816756043,0.489394915759324,0.0973944731060051,0.166903723219112,0.0882388357174751,0.102483284697062,0.0555847675010219
"iron.mg","Iron","Madagascar","Antanambe_15",2015,45.5,0,44.5,0,0.5,"fringing","fore reef",4,"no-take",0.307747128723878,0,0,3.72533462028454,0.432351633178091,0.0537441364168749,0.1319312728721,0.0237824970096662,0.339114232203756,0.019076228319512
"iron.mg","Iron","Madagascar","Antsa_09",2016,6,68.5,0.5,15.5,0,"barrier","fore reef",10,"open-access",0.930600641260254,1.18159785633588,0.00440478471223472,3.19597352183097,0.211552866166612,0.0822729506160326,0.214798507124784,0.157625883451663,0.00521344406908448,0.328536348571823
"iron.mg","Iron","Madagascar","Antsi_20",2015,60,3,21.5,0,0,"fringing","fore reef",8,"no-take",0.189002124866062,3.3077400657316,0.0213410688096841,4.03827728993596,0.449819265330287,0.0156465247073129,0.0549108547406541,0.0387478348166343,0.130785255423957,0.310090264981155
"iron.mg","Iron","Madagascar","Antsoa_07",2016,55,0.166666666666666,13.8333333333333,9.33333333333335,5.83333333333335,"fringing","fore reef",5.6,"no-take",0.119714362489963,1.2672329713443,0.00473740915839478,2.56842118686096,0.24151418246564,0.0102438180178562,0.0238818546395462,0.0223603206770487,0.03986616866012,0.662133655539789
"iron.mg","Iron","Madagascar","Beangovo_04",2016,35.6666666666667,0,13.5,4.33333333333333,5,"fringing","fore reef",5.66666666666667,"no-take",0.0404781252051587,0.00152733064374875,0.000557710157162506,1.36533316501109,0.0936320547460904,0.142687252226345,0.035592334050733,0.0176970713757552,0.620956228757107,0.0894350588439694
"iron.mg","Iron","Madagascar","Beangovo_04",2020,41,0,16.5,10,15,"fringing","fore reef",7,"open-access",0.0404781252051587,0.00152733064374875,0.000557710157162506,1.36533316501109,0.199280533530741,0.00123378384813116,0.0676410871122231,0.00308789119080362,0.0443943164536248,0.684362387864477
"iron.mg","Iron","Madagascar","Imor_18",2015,48,3,21,0,0,"fringing","fore reef",8,"restriction",0.199842356410181,3.00247723654619,0.0133281636889953,3.52997919999518,0.245079108729599,0.0532959355933552,0.113039957291032,0.0308093168365892,0.420946857584388,0.136828823965037
"iron.mg","Iron","Madagascar","Imor_19",2015,44.5,5.5,35,0,0,"fringing","fore reef",7,"no-take",0.189002124866062,3.30774005418543,0.0213410688096841,4.03827727820512,0.434268463874715,0.364381777878044,0.0634005523011899,0.00999002354239216,0.0326186402901785,0.0953405421134809
"iron.mg","Iron","Madagascar","Madiro_17",2016,32.1666666666667,9.66666666666666,44.6666666666667,0.833333333333335,1.16666666666666,"fringing","fore reef",4.28333333333333,"restriction",-0.211399671224856,2.16028800477898,0.0120036761670675,2.86279632607602,0.312336551506037,0.0199558573272688,0.163190850498642,0.050200936401336,0.0594098520126351,0.394905952254081
"iron.mg","Iron","Madagascar","Madiro_17",2020,28.5,10,32,1.5,1.5,"fringing","fore reef",2.85,"restriction",-0.211399671224856,2.16028800477898,0.0120036761670675,2.86279632607602,0.145117810272336,0.258353014670128,0.103863168653001,0.0295128002612934,0.0349668143641905,0.428186391779051
"iron.mg","Iron","Madagascar","Malo_03",2015,53,2.5,13.5,0,0,"fringing","fore reef",10,"no-take",0.3245112743743,2.91390712935041,0.00170213447254418,3.62699039784423,0.398858545349111,0.0600722319789459,0.230335257550329,0.0446993201471615,0.169825548386773,0.0962090965876796
"iron.mg","Iron","Madagascar","Mand_12",2015,40,8.5,9,0,0,"fringing","fore reef",8,"restriction",0.335473948225945,2.18627657905662,0.000795333085038263,3.50021051740527,0.629792204939207,0.061004672275351,0.0605598236970465,0.0581208821691624,0.153007231045891,0.0375151858733418
"iron.mg","Iron","Madagascar","NT02",2016,56,13,17.5,0,0,"fringing","fore reef",6,"no-take",-0.0788594662145182,2.18258141289341,0.0294600769288348,2.30679950027447,0.141450234859869,0.172885120703799,0.225405146572463,0.0388167624302534,0.215790759116391,0.205651976317225
"iron.mg","Iron","Madagascar","NosyFisaka_02",2016,56.5,0,28.5,0.833333333333335,5.16666666666665,"patch","fore reef",4.33333333333333,"no-take",0.220426366796386,0.623684917376674,0.00173847098940988,2.53677443520652,0.309398319345123,0.0530700659703994,0.0311242980308763,0.0686916630483487,0.0408613243657366,0.496854329239516
"iron.mg","Iron","Madagascar","NosyFisaka_02",2016,56.5,0,28.5,0.833333333333335,5.16666666666665,"patch","fore reef",4.33333333333333,"no-take",0.18526273402698,0.00959790211971129,0.000823943134501998,0,0.309398319345123,0.0530700659703994,0.0311242980308763,0.0686916630483487,0.0408613243657366,0.496854329239516
"iron.mg","Iron","Madagascar","NosyKarabo_06",2016,58.8333333333333,0.333333333333333,19.5,0.666666666666665,3.16666666666667,"patch","fore reef",4.33333333333333,"restriction",0.119714362489963,1.2672329713443,0.00473740915839478,2.56842118686096,0.15083658685274,0.0425978580982242,0.112268156204753,0.085660502725345,0.0139434455346791,0.594693450584258
"iron.mg","Iron","Madagascar","NosyKarabo_06",2020,68.5,0,8.5,2,9.5,"patch","fore reef",3,"restriction",0.119714362489963,1.2672329713443,0.00473740915839478,2.56842118686096,0.143892908618257,0.030583364490487,0.0294808513472294,0.00127151158988788,0.118691363232052,0.676080000722088
"iron.mg","Iron","Madagascar","NosyLava_01",2016,73,0,17,0,0.5,"fringing","fore reef",6,"no-take",0.285535706257928,1.14074096604255,0.00644849896509596,2.37890108928512,0.419943092065786,0.0242857308452064,0.0695807644251434,0.00798788958844771,0.0266151912947444,0.451587331780672
"iron.mg","Iron","Madagascar","Plateau_13",2016,2.5,10,6,0,0,"barrier","fore reef",14,"no-take",0.270817452263233,2.65620297671553,0.0107902967738949,3.58856544727349,0.0881894738842818,0.0305218889748264,0.0834135227896224,0.0686477327987509,0.47688140024377,0.252345981308748
"iron.mg","Iron","Madagascar","Ratapenjiky_12",2016,40.8333333333333,0.833333333333333,29.8333333333333,0.833333333333335,0.833333333333335,"fringing","fore reef",3.83333333333333,"restriction",0.144843728993588,0.859557132376662,0.00265323534959275,3.10396434771955,0.162966247875434,0.00936238823193623,0.267938065172784,0.0347576396972437,0.421610017907824,0.103365641114778
"iron.mg","Iron","Madagascar","Sal_N1_11",2016,29,23.5,1.5,2,0,"barrier","fore reef",9,"restriction",0.668429250779931,0.8766211659568,0.00635050026994822,3.35926704022102,0.124938295424961,0.00955824195684414,0.0389767455804008,0.165530656829139,0.0563941447615443,0.604601915447111
"iron.mg","Iron","Madagascar","Sal_N2_02",2016,38.5,10.5,0,6,0,"barrier","fore reef",10,"no-take",0.713792428217115,0.887046886265704,0.00408352168303751,2.7391960713993,0.272181999744012,0.0937574188729483,0.0834771900113103,0.220658063577343,0.106093907058278,0.223831420736109
"iron.mg","Iron","Madagascar","Sal_N2_05",2016,25.5,53,0,0,3,"barrier","fore reef",10,"restriction",0.48827383602803,0.46980111045249,0.00803607430368412,2.35393220666523,0.0108263517023618,0.14691821965446,0.127277385873622,0.480051615566402,0.161432561030793,0.0734938661723614
"iron.mg","Iron","Madagascar","Tandavandriva_North",2020,48,13,16,0,8,"lagoon","back reef",14.3,"open-access",0.270817452263233,2.65620297671553,0.0107902967738949,3.58856544727349,0.168698936145171,0.00939167002743784,0.0115236244942767,0.00242395856020631,0.0169612312870761,0.791000579485833
"iron.mg","Iron","Madagascar","Tsand_10",2016,8.5,43.5,0.5,2,0,"barrier","fore reef",10,"restriction",0.83596811425463,0.929466593304303,0.00347776567558497,3.33834642764376,0.253806955859544,0.0939779493367498,0.0940395763210036,0.140897595744035,0.0563149553452787,0.360962967393389
"iron.mg","Iron","Madagascar","Tsarabanjina_08",2016,39.5,0.5,18.5,1.66666666666666,5.83333333333335,"patch","fore reef",5,"no-take",0.0613438918927525,0.00766159313796636,0.00176918162704265,1.75446515133166,0.115729537765771,0.00840138501159325,0.241842841331161,0.0393665321369028,0.125023517030574,0.469636186723998
"iron.mg","Iron","Madagascar","Tsarabanjina_08",2020,41.5,1.5,18.5,5,17.5,"patch","fore reef",5,"open-access",0.0613438918927525,0.00766159313796636,0.00176918162704265,1.75446515133166,0.103279097749643,0.0244519865852827,0.297814739885329,0.00559423556270897,0.0234398038631989,0.545420136353838
"iron.mg","Iron","Madagascar","Vohi_16",2015,39.5,20.5,20.5,0,0,"fringing","fore reef",8,"no-take",0.199842356410181,2.78450566175297,0.00927535776339822,3.9361961952502,0.516221275475277,0.367271029640338,0.085959896101747,0.00704951000499497,0.0198469465915037,0.00365134218613979
"iron.mg","Iron","Solomon Islands","Chubikopi 4",2019,21.33,1.67,25.33,0.67,12.67,"barrier","fore reef",7.93,"restriction",-0.890040305117803,1.47124180834292,0,3.03561515274996,0.430100648609565,0.0291827643176776,0.138667431857027,0.236481841646188,0.0660645424277106,0.0995027711418311
"iron.mg","Iron","Solomon Islands","Chubikopi 5",2019,49,1.33,17,0.67,5.67,"barrier","fore reef",7.67,"restriction",-0.890040305117803,1.47124182301672,0,3.03561516875399,0.16128378821939,0.029253619098482,0.0440148062400241,0.00205125459467232,0.0128967792466063,0.750499752600825
"iron.mg","Iron","Solomon Islands","KOL01",2016,29.67,20,3,0,1.33,"fringing","fore reef",11,"restriction",-1.11250647997838,1.59899040030616,0,3.17296013828747,0.205343840518143,0.059481573095276,0.153546968160261,0.00102365500231988,0.137297733092309,0.443306230131692
"iron.mg","Iron","Solomon Islands","KOL02",2016,3,36.67,21.33,2.67,9.33,"fringing","fore reef",8,"restriction",-1.09312646527793,1.66445147402983,0,3.18705462794223,0.603951656947442,0.0144757423168847,0.170856855445784,0.105544361684851,0.0629558647453127,0.0422155188597257
"iron.mg","Iron","Solomon Islands","KOL03",2016,16,6.33,16.67,1.67,30,"fringing","fore reef",8.43,"restriction",-1.07185516873645,1.72650580093019,0,2.67490389689889,0.461496779741381,0.0229546144859305,0.0688048371308196,0.0480597096078904,0.051534378022638,0.34714968101134
"iron.mg","Iron","Solomon Islands","KOL04",2016,41.67,10,14,0.33,4.67,"fringing","fore reef",7.23,"restriction",-1.0830357263734,1.77942782672446,0,2.69424112426601,0.51961227026119,0.067986267130622,0.137042423528554,0.0601122952288883,0.0606485385208853,0.154598205329861
"iron.mg","Iron","Solomon Islands","KOL05",2016,27.67,16.33,19,0.67,17.67,"fringing","fore reef",9.1,"restriction",-1.0830357263734,1.77942781950746,0,2.69424112250982,0.471551167265905,0.00798354459629367,0.0800219718976923,0.0743482410526732,0.0957468545619736,0.270348220625462
"iron.mg","Iron","Solomon Islands","KOL06",2016,44,11,12,1,7,"fringing","fore reef",7.67,"restriction",-1.09966564952249,0,0,2.85591418938216,0.396595092023129,0.038186580101122,0.0756868641699713,0.0609989120156097,0.016612934228047,0.411919617462121
"iron.mg","Iron","Solomon Islands","KOL07",2016,40,20.67,7.33,1,0.67,"fringing","fore reef",7.6,"restriction",-1.03139098425051,1.76150825610416,0,2.20673029105554,0.452533311085829,0.0834450544671867,0.271393920975995,0.00265128816146387,0.0845803802546882,0.105396045054837
"iron.mg","Iron","Solomon Islands","KOL08",2016,30,23.67,8.67,0,2.67,"fringing","fore reef",7.57,"restriction",-1.03139098425051,1.76150826362516,0,2.20673030184784,0.422306738461117,0.0363265370840888,0.119127472476836,0.0032300929578928,0.0669351170268308,0.352074041993235
"iron.mg","Iron","Solomon Islands","KOL09",2016,33.67,21.33,15.67,0.33,0.33,"fringing","fore reef",6.73,"restriction",-1.03139098425051,1.76150826362516,0,2.20673029645169,0.409721518455947,0.0553161133905894,0.204083666863133,0.192152777586559,0.0634890961454692,0.0752368275583021
"iron.mg","Iron","Solomon Islands","KOL10",2016,22.67,4.33,17,3.33,27,"fringing","fore reef",7.67,"restriction",-1.14224547794056,0,0,3.09925067392501,0.397661587686635,0.0111946545159628,0.10231675308461,0.00857580408629137,0.0587366645546456,0.421514536071855
"iron.mg","Iron","Solomon Islands","KOL11",2016,19,24.33,11.33,4.33,5,"fringing","fore reef",7,"restriction",-1.09722499070065,1.78952206434913,0,2.94723685756451,0.578380051368195,0.0509332992767829,0.0603741108832286,0.0301793593930433,0.0859508494275401,0.19418232965121
"iron.mg","Iron","Solomon Islands","KOL12",2016,19.67,11.33,10,8,6.67,"fringing","fore reef",4.87,"restriction",-1.13399637445319,1.82158600957686,0,2.98364662001855,0.345311792789159,0.0134906433032846,0.101234297194359,0.299716474190159,0.0673455108267149,0.172901281696324
"iron.mg","Iron","Solomon Islands","KOL13",2016,21,9.33,25.33,1.67,21,"fringing","fore reef",5.13,"restriction",-1.13399637445319,1.82158600957686,0,2.98364662092047,0.445055192537603,0.0175464208758236,0.140982062011585,0.00591662999479141,0.0195026188947092,0.370997075685488
"iron.mg","Iron","Solomon Islands","KOL14",2016,26.67,6,6.67,7,23.33,"fringing","fore reef",2.73,"restriction",-1.1741715834498,0,0,2.5830936018722,0.501148352477123,0.00275793520791817,0.164474461860546,0.0444007560643831,0.0103548353129293,0.2768636590771
"iron.mg","Iron","Solomon Islands","KOL15",2016,13.33,1,50.33,0,6.67,"fringing","fore reef",5,"restriction",-1.19316907238652,0,0,2.67767955776887,0.590059383973614,0.00446765249972241,0.120866698997388,0.0285765134429894,0.073049722884317,0.182980028201969
"iron.mg","Iron","Solomon Islands","KOL16",2016,20.67,3.67,33,0,20.33,"fringing","fore reef",5,"restriction",-1.19860315092913,0,0,2.83553453410849,0.238258264989803,0.00104891513230825,0.0451298999977651,0.0124890480599017,0.0163691081465072,0.686704763673715
"iron.mg","Iron","Solomon Islands","KOL17",2016,21.67,20.33,10,2.33,6.67,"fringing","fore reef",5.3,"restriction",-1.21303574056427,0,0,3.08857116211021,0.293702646650829,0.0831723795731815,0.0679343909223259,0.0431060906143474,0.0114019882599261,0.50068250397939
"iron.mg","Iron","Solomon Islands","KOL18",2016,44.67,8.67,10.67,3.33,14.33,"fringing","fore reef",2.87,"restriction",-1.21608927778466,1.66352327109414,0,3.34885874463165,0.517405335688669,0.024055986345617,0.0980692933917431,0.0643710205027463,0.0398047178527278,0.256293646218497
"iron.mg","Iron","Solomon Islands","KOL20",2016,26.33,3.33,26.67,3.67,16.67,"fringing","fore reef",3.87,"restriction",-1.29423033804278,1.66953305333037,0,3.50391912714388,0.28074010089948,0.0453727497798354,0.0973907132112407,0.0561482304735469,0.0863469072419607,0.434001298393936
"iron.mg","Iron","Solomon Islands","Kicha 1 PC",2019,50.67,10.67,10,5,9.67,"fringing","fore reef",7.77,"no-take",-0.726725497909684,0.665216706276208,0,2.284488065956,0.272536131640819,0.0473846874456169,0.109856330643118,0.069875843785805,0.0436427148634599,0.456704291621181
"iron.mg","Iron","Solomon Islands","Malemale 1",2019,41.33,6.67,1.67,10.33,7.33,"fringing","fore reef",9,"restriction",-0.743722542967329,1.03302156543205,0,2.68871853965878,0.227416533826628,0.0255618190725636,0.137690291410158,0.0179814627278226,0.01870422988433,0.572645663078498
"iron.mg","Iron","Solomon Islands","Malemale 2",2019,34.33,28,2.33,6,5,"fringing","fore reef",9.67,"restriction",-0.743722542967329,1.30685265599215,0,3.12572826118965,0.131674261814833,0.0043133682883199,0.0534537946720712,0.0241958844187913,0.0211945718110279,0.765168118994957
"iron.mg","Iron","Solomon Islands","Mbulo 1",2019,52.67,13.67,0.33,2.33,4.33,"fringing","fore reef",9,"restriction",-0.743722542967329,1.03302156543205,0,2.68871853876944,0.284589250800996,0.261001065685677,0.219047916428515,0.0198436147794828,0.104865221821947,0.110652930483382
"iron.mg","Iron","Solomon Islands","Mbulo 2",2019,63.33,19,0.33,2,1.67,"fringing","fore reef",9.33,"restriction",-0.743722542967329,1.03302156543205,0,2.68871854054811,0.43519149118813,0.0261270720078907,0.19122595523983,0.208069316362628,0.110728385106725,0.0286577800947966
"iron.mg","Iron","Solomon Islands","Mbulo 4",2019,61,13,0,4.67,5.33,"fringing","fore reef",9,"restriction",-0.743722542967329,1.03302156543205,0,2.68871853699077,0.629531428026099,0.00653670854645528,0.0697481062330349,0.155206361262137,0.0960498193984348,0.0429275765338391
"iron.mg","Iron","Solomon Islands","P11",2019,40.33,12.33,20,0,12.67,"barrier","fore reef",7.93,"restriction",-1.18514667967006,1.41215508985241,0,3.13475448290468,0.229983280082487,0.00666519050194524,0.0174353607432009,0.0526402899302017,0.0273165146323054,0.66595936410986
"iron.mg","Iron","Solomon Islands","P12",2018,52.67,1.33,8.33,0,13.33,"barrier","fore reef",7.93,"restriction",-1.194356439403,1.66944220340374,0,3.34052331856808,0.106997410169508,0.00266976559195106,0.0372067732131825,0.275321954456877,0.200867005300765,0.376937091267717
"iron.mg","Iron","Solomon Islands","P12",2018,52.67,1.33,8.33,0,13.33,"barrier","fore reef",7.93,"restriction",-1.194356439403,1.66944220340374,0,3.34052331599055,0.106997410169508,0.00266976559195106,0.0372067732131825,0.275321954456877,0.200867005300765,0.376937091267717
"iron.mg","Iron","Solomon Islands","P12",2019,42,4.67,10,0,14.67,"barrier","fore reef",8.3,"restriction",-1.194356439403,1.66944220340374,0,3.34052331856808,0.0922353872555946,0.00320324541674373,0.0432037886118274,0.00484124323183487,0.0361388681533231,0.820377467330676
"iron.mg","Iron","Solomon Islands","P12",2019,42,4.67,10,0,14.67,"barrier","fore reef",8.3,"restriction",-1.194356439403,1.66944220340374,0,3.34052331599055,0.0922353872555946,0.00320324541674373,0.0432037886118274,0.00484124323183487,0.0361388681533231,0.820377467330676
"iron.mg","Iron","Solomon Islands","P13",2019,38.33,6.33,6.67,0,3.67,"barrier","fore reef",8.73,"restriction",-1.1795817758913,1.18051908643763,0,2.97940714093651,0.133540533265418,0.0016982843136912,0.0281359270798734,0.0342398126320185,0.0206190539665217,0.781766388742478
"iron.mg","Iron","Solomon Islands","P15",2019,46.33,6.33,15,0,1,"barrier","fore reef",9.13,"restriction",-1.19291844427156,0.770718316696318,0,2.95671765100887,0.543728609755188,0.00481697120928759,0.111569500260621,0.150586721477502,0.0495876114450119,0.13971058585239
"iron.mg","Iron","Solomon Islands","P17",2019,56,4.67,11,0,1,"barrier","fore reef",8.37,"restriction",-1.20265627383764,1.03470492261505,0,3.13443051015103,0.387070228342292,0.205432795776661,0.115088614123901,0.116484882407472,0.121722381961154,0.0542010973885189
"iron.mg","Iron","Solomon Islands","P4",2018,26,1,14.33,0.33,10.67,"barrier","fore reef",9.77,"restriction",-1.1795817758913,1.18051908643763,0,2.97940711862273,0.318254747238053,0.00114032330877003,0.0498377763642263,0.017796383818194,0.0211292088646175,0.591841560406139
"iron.mg","Iron","Solomon Islands","P4",2018,26,1,14.33,0.33,10.67,"barrier","fore reef",9.77,"restriction",-1.1795817758913,1.18051908643763,0,2.97940713228423,0.318254747238053,0.00114032330877003,0.0498377763642263,0.017796383818194,0.0211292088646175,0.591841560406139
"iron.mg","Iron","Solomon Islands","P4",2019,33.67,2,14.67,0,5.67,"barrier","fore reef",7.9,"restriction",-1.1795817758913,1.18051908643763,0,2.97940711862273,0.41040531384532,0.00978409173656945,0.0979185328787401,0.0833197307897531,0.0417373923409711,0.356834938408646
"iron.mg","Iron","Solomon Islands","P4",2019,33.67,2,14.67,0,5.67,"barrier","fore reef",7.9,"restriction",-1.1795817758913,1.18051908643763,0,2.97940713228423,0.41040531384532,0.00978409173656945,0.0979185328787401,0.0833197307897531,0.0417373923409711,0.356834938408646
"iron.mg","Iron","Solomon Islands","P6",2019,59.33,0.33,16.33,0,7.67,"barrier","fore reef",8.53,"restriction",-1.1795817758913,1.18051908643763,0,2.97940713911498,0.400968800210924,0.0818513211145235,0.104320568408419,0.0272128167913187,0.0789465480642625,0.306699945410552
"iron.mg","Iron","Solomon Islands","P7",2018,40,0.33,18,0,10,"barrier","fore reef",7.8,"restriction",-1.1795817758913,1.18051908643763,0,2.97940713365038,0.525882758953554,0.042008185460829,0.206983224075967,0.0906230932311561,0.124335381520233,0.0101673567582614
"iron.mg","Iron","Solomon Islands","P7",2018,40,0.33,18,0,10,"barrier","fore reef",7.8,"restriction",-1.1795817758913,1.18051908643763,0,2.97940713911498,0.525882758953554,0.042008185460829,0.206983224075967,0.0906230932311561,0.124335381520233,0.0101673567582614
"iron.mg","Iron","Solomon Islands","P7",2019,32,2,8,0,22,"barrier","fore reef",8.33,"restriction",-1.1795817758913,1.18051908643763,0,2.97940713365038,0.0802955289762118,0.00101303737304474,0.0475084728610127,0.00344897589919066,0.0334406689932808,0.834293315897259
"iron.mg","Iron","Solomon Islands","P7",2019,32,2,8,0,22,"barrier","fore reef",8.33,"restriction",-1.1795817758913,1.18051908643763,0,2.97940713911498,0.0802955289762118,0.00101303737304474,0.0475084728610127,0.00344897589919066,0.0334406689932808,0.834293315897259
"iron.mg","Iron","Solomon Islands","Peava 1",2019,53.67,7.33,3.67,0.33,1,"fringing","fore reef",10,"restriction",-0.743722542967329,1.30685265599215,0,3.12572825468706,0.13764012185147,0.00293126624227277,0.0647693098998203,0.157805614671557,0.488098706182073,0.148754981152806
"iron.mg","Iron","Solomon Islands","Peava 2",2019,20.33,19,0.67,3.33,22,"fringing","fore reef",9.33,"restriction",-0.743722542967329,1.30685265599215,0,3.12572826314042,0.197970747771095,0.0281050462907222,0.170638625557492,0.21319883021908,0.0897101640666117,0.300376586094999
"iron.mg","Iron","Solomon Islands","V1",2018,41.67,5,16,0.67,1.67,"fringing","fore reef",9,"restriction",-1.16682737961569,1.68841789081189,0,3.31825680972344,0.204968658121911,0.108545312782051,0.0600978423810056,0.017346880258877,0.0871196020541086,0.521921704402046
"iron.mg","Iron","Solomon Islands","V10",2018,39,1.67,40,0,3,"fringing","fore reef",7.7,"restriction",-1.20376574286888,0,0,3.32343388378749,0.400474964443097,0.0213229404312082,0.348814044228559,0.103899876331776,0.107087804908896,0.0184003696564646
"iron.mg","Iron","Solomon Islands","V2A",2018,53,3.33,10,0,0.33,"fringing","fore reef",7.5,"restriction",-1.16682737961569,1.68841788191237,0,3.31825680241886,0.404962627844054,0.0198867029041347,0.110767376790965,0.182076047449431,0.0394129049913253,0.242894340020089
"iron.mg","Iron","Solomon Islands","V4",2018,53.33,6.67,9.67,0,2.67,"fringing","fore reef",8.37,"restriction",-1.16682737961569,1.68841788191237,0,3.31825680784512,0.407137352456092,0.013436659340664,0.189206351504222,0.171698970249963,0.0157597901390246,0.202760876310034
"iron.mg","Iron","Solomon Islands","V5",2018,44.33,4,14.33,0,2,"fringing","fore reef",8.63,"restriction",-1.16682737961569,1.68841788191237,0,3.31825680304496,0.376369123094812,0.0125036666690417,0.128656301038103,0.0085881246305027,0.0481247393997378,0.425758045167803
"iron.mg","Iron","Solomon Islands","V6",2018,48,2.33,13.33,0,8,"fringing","fore reef",9.8,"restriction",-1.16682737961569,1.68841789081189,0,3.31825681034955,0.237710773469014,0.0126355634426618,0.114889747247925,0.00939023186421975,0.0569955034781427,0.568378180498037
"iron.mg","Iron","Solomon Islands","V7",2018,19.33,3.67,32.33,1,8.33,"fringing","fore reef",8.83,"restriction",-1.16682737961569,1.68841787301286,0,3.31825679365335,0.406318844806729,0.00946970472940709,0.141886688190608,0.153354514470828,0.111749035099689,0.17722121270274
"iron.mg","Iron","Solomon Islands","V8",2018,34,2.67,29.67,2,17.33,"fringing","fore reef",8,"restriction",-1.16682737961569,1.68841787301286,0,3.31825679490557,0.190914243868541,0.00620184461504662,0.161897703163588,0.177421853186189,0.025066218600062,0.438498136566572
"iron.mg","Iron","Solomon Islands","Zaira 3",2019,38.33,21,8.67,0,0.33,"fringing","fore reef",9.17,"restriction",-0.848048211292734,1.63789928417728,0,2.76753894822427,0.364238175929649,0.0247628199724603,0.119833424903265,0.0119262934766181,0.119757248204779,0.359482037513229
"iron.mg","Iron","Solomon Islands","Zaira 4",2019,28,18.33,18.67,0,0,"fringing","fore reef",8.53,"restriction",-0.890715131389095,1.47996218818671,0,2.62843645561605,0.374810491670096,0.092540847460442,0.154570510081672,0.0655364841071992,0.0895011520703027,0.223040514610289
"iron.mg","Iron","Solomon Islands","Zaira F 1",2019,39,11,11.67,0.33,1,"barrier","fore reef",10.33,"restriction",-0.848048211292734,1.63789926418257,0,2.76753892819758,0.0565962666158632,0.0847579535747786,0.066631659719209,0.0729625582301674,0.0642048960738255,0.654846665786156
"iron.mg","Iron","Solomon Islands","Zaira F 2",2019,30.33,6,10.33,0,4.67,"barrier","fore reef",11,"restriction",-0.848048211292734,1.63789925418522,0,2.76753892003856,0.23663267317302,0.0478957968563252,0.0509802606460455,0.0266961775035134,0.157137162197152,0.480657929623944
"iron.mg","Iron","Solomon Islands","Zaira F 3",2019,28.67,4.67,14.67,0,7.67,"barrier","fore reef",9,"restriction",-0.848048211292734,1.25786293093302,0,2.04830041729616,0.0272945311976062,0.0276461106509534,0.0628135173884205,0.0318186685628851,0.168807747935217,0.681619424264918
