"nut_turnover","nut_prod_day_ha","biomass_kgha","nutrient","nutrient_lab","country","site","year","hard_coral","macroalgae","turf_algae","bare_substrate","reef_type","reef_zone","depth","management_rules","grav_nc","sediment","nutrient_load","pop_count"
0.020954326123012,5.17598707469219,1958.07,"omega3.g","Omega-3
fatty acids","Belize","CZFR1",2019,20.835,43.83,9.665,0.085,"atoll","fore reef",11.51,"no-take",0.0983335530443653,0,0,1.30948214145503
0.0193859585795653,20.9399017257029,6951.88166666667,"omega3.g","Omega-3
fatty acids","Belize","CZFR1",2020,20.835,43.83,9.665,0.085,"atoll","fore reef",11.51,"no-take",0.0983335530443653,0,0,1.30948214145503
0.0185500475701025,9.41011255479436,3727.35,"omega3.g","Omega-3
fatty acids","Belize","CZFR2",2019,18.445,31.525,23.48,0,"atoll","fore reef",12.66,"no-take",0.0983335530443653,0,0,1.30948214145503
0.0152845412761087,34.1754960344614,11319.705,"omega3.g","Omega-3
fatty acids","Belize","CZFR2",2020,18.445,31.525,23.48,0,"atoll","fore reef",12.66,"no-take",0.0983335530443653,0,0,1.30948214145503
0.023690594033057,9.49989886761818,2959.145,"omega3.g","Omega-3
fatty acids","Belize","CZFR3",2019,23.83,38.33,11.67,0,"atoll","fore reef",14.8,"no-take",0.0983335530443653,0,0,1.30948214145503
0.0200421342020542,19.1458788466056,4687.59866666667,"omega3.g","Omega-3
fatty acids","Belize","CZFR4",2020,25.67,28,22.83,0,"atoll","fore reef",13.28,"no-take",0.0359209935300417,0,0,0.925288364549659
0.0131205282603192,35.9182414676195,17484.31,"omega3.g","Omega-3
fatty acids","Belize","CZFR5",2020,28.78,30.7233333333333,10.5566666666667,1.27666666666667,"atoll","fore reef",8.98333333333333,"no-take",0.0700415627152773,0,0,0.925288364549659
0.0159240835846738,12.9130995456839,5977.58,"omega3.g","Omega-3
fatty acids","Belize","CZFR6",2020,26.17,13.33,35.33,1.5,"atoll","fore reef",9.48,"no-take",0.0700415627152773,0,0,0.925288364549659
0.0235572976190002,2.12359887423652,675.376095238095,"omega3.g","Omega-3
fatty acids","Belize","CZPR1",2019,9.265,37.9,10.565,0.05,"patch","back reef",1.52,"no-take",0.134824877317922,0,2.17146698086756e-06,1.30948212015883
0.0172298043053069,14.0646605584936,5756.125,"omega3.g","Omega-3
fatty acids","Belize","CZPR1",2020,9.265,37.9,10.565,0.05,"patch","back reef",1.52,"no-take",0.134824877317922,0,2.17146698086756e-06,1.30948212015883
0.0188465059149356,20.5076808977724,6007.28,"omega3.g","Omega-3
fatty acids","Belize","CZPR2",2020,34.83,6,16.67,0,"patch","back reef",1.7,"no-take",0.134824877317922,0,2.17146698086756e-06,1.30948212015883
0.0377528811640508,2.25415411205592,452.765,"omega3.g","Omega-3
fatty acids","Belize","CZPR4",2019,9.67,53,1.33,0,"patch","back reef",1.4,"no-take",0.134825195707816,0,2.17146698086756e-06,1.30948216275123
0.0234835079056011,16.0769137478052,5312.78733333333,"omega3.g","Omega-3
fatty acids","Belize","CZPR5",2019,7.25,20.085,22.335,0,"patch","back reef",1.75,"no-take",0.134825195707816,0,2.17146698086756e-06,1.30948218404743
0.0204873825995029,7.4302757805571,2566.46,"omega3.g","Omega-3
fatty acids","Belize","CZPR5",2020,7.25,20.085,22.335,0,"patch","back reef",1.75,"no-take",0.134825195707816,0,2.17146698086756e-06,1.30948218404743
0.0250240804412313,9.92624852015465,2596.085,"omega3.g","Omega-3
fatty acids","Belize","CZPR7",2019,18.17,13.835,15.5,0,"patch","back reef",1.985,"no-take",0.134824877317922,0,2.17146698086756e-06,1.30948212015883
0.0274162738235233,20.6286731828016,4079.92333333333,"omega3.g","Omega-3
fatty acids","Belize","CZPR7",2020,18.17,13.835,15.5,0,"patch","back reef",1.985,"no-take",0.134824877317922,0,2.17146698086756e-06,1.30948212015883
0.0198916110592184,4.81059929642768,1697.57,"omega3.g","Omega-3
fatty acids","Belize","GUZFR2",2020,10.5,22.67,28.67,2.67,"atoll","fore reef",12.43,"gear restriction",0.0700415627152773,0,0,0.925288364549659
0.0289945059751599,27.6941033859335,5538.11,"omega3.g","Omega-3
fatty acids","Belize","GUZFR4",2020,24,33.5,27.83,0,"atoll","fore reef",6.9,"gear restriction",-0.00612881108869147,0,0,0.737036395853809
0.0361466207130431,2.30132182415842,413.399166666667,"omega3.g","Omega-3
fatty acids","Belize","GUZPR1",2019,11.75,20.75,22,0.085,"patch","back reef",1.235,"gear restriction",0.134825195707816,0,2.17146698086756e-06,1.30948214145503
0.0172245902443463,16.5313093222033,5559.17166666667,"omega3.g","Omega-3
fatty acids","Belize","GUZPR1",2020,11.75,20.75,22,0.085,"patch","back reef",1.235,"gear restriction",0.134825195707816,0,2.17146698086756e-06,1.30948214145503
0.020538265900001,18.2419155673589,6245.515,"omega3.g","Omega-3
fatty acids","Belize","GUZPR2",2020,12,19.67,16.17,0,"patch","back reef",1.15,"gear restriction",0.168486876472642,0,1.43314814346424e-05,0.737036395853809
0.0202754716542319,17.1763420568667,6158.415,"omega3.g","Omega-3
fatty acids","Belize","GUZPR5",2020,14.83,25.83,6,0,"patch","back reef",0.98,"gear restriction",0.101675945528846,0,0,0.737036395853809
0.0204658901335867,6.13915023990531,1613.84,"omega3.g","Omega-3
fatty acids","Belize","GUZPR6",2019,13.83,16.665,19.58,0,"patch","back reef",0.89,"gear restriction",0.0700415627152773,0,0,0.925288364549659
0.0227680872223163,13.6542811052201,3874.22,"omega3.g","Omega-3
fatty acids","Belize","GUZPR6",2020,13.83,16.665,19.58,0,"patch","back reef",0.89,"gear restriction",0.0700415627152773,0,0,0.925288364549659
0.0319738536664254,11.2790667723435,2243.31,"omega3.g","Omega-3
fatty acids","Belize","WFR2",2019,20.605,25.03,19.575,0,"atoll","fore reef",11.585,"no-take",0.215143513756374,0,0.000115072791232832,1.20235239485913
0.0216948555281262,9.6314503105568,2655.52,"omega3.g","Omega-3
fatty acids","Belize","WFR2",2020,20.605,25.03,19.575,0,"atoll","fore reef",11.585,"no-take",0.215143513756374,0,0.000115072791232832,1.20235239485913
0.0258187937991107,3.17035339981781,692.305011904762,"omega3.g","Omega-3
fatty acids","Belize","WFR3",2019,14.33,31.83,8.17,0,"atoll","fore reef",11.1,"no-take",0.25227301841202,0,0.000113770251006482,0
0.0340809957584566,12.1313165545583,2018.355,"omega3.g","Omega-3
fatty acids","Belize","WFR4",2019,20.25,26.25,16.5,0.5,"atoll","fore reef",7.6,"no-take",0.25227301841202,0,0.000113770251006482,0
0.0180002724232243,22.0471679153448,6132.50666666667,"omega3.g","Omega-3
fatty acids","Belize","WFR4",2020,20.25,26.25,16.5,0.5,"atoll","fore reef",7.6,"no-take",0.25227301841202,0,0.000113770251006482,0
0.0221798211656463,12.5906772571909,3104.63,"omega3.g","Omega-3
fatty acids","Belize","WFR5",2019,15.33,42.67,6,0,"atoll","fore reef",12.2,"no-take",0.168486876472642,0,1.43314814346424e-05,0.737036395853809
0.0323972130690042,8.4356374865828,1439.44166666667,"omega3.g","Omega-3
fatty acids","Belize","WFR6",2019,19.145,30.03,13.565,0.085,"atoll","fore reef",10.35,"no-take",0.168486581828655,0,1.43314814346424e-05,0.737036395853809
0.02482825919121,21.0353188360608,4686.885,"omega3.g","Omega-3
fatty acids","Belize","WFR6",2020,19.145,30.03,13.565,0.085,"atoll","fore reef",10.35,"no-take",0.168486581828655,0,1.43314814346424e-05,0.737036395853809
0.0338646949973276,3.89514199300776,969.395,"omega3.g","Omega-3
fatty acids","Fiji","Ada01",2017,7,0.33,4.33,0,"patch","fore reef",8,"access restriction",-3.39040559077478,1.53144948620723,0.000641413356459516,2.51903967060202
0.0402800048959624,2.54822299706656,600.258333333333,"omega3.g","Omega-3
fatty acids","Fiji","Ada04",2017,9.33,8,15.33,2,"fringing","fore reef",4.6,"access restriction",-3.39794000867204,1.42918312675253,0.00025268586401179,2.8986938339379
0.0341186831314117,2.4900789716082,585.646666666667,"omega3.g","Omega-3
fatty acids","Fiji","BU01",2018,47.67,0.33,0,25.33,"fringing","back reef",1,"access restriction",0.852228188443451,1.33178847120648,0.00142172196475946,3.36157197734018
0.027093259999698,15.9468101771731,5020.19,"omega3.g","Omega-3
fatty acids","Fiji","BU01N",2019,48.83,1.83,5.83,3.83,"fringing","back reef",3.7,"time restriction",0.852228188443451,1.33178847120648,0.00142172196475946,3.36157199301817
0.0404461974740159,14.8505796447355,4063.335,"omega3.g","Omega-3
fatty acids","Fiji","BU02",2019,54.17,0.83,6.33,4.83,"patch","back reef",3,"time restriction",0.482975179384918,1.82060014779348,0.00378860045443916,3.24689240403881
0.0358457601576659,3.2852063922785,674.095,"omega3.g","Omega-3
fatty acids","Fiji","BU03",2018,44.5,3.17,7.33,13.25,"fringing","back reef",2.165,"access restriction",0.93068638944031,1.78347543823698,0.00742385613886146,3.59953092712027
0.0447408726941162,4.36479803843822,951.261666666667,"omega3.g","Omega-3
fatty acids","Fiji","BU03",2019,44.5,3.17,7.33,13.25,"fringing","back reef",2.165,"access restriction",0.93068638944031,1.78347543823698,0.00742385613886146,3.59953092712027
0.0637651794674439,2.23478274691417,320.168333333333,"omega3.g","Omega-3
fatty acids","Fiji","BU04",2018,41.33,9.67,0.67,25.33,"fringing","back reef",2,"access restriction",0.842650732718928,1.62801681022233,0.00220538415323516,3.32264105700819
0.0444288683617289,1.71742525616354,407.701666666667,"omega3.g","Omega-3
fatty acids","Fiji","BU05",2018,47.67,0.33,1.67,21.67,"fringing","fore reef",1.5,"access restriction",0.752020236978447,1.6498678470943,0.00163421163976833,3.34864350171702
0.016124613369169,7.68530095104602,2621.93,"omega3.g","Omega-3
fatty acids","Fiji","BU07",2018,43.415,0.5,9.33,24.25,"fringing","fore reef",2.81,"time restriction",0.293233462765315,0,0,3.7942205221119
0.0406151595470833,3.99970841629728,1030.46666666667,"omega3.g","Omega-3
fatty acids","Fiji","BU07",2019,43.415,0.5,9.33,24.25,"fringing","fore reef",2.81,"time restriction",0.293233462765315,0,0,3.7942205221119
0.0242279438134686,9.34923740793116,2370.48,"omega3.g","Omega-3
fatty acids","Fiji","BU08",2019,43.5,5.17,10.33,3.17,"fringing","back reef",2.72,"access restriction",0.482975179384918,1.82060014779348,0.00378860045443916,3.24689240403881
0.0510651355916973,10.2863808762183,2025.335,"omega3.g","Omega-3
fatty acids","Fiji","BU09",2019,74.33,4.33,3.5,3.67,"fringing","back reef",2.9,"access restriction",0.852228188443451,1.33178849143648,0.00142172196475946,3.36157199641822
0.0385116065458929,3.01781421756463,619.925,"omega3.g","Omega-3
fatty acids","Fiji","BU10",2018,18.33,27.67,11.67,9.33,"fringing","back reef",2.6,"access restriction",0.293233462765315,0,0,3.79422053543475
0.0275764629924504,21.2812042395095,5336.855,"omega3.g","Omega-3
fatty acids","Fiji","BUA07A",2019,40.17,1.5,3.33,6.17,"fringing","fore reef",4.17,"time restriction",-0.193551389406318,2.26003290349368,0.00756813576677288,3.06026909229464
0.0306744482734713,15.9519520329262,4077.68916666667,"omega3.g","Omega-3
fatty acids","Fiji","BUA08A",2019,41.5,1,1.33,5,"fringing","fore reef",5.47,"time restriction",-0.1798064249033,2.20692597611676,0.00678683099844919,2.65610525420769
0.0241100066730624,25.1336845723869,8149.91666666667,"omega3.g","Omega-3
fatty acids","Fiji","BUA20A",2019,36.33,9.33,1.5,2.17,"fringing","fore reef",5.47,"time restriction",-0.148048556826769,2.24234426901397,0.00668334905266212,2.85563306216797
0.0290437722764192,36.433991495016,7918.515,"omega3.g","Omega-3
fatty acids","Fiji","BUA24A",2019,25,44,0.83,5.83,"fringing","fore reef",4.88,"access restriction",-0.1798064249033,2.20692596802618,0.00678683099844919,2.65610524462077
0.0318900618938112,15.1805765143826,3877.93583333333,"omega3.g","Omega-3
fatty acids","Fiji","BUA25",2019,56,0.5,1.5,8,"fringing","fore reef",4.75,"access restriction",-0.1798064249033,2.20692596263246,0.00678683099844919,2.65610523982731
0.0279549007052465,13.0795851814984,3392.71833333333,"omega3.g","Omega-3
fatty acids","Fiji","BuC1",2019,18.33,9.67,6,3,"fringing","fore reef",7.63,"access restriction",0.637349712017653,1.57724623915231,0.00137670062247258,3.26818127920078
0.0449873514632642,10.1455393084989,2142.69,"omega3.g","Omega-3
fatty acids","Fiji","BuC2",2019,13.67,3.67,0.33,2.33,"fringing","fore reef",7.37,"access restriction",0.752020236978447,1.64986786654551,0.00163421163976833,3.34864351358757
0.0427366090974329,11.6273692893487,2236.76666666667,"omega3.g","Omega-3
fatty acids","Fiji","BuC3",2019,17,2.67,4,0,"fringing","fore reef",7.53,"access restriction",0.637349712017653,1.57724622765654,0.00137670062247258,3.26818126772456
0.0142577956633891,7.32165017643947,2743.72833333333,"omega3.g","Omega-3
fatty acids","Fiji","BuC4",2019,17,8.67,19,3,"fringing","fore reef",6.87,"access restriction",0.752020236978447,1.6498678373687,0.00163421163976833,3.34864348809509
0.0416044167488223,9.63239352039788,1916.54833333333,"omega3.g","Omega-3
fatty acids","Fiji","BuC5",2019,19,20.33,4.33,0.67,"fringing","fore reef",7.8,"access restriction",0.293233462765315,0,0,3.7942205276224
0.0292750348789911,12.6267118751271,2804.46333333333,"omega3.g","Omega-3
fatty acids","Fiji","BuC6",2019,17.67,7,9.33,7.67,"fringing","fore reef",8.13,"access restriction",1.00661705633758,1.74865300820772,0.00321358618208223,2.53478457487661
0.038434295140473,4.86068820758218,1228.635,"omega3.g","Omega-3
fatty acids","Fiji","BuE1",2019,15.33,1.33,0,0.33,"fringing","fore reef",7.1,"access restriction",0.842650732718928,1.62801683067723,0.00220538415323516,3.32264106981778
0.0643795251294162,10.1068792998378,1438.31333333333,"omega3.g","Omega-3
fatty acids","Fiji","BuE2",2019,21,9.67,1.67,0,"fringing","fore reef",7.37,"access restriction",0.752020236978447,1.6498678373687,0.00163421163976833,3.34864349140327
0.0456586384069978,18.1212894049079,3290.9,"omega3.g","Omega-3
fatty acids","Fiji","BuE4",2019,10.67,3,10.67,0,"fringing","fore reef",5.6,"access restriction",0.994584994993666,1.33656751356469,0.00294105006484169,3.1101083369061
0.0406352189425164,8.6518981868145,1814.75833333333,"omega3.g","Omega-3
fatty acids","Fiji","BuE5",2019,17.67,3.67,12,0,"fringing","fore reef",7.8,"access restriction",0.842650732718928,1.62801682044978,0.00220538415323516,3.32264106258656
0.0241378940953953,10.1456333257563,2858.125,"omega3.g","Omega-3
fatty acids","Fiji","BuE6",2019,33.33,5.67,10.67,0,"fringing","fore reef",7.97,"access restriction",0.842650732718928,1.62801681022233,0.00220538415323516,3.32264105556195
0.0318558169507434,3.96964370629077,922.146666666667,"omega3.g","Omega-3
fatty acids","Fiji","C3",2016,6.33,3,51.67,1,"barrier","fore reef",8.3,"access restriction",-0.161093007191876,0.418572226438632,1.82399852029709e-05,0
0.0363674161042921,6.27396090559475,1415.91,"omega3.g","Omega-3
fatty acids","Fiji","C5",2016,3.67,4,41,0,"barrier","fore reef",8.03,"access restriction",-0.161093007191876,0.418572226438632,1.82399852029709e-05,0
0.0398824677394967,17.1522567444348,3997.515,"omega3.g","Omega-3
fatty acids","Fiji","DamC1",2019,8,14,5,2.67,"patch","back reef",6.37,"access restriction",-0.1798064249033,2.2069259734199,0.00678683099844919,2.65610525037292
0.038832010854652,8.80860350908136,2196.05666666667,"omega3.g","Omega-3
fatty acids","Fiji","DamC3",2019,24.33,0,1.33,16.33,"patch","back reef",5,"time restriction",-0.193551389406318,2.26003292019879,0.00756813576677288,3.06026910892753
0.0268427637656423,30.4017191453792,8627.59,"omega3.g","Omega-3
fatty acids","Fiji","DamC4",2019,72.67,0,0,4.33,"patch","back reef",7.1,"time restriction",-0.148048556826769,2.24234423918616,0.00668334905266212,2.85563303249593
0.037889555681267,21.047692447486,4268.75666666667,"omega3.g","Omega-3
fatty acids","Fiji","DamC8",2019,24.67,10.67,0,8.33,"patch","fore reef",6.9,"access restriction",-0.1798064249033,2.20692596532932,0.00678683099844919,2.6561052417447
0.0323989953919963,9.60320833660168,2480.6,"omega3.g","Omega-3
fatty acids","Fiji","DamE1",2019,25.67,11.67,5,5,"patch","back reef",6.57,"access restriction",-0.115080650502433,2.10408493302864,0.00476017645094295,2.67284345005675
0.0337592471450598,14.1364249780572,2823.5515,"omega3.g","Omega-3
fatty acids","Fiji","DamE6",2019,5.67,14.67,11.33,3.67,"patch","fore reef",6.27,"access restriction",-0.122573362861873,2.1827390194451,0.00524745392461059,2.90179099756744
0.0371131975947586,5.98152490940461,688.215,"omega3.g","Omega-3
fatty acids","Fiji","DawaC1",2019,15.33,23,5.67,0,"fringing","fore reef",4.63,"access restriction",0.881856360479323,2.21811937311025,0.00810087197904752,3.3701129115546
0.0397400254931294,13.6449800296183,2103.94333333333,"omega3.g","Omega-3
fatty acids","Fiji","DawaC2",2019,0.67,31,9,0,"lagoon","fore reef",8.07,"access restriction",0.881856360479323,2.21811938625145,0.00810087197904752,3.37011292433429
0.0453306313609129,1.72976629622715,301.05,"omega3.g","Omega-3
fatty acids","Fiji","DawaC3",2019,18,21.67,21,0,"fringing","fore reef",7.37,"access restriction",0.881856360479323,2.21811936522554,0.00810087197904752,3.37011290544257
0.0521032821762542,2.15551834732137,312.441666666667,"omega3.g","Omega-3
fatty acids","Fiji","DawaC4",2019,17.67,23,23,4,"patch","fore reef",6.27,"access restriction",0.839593927575043,2.05716322920349,0.00685438028900803,2.03544117779084
0.0443350119084385,1.18040948863026,131.3,"omega3.g","Omega-3
fatty acids","Fiji","DawaC5",2019,7.33,7,22.67,0,"patch","fore reef",7.17,"access restriction",1.15363303213843,1.75945212425951,0.00611846761531086,3.30744320202685
0.0588755531204241,1.41033557721096,198.38,"omega3.g","Omega-3
fatty acids","Fiji","DawaC6",2019,24.33,7.33,24.33,0,"patch","fore reef",7.03,"access restriction",1.11769868301901,1.92277876346139,0.00519209925732864,3.22550608756328
0.0393327303932584,6.37795708431306,856.06,"omega3.g","Omega-3
fatty acids","Fiji","DawaE1",2019,20,14.67,15.67,0,"patch","fore reef",4.4,"access restriction",0.670493831227728,2.55736053839408,0.0170441965251131,3.05227637078278
0.0485669108439978,6.79713259579642,984.445,"omega3.g","Omega-3
fatty acids","Fiji","DawaE2",2019,17.33,4,32.33,0,"fringing","fore reef",4.33,"access restriction",0.670493831227728,2.55736056246285,0.0170441965251131,3.05227639504042
0.0537162395800231,2.95640557774718,418.82,"omega3.g","Omega-3
fatty acids","Fiji","DawaE3",2019,22.67,3.67,26.67,0.33,"fringing","pinnacle",5.67,"access restriction",0.670493831227728,2.55736056005597,0.0170441965251131,3.05227639234513
0.0541817615224911,3.41308784590562,485.796666666667,"omega3.g","Omega-3
fatty acids","Fiji","DawaE4",2019,16.33,14,27,0.67,"fringing","fore reef",4.9,"access restriction",0.670493831227728,2.55736055042847,0.0170441965251131,3.05227638310412
0.0371806646186233,2.99773051872586,587.693333333333,"omega3.g","Omega-3
fatty acids","Fiji","DawaE5",2019,12,16,22.5,0.5,"patch","fore reef",6.75,"access restriction",0.662205359964189,2.30994688676606,0.014059538806419,2.35365410057577
0.0159316108376756,3.67772615709449,3194.955,"omega3.g","Omega-3
fatty acids","Fiji","DawaE6",2019,9,7.33,8.67,9.67,"patch","fore reef",6.23,"access restriction",0.681230289397532,2.07883696019387,0.00901255566837007,2.15374845335506
0.0387799143837553,2.55092190870204,731.075,"omega3.g","Omega-3
fatty acids","Fiji","Kan03",2017,21.33,9.33,20,8.67,"lagoon","back reef",2.33,"access restriction",-3.41116827440579,0.921846744781019,5.29806950354899e-05,1.71021271318323
0.0390277881660473,11.2276187537552,2318.13666666667,"omega3.g","Omega-3
fatty acids","Fiji","Kan04",2017,9.67,5.67,3,19.67,"fringing","fore reef",9.5,"access restriction",-3.40120949323688,1.26613991110983,0.000193218056617153,2.02153733553154
0.0448167521418364,6.87920317966247,1106.045,"omega3.g","Omega-3
fatty acids","Fiji","Kan05",2017,42,1.67,3,2.33,"fringing","fore reef",9.3,"access restriction",-3.4145392704915,0.446670572533316,1.17257927138982e-05,1.71021270471931
0.00935133634592386,10.1036844183028,4761.58166666667,"omega3.g","Omega-3
fatty acids","Fiji","Kan06",2017,44,2.33,16.33,3,"fringing","fore reef",8.87,"access restriction",-3.41341269532824,0.440029059440642,1.17257927138982e-05,1.71021271318323
0.0293666259731975,3.98386058475995,727.078333333333,"omega3.g","Omega-3
fatty acids","Fiji","Kan07",2017,20,5.67,8.33,1.33,"fringing","fore reef",9.23,"access restriction",-3.4089353929735,0.900125167434111,5.55861362467444e-05,1.72042350569488
0.0172959613202271,5.03163160889103,2550.265,"omega3.g","Omega-3
fatty acids","Fiji","KB04",2016,11.33,1.33,0,28,"barrier","fore reef",7,"no-take",-0.103637500498737,0.0212290041789347,1.30288149137774e-06,0.894714610838178
0.0245186056920366,6.74138084739848,2267.96833333333,"omega3.g","Omega-3
fatty acids","Fiji","KB05",2016,29.33,1.67,3.67,26,"barrier","fore reef",7,"no-take",-0.103637500498737,0.0212290041789347,1.30288149137774e-06,0.894714666182067
0.015818610283842,2.68218657268847,1640.43166666667,"omega3.g","Omega-3
fatty acids","Fiji","KB07",2016,10.33,3.33,2.67,11.67,"barrier","fore reef",7,"access restriction",-0.161093007191876,0.418572226438632,1.82399852029709e-05,0
0.0226865422176038,3.39159496372282,1217.94,"omega3.g","Omega-3
fatty acids","Fiji","KB09",2019,37.67,4.17,8.5,0.5,"barrier","fore reef",7.53,"access restriction",-0.229990895452971,1.47317060088867,4.99409938668005e-05,1.79776061104413
0.0172615293847986,8.25559271661069,4219.165,"omega3.g","Omega-3
fatty acids","Fiji","KB17",2019,36.33,5.5,11.67,1,"fringing","fore reef",7.88,"access restriction",-0.243024802906594,1.35617048952024,2.1714181245201e-05,1.79776059028807
0.0200078773646485,6.18658609686691,2741.165,"omega3.g","Omega-3
fatty acids","Fiji","KBO6",2016,16,0.67,0.33,17,"barrier","fore reef",8,"access restriction",-0.161093007191876,0.418572226438632,1.82399852029709e-05,0
0.0283337475059842,1.6504019954212,442.386666666667,"omega3.g","Omega-3
fatty acids","Fiji","KD2",2017,22.33,18,8.67,29.67,"fringing","fore reef",1.5,"access restriction",-0.166825466540717,0,0,3.40095439656762
0.013686897972034,4.24095597805678,2445.56666666667,"omega3.g","Omega-3
fatty acids","Fiji","KD3",2017,8.33,15,0,15.67,"fringing","fore reef",6.3,"time restriction",-0.129499530538676,1.28351303132472,1.69371545218171e-05,3.2493386196859
0.028604912955244,9.46992311823712,2956.09616666667,"omega3.g","Omega-3
fatty acids","Fiji","KR7",2019,18,7.33,12.17,5.33,"barrier","fore reef",7.8,"access restriction",-0.271223494009908,1.75411600248927,2.77939574446844e-05,2.66679326126508
0.0331460714946781,5.05949824193386,1216.26,"omega3.g","Omega-3
fatty acids","Fiji","LV01",2018,45,12.33,2.67,1.67,"fringing","back reef",2.83,"access restriction",0.293233462765315,0,0,3.79422051157918
0.0520199533162864,6.61868621328957,1011.2,"omega3.g","Omega-3
fatty acids","Fiji","LV02",2018,36.67,5.67,10,10.33,"fringing","back reef",7.1,"time restriction",0.473012855941716,1.70257783552573,0.00113289826486162,3.77361696366192
0.0403185103051053,6.16957940719552,1322.98,"omega3.g","Omega-3
fatty acids","Fiji","LV03",2018,15.67,13.67,1.33,22,"fringing","back reef",3.33,"time restriction",0.473012855941716,1.70257784413976,0.00113289826486162,3.77361696914757
0.0401348584717226,2.30325925278704,446.16,"omega3.g","Omega-3
fatty acids","Fiji","LV05",2018,17.33,34.67,5,4.67,"fringing","back reef",3.23,"access restriction",0.543391010181703,0,0,3.90835130814014
0.0391687935505381,2.90877797889757,576.09,"omega3.g","Omega-3
fatty acids","Fiji","LV07",2018,29.33,6.67,0,33.33,"fringing","fore reef",1.5,"access restriction",0.752020313849713,1.64986788599671,0.00163421163976833,3.34864353674486
0.0465767495549283,17.0718452333333,3364.06,"omega3.g","Omega-3
fatty acids","Fiji","LV08",2018,40.33,11.67,0.33,2.67,"patch","back reef",5.23,"access restriction",0.492116150152459,1.18495785828653,0.000490041893442823,1.54336514721666
0.0103637695186556,33.7382613498566,16443.225,"omega3.g","Omega-3
fatty acids","Fiji","LV12",2018,41.67,4,10.67,5.33,"fringing","fore reef",7.8,"access restriction",0.530114240114399,0.849715579025322,0.000221433724969148,1.24469090153509
0.0318565565737155,4.57747351987089,1166.86833333333,"omega3.g","Omega-3
fatty acids","Fiji","LV13",2018,27,4,7.33,13,"fringing","back reef",7.93,"access restriction",0.473013002082483,1.70257785275379,0.00113289826486162,3.7736169790949
0.0339570173135939,5.58886372106853,1484.42,"omega3.g","Omega-3
fatty acids","Fiji","LV14",2018,16.67,3.67,4,8.67,"fringing","fore reef",7.77,"access restriction",0.543391010181703,0,0,3.90835130894464
0.0262349093992265,5.26014864929628,1580.03,"omega3.g","Omega-3
fatty acids","Fiji","LV15",2018,22.33,0.33,1,30,"fringing","fore reef",9,"access restriction",0.473013002082483,1.70257786998185,0.00113289826486162,3.77361699218733
0.0337109542385784,4.61378126421507,1084.03,"omega3.g","Omega-3
fatty acids","Fiji","LV16",2018,14,29.33,14.33,3.67,"fringing","fore reef",2.63,"access restriction",0.543391010181703,0,0,3.90835131430795
0.0681530290040714,13.7718855177923,1560.18,"omega3.g","Omega-3
fatty acids","Fiji","LV17",2018,11,0.67,0.33,24,"patch","fore reef",7.8,"access restriction",0.752020236978447,1.6498678568199,0.00163421163976833,3.34864351008479
0.0268314526615537,13.5116236835997,4207.235,"omega3.g","Omega-3
fatty acids","Fiji","MAP01",2019,30.17,13,5.17,1.33,"fringing","fore reef",7.25,"time restriction",-0.283635173172106,1.65222694724211,3.64792043747266e-05,2.67904678412792
0.0278320420838397,5.34960146788061,1786.155,"omega3.g","Omega-3
fatty acids","Fiji","MD1",2017,9,4.33,0,37.67,"fringing","fore reef",7.63,"access restriction",-0.129499530538676,1.28351303132472,1.69371545218171e-05,3.24933862384399
0.018647668664925,5.14905656671271,2407.50333333333,"omega3.g","Omega-3
fatty acids","Fiji","MD4",2017,14.33,6.67,21.33,6.67,"fringing","fore reef",10,"access restriction",-0.102615411675887,0.732844789673475,4.34292310448164e-06,2.30997163556397
0.0309489584418341,0.950125697031316,299.375,"omega3.g","Omega-3
fatty acids","Fiji","MD6",2017,7.33,0.67,6.67,13,"fringing","fore reef",9.2,"time restriction",-0.169804748032487,1.39559005298009,5.64546131770521e-05,3.28125959256791
0.0218745161521598,6.63506814740088,3105.92666666667,"omega3.g","Omega-3
fatty acids","Fiji","N19",2016,28,14.33,0.33,7,"barrier","fore reef",7,"no-take",-0.0870094388577795,0.0491381361596147,5.6457915671943e-06,0.894714610838178
0.0266762012306788,2.37569607697076,823.26,"omega3.g","Omega-3
fatty acids","Fiji","N20",2016,11.33,16.67,0.67,13,"barrier","fore reef",8,"no-take",-0.0870094388577795,0.0491381361596147,5.6457915671943e-06,0.894714610838178
0.0577420758278664,1.47525534496661,152.443333333333,"omega3.g","Omega-3
fatty acids","Fiji","NA02",2018,6.33,2.67,0,52,"fringing","back reef",2,"access restriction",0.731827440694068,1.49862192090555,0.000878990503316251,3.79631518343039
0.0328132320629166,6.08133525624982,1230.55166666667,"omega3.g","Omega-3
fatty acids","Fiji","NA03",2018,17.67,22.67,0,15.33,"fringing","back reef",3,"access restriction",0.731827440694068,1.49862190712831,0.000878990503316251,3.79631517086582
0.0297913307719636,7.60307607738527,1898.475,"omega3.g","Omega-3
fatty acids","Fiji","NA05",2018,31,11.67,9.33,1,"fringing","fore reef",8.6,"access restriction",0.65706886236479,1.43615314972791,0.000751980933697721,3.67354015801816
0.0498458299902314,3.69397877039008,646.53,"omega3.g","Omega-3
fatty acids","Fiji","NA07",2018,26,0,0,37,"fringing","fore reef",8,"access restriction",0.731827440694068,1.49862190712831,0.000878990503316251,3.79631517329543
0.0216011290657169,18.9289455301237,7901.24,"omega3.g","Omega-3
fatty acids","Fiji","NAO1",2019,51.67,1,2.5,1.67,"fringing","fore reef",7.12,"access restriction",0.731827440694068,1.49862189335106,0.000878990503316251,3.79631516316047
0.0372618233025383,14.0390312878492,2643.37,"omega3.g","Omega-3
fatty acids","Fiji","NAO2N",2019,43.8,7,17,0.2,"fringing","back reef",4.2,"time restriction",0.731827440694068,1.49862192090555,0.000878990503316251,3.79631518405515
0.0311174687533877,15.6199530874874,4737.51,"omega3.g","Omega-3
fatty acids","Fiji","NAO3",2019,39.67,10.17,10.83,1.17,"fringing","back reef",4.88,"access restriction",0.731827440694068,1.49862189335106,0.000878990503316251,3.79631515628814
0.0261282620827092,18.5649113649858,6827.32,"omega3.g","Omega-3
fatty acids","Fiji","NAO6",2019,47,1.67,10.67,3,"fringing","fore reef",7.15,"time restriction",0.731827440694068,1.49862189335106,0.000878990503316251,3.796315151776
0.0311689042973631,11.5530576910629,3273.96,"omega3.g","Omega-3
fatty acids","Fiji","NAO7",2019,45.25,1.5,2.25,2,"fringing","fore reef",7.2,"time restriction",0.731827440694068,1.49862190712831,0.000878990503316251,3.79631516774203
0.0395265745738621,12.5295648409645,2519.885,"omega3.g","Omega-3
fatty acids","Fiji","NAOBF2",2019,27,10.33,22,1.67,"fringing","fore reef",5.62,"time restriction",0.473012855941716,1.70257783552573,0.00113289826486162,3.77361695773741
0.0286452473909917,12.2009432015624,2735.9705,"omega3.g","Omega-3
fatty acids","Fiji","NAOBF3",2019,23,6,4.67,2.5,"fringing","fore reef",4.13,"access restriction",0.492116150152459,1.18495788665439,0.000490041893442823,1.54336517207369
0.0357733326286554,41.0861788358144,9644.345,"omega3.g","Omega-3
fatty acids","Fiji","NAOBF4",2019,44.17,12.83,5.5,1.33,"fringing","fore reef",7.2,"access restriction",0.492116150152459,1.18495785828653,0.000490041893442823,1.54336514721666
0.0434016517641973,10.9713214895157,2143.75583333333,"omega3.g","Omega-3
fatty acids","Fiji","NAOBT1",2019,25.83,15.5,2.5,5.33,"fringing","fore reef",4.25,"time restriction",0.473013002082483,1.70257786998185,0.00113289826486162,3.77361699906269
0.0343311005766282,8.38712593747895,2224.94333333333,"omega3.g","Omega-3
fatty acids","Fiji","NAOBT2",2019,38.67,19.17,2.67,3.17,"fringing","back reef",6.87,"time restriction",0.473013002082483,1.70257786136782,0.00113289826486162,3.77361698487312
0.0275917149020666,12.0290154580333,3596.49833333333,"omega3.g","Omega-3
fatty acids","Fiji","NAOBT3",2019,30,10.67,4.17,2.5,"fringing","back reef",4.67,"time restriction",0.473013002082483,1.70257786136782,0.00113289826486162,3.7736169905782
0.0211508193165508,15.9181975555568,6208.795,"omega3.g","Omega-3
fatty acids","Fiji","NC1",2017,6.67,11.67,16.33,12.67,"fringing","fore reef",7.23,"access restriction",-0.264627886771199,1.34490650000883,8.03370482042936e-05,2.99738636124077
0.0147280376806005,7.57739139166963,4049.08,"omega3.g","Omega-3
fatty acids","Fiji","NC2",2017,4.33,13,11.33,37,"fringing","fore reef",7.8,"access restriction",-0.302063107176063,1.51824251314887,0.000140254467777423,3.30523340097973
0.0162877375039732,17.046979415018,8562.09,"omega3.g","Omega-3
fatty acids","Fiji","NF1",2017,3.67,30.33,2,13,"fringing","fore reef",5.57,"access restriction",-0.169804748032487,1.39559005298009,5.64546131770521e-05,3.28125958461378
0.0366848006779351,0.953239128855137,200.076666666667,"omega3.g","Omega-3
fatty acids","Fiji","NF3",2017,4.67,6,12,11.67,"fringing","fore reef",3.3,"access restriction",-0.169804748032487,1.39559005298009,5.64546131770521e-05,3.28125959052256
0.0177036033902331,10.2113011452598,3629.23,"omega3.g","Omega-3
fatty acids","Fiji","NF4",2017,3.67,15.33,4.67,3,"fringing","fore reef",3.23,"access restriction",-0.169804748032487,1.39559005298009,5.64546131770521e-05,3.28125959052256
0.0248107250936874,8.94459380235233,2950.47666666667,"omega3.g","Omega-3
fatty acids","Fiji","NP1",2019,32,5.33,14.33,3.33,"fringing","fore reef",7.62,"time restriction",-0.283635173172106,1.65222694724211,3.64792043747266e-05,2.67904678594664
0.00900683036764474,5.4945186657669,4910.085,"omega3.g","Omega-3
fatty acids","Fiji","NS1",2017,10.67,44,6,5.67,"fringing","fore reef",4.47,"access restriction",0.482975179384918,1.82060014779348,0.00378860045443916,3.24689240403881
0.0238007603887352,5.63850291443889,2174.9,"omega3.g","Omega-3
fatty acids","Fiji","NS3",2017,3,26.33,21.67,0.33,"fringing","fore reef",5.5,"time restriction",-0.169804748032487,1.39559005298009,5.64546131770521e-05,3.28125959006804
0.0212721349156106,0.802630624880523,309.67,"omega3.g","Omega-3
fatty acids","Fiji","NT1",2017,1,4.33,4.33,9.67,"fringing","fore reef",6.2,"time restriction",-0.169804748032487,1.39559005298009,5.64546131770521e-05,3.28125959006804
0.0207988435946579,8.32958370388425,2672.25,"omega3.g","Omega-3
fatty acids","Fiji","NT2",2017,8.67,1,6.67,9,"fringing","fore reef",3,"time restriction",-0.169804748032487,1.39559003551406,5.64546131770521e-05,3.28125957643238
0.0206820753926718,1.91773155894877,730.518333333333,"omega3.g","Omega-3
fatty acids","Fiji","NT3",2017,5,0.67,10.33,11.33,"fringing","fore reef",2,"time restriction",-0.169804748032487,1.39559005298009,5.64546131770521e-05,3.28125959620408
0.0389023493315629,10.0947814501382,2273.36333333333,"omega3.g","Omega-3
fatty acids","Fiji","NTRFN1",2019,58.5,10.17,0,1,"fringing","fore reef",5.73,"access restriction",0.507760775070823,2.72054034913641,0.0333413121355599,3.24258482104384
0.0323345965699684,15.3783376711301,4173.38166666667,"omega3.g","Omega-3
fatty acids","Fiji","NTRFN7",2019,25.17,12.83,0,27.83,"fringing","fore reef",5.32,"access restriction",0.507760775070823,2.72054032268835,0.0333413121355599,3.24258479471054
0.0326696253359427,14.5740152013315,3709.92166666667,"omega3.g","Omega-3
fatty acids","Fiji","NTRFT4",2019,41.83,17.67,0,1.5,"fringing","fore reef",5.72,"time restriction",0.539460643116425,2.77300135902005,0.0425144785553929,3.02567817092436
0.0287544673402331,18.61379832968,5550.51833333333,"omega3.g","Omega-3
fatty acids","Fiji","NTRFT5",2019,44.5,22.33,0,1.5,"fringing","fore reef",6.1,"access restriction",0.539460643116425,2.77300137733151,0.0425144785553929,3.02567818852687
0.0315271947545976,22.0045178506233,5176.60916666667,"omega3.g","Omega-3
fatty acids","Fiji","NTRFT7",2019,31.83,11,0,18,"fringing","fore reef",5.53,"time restriction",0.539460643116425,2.77300135535776,0.0425144785553929,3.02567816724011
0.0294789408366256,25.8417461976731,6231.35666666667,"omega3.g","Omega-3
fatty acids","Fiji","NTRFT8",2019,38.33,14.5,0,5.5,"fringing","fore reef",4.73,"time restriction",0.507760775070823,2.72054033673888,0.0333413121355599,3.2425848088709
0.0331875356554145,3.13058275283347,734.143333333333,"omega3.g","Omega-3
fatty acids","Fiji","NV1",2017,17,38.67,4.67,10.67,"fringing","fore reef",6,"access restriction",-0.207662950986604,0,0,3.35643994432316
0.017836105725186,2.54213494252588,1058.26166666667,"omega3.g","Omega-3
fatty acids","Fiji","NV4",2017,18,24,9,2.67,"fringing","fore reef",5.17,"time restriction",-0.166825466540717,0,0,3.40095438431897
0.0292291341237369,3.23273185025591,690.076666666667,"omega3.g","Omega-3
fatty acids","Fiji","TF1",2017,3.67,53.67,5,9.33,"fringing","fore reef",4.27,"access restriction",0.482975179384918,1.82060014779348,0.00378860045443916,3.24689240403881
0.0233014088735341,1.91348718173651,712.49,"omega3.g","Omega-3
fatty acids","Fiji","TF2",2017,10.33,41.33,0.33,6.33,"fringing","fore reef",7.5,"access restriction",0.482975179384918,1.82060014779348,0.00378860045443916,3.24689240403881
0.0289324557482385,3.16431680028933,1005.72666666667,"omega3.g","Omega-3
fatty acids","Fiji","TF3",2017,5.67,42.67,2.33,17.33,"fringing","fore reef",4,"access restriction",-0.302063107176063,1.51824251314887,0.000140254467777423,3.30523340248512
0.00803515887478577,8.76978085016794,12978.785,"omega3.g","Omega-3
fatty acids","Fiji","TF4",2017,3,35.33,19.33,22,"fringing","fore reef",6.5,"access restriction",-0.302063107176063,1.51824251314887,0.000140254467777423,3.30523339689368
0.0168807020314732,4.58565766378591,3207.91,"omega3.g","Omega-3
fatty acids","Fiji","TF5",2017,5.33,34,37.67,2.33,"fringing","fore reef",5.77,"access restriction",-0.302063107176063,1.51824249998021,0.000140254467777423,3.30523338721617
0.012477513165491,5.63656064369439,3029.76,"omega3.g","Omega-3
fatty acids","Fiji","TT1",2017,8,52.67,17.67,6.67,"fringing","fore reef",7.53,"time restriction",-0.302063107176063,1.51824252631754,0.000140254467777423,3.30523341409813
0.0150554921854647,7.9797930133735,5038.725,"omega3.g","Omega-3
fatty acids","Fiji","TT2",2017,10,44.67,14.33,7.67,"fringing","fore reef",5,"access restriction",-0.302063107176063,1.51824252631754,0.000140254467777423,3.3052334147433
0.0219004196262241,4.35549398916445,1783.8,"omega3.g","Omega-3
fatty acids","Fiji","TT3",2017,3.67,46,14.33,4,"fringing","fore reef",6.87,"access restriction",-0.302063107176063,1.51824249998021,0.000140254467777423,3.30523339345279
0.0167357120349982,5.10148300926715,2820.19833333333,"omega3.g","Omega-3
fatty acids","Fiji","V1",2017,8.67,2.33,19.67,15,"fringing","fore reef",3.9,"access restriction",-0.210269848565267,1.44717703131018,6.68762008777872e-05,3.02909478521213
0.0166510422526461,5.64161293346569,3381.57,"omega3.g","Omega-3
fatty acids","Fiji","V2",2017,12.67,7.33,1,29,"fringing","fore reef",6.67,"access restriction",-0.210269848565267,1.44717704682002,6.68762008777872e-05,3.02909480308286
0.0226847605955405,3.35972314455888,1370.15,"omega3.g","Omega-3
fatty acids","Fiji","V3",2017,8.67,2.67,24.67,3.67,"fringing","fore reef",3.97,"access restriction",-0.207662950986604,0,0,3.3564399741405
0.0240750590417138,7.75864486778977,3129.93,"omega3.g","Omega-3
fatty acids","Fiji","V4",2017,14.33,19.67,5.67,3.33,"fringing","fore reef",7.17,"access restriction",-0.130163623535747,1.36412035199545,8.68580278028723e-06,2.40434460866772
0.0174534913379877,2.29108472655541,1212.82666666667,"omega3.g","Omega-3
fatty acids","Fiji","V5",2017,8,28,11.33,8.67,"fringing","fore reef",6.2,"access restriction",-0.207662950986604,0,0,3.35643995464455
0.0214231231040525,4.01117149195053,1829.83,"omega3.g","Omega-3
fatty acids","Fiji","V6",2017,6.67,29,6.67,2.33,"fringing","fore reef",5.7,"time restriction",-0.207662950986604,0,0,3.35643994413202
0.0204583609954383,2.0444261071376,621.815,"omega3.g","Omega-3
fatty acids","Fiji","Vatu01",2017,12.33,6,13.33,21,"lagoon","back reef",1,"access restriction",-2.1670442493954,0,0,1.23884845484587
0.00594127860238331,7.01000392317503,10391.27,"omega3.g","Omega-3
fatty acids","Fiji","Vatu02",2017,46.67,4.33,2,1,"fringing","fore reef",11,"access restriction",-2.1670442493954,0,0,1.23884842978848
0.00773234212789667,5.72704035761402,5793.995,"omega3.g","Omega-3
fatty acids","Fiji","Vatu03",2017,36,30.33,1,9.67,"fringing","fore reef",9.97,"access restriction",-2.1670442493954,0,0,1.23884845484587
0.0192936433835485,7.22769459168776,3951.065,"omega3.g","Omega-3
fatty acids","Fiji","Vatu04",2017,34.67,18.33,1.67,9.33,"fringing","fore reef",10,"access restriction",-2.1670442493954,0,0,1.23884845484587
0.019776667542769,3.12180487145926,1397.00166666667,"omega3.g","Omega-3
fatty acids","Fiji","Vatu05",2017,20.33,1.67,1,22,"fringing","fore reef",10.67,"access restriction",-2.1670442493954,0,0,1.23884845484587
0.016155193998829,1.94439023921166,1122.02333333333,"omega3.g","Omega-3
fatty acids","Fiji","Vatu06",2017,21,1.33,26.67,8.33,"fringing","fore reef",10,"access restriction",-2.1670442493954,0,0,1.23884845484587
0.0195185012745165,27.5159598533435,11366.9383333333,"omega3.g","Omega-3
fatty acids","Fiji","VIR1",2018,37.17,2.5,1.33,8.33,"barrier","fore reef",8.77,"no-take",0.322632711692223,0,0.00010942842203743,0.310436907357888
0.0220998044015515,13.788645038752,3820.95166666667,"omega3.g","Omega-3
fatty acids","Fiji","VIR10",2018,3.33,10,0.83,2,"barrier","fore reef",8.37,"access restriction",0.52890269469723,2.1221497195318,0.0139102498205329,0
0.0273017356437797,25.5707427877933,6960.56166666667,"omega3.g","Omega-3
fatty acids","Fiji","VIR11",2018,7.5,6,2.33,11.33,"barrier","fore reef",7.42,"access restriction",0.441576689819574,1.51417760794607,0.00793331606358139,0
0.0155088162255475,18.7689256917708,8902.89416666667,"omega3.g","Omega-3
fatty acids","Fiji","VIR2",2018,39,13.17,4,6.83,"barrier","fore reef",8.38,"no-take",0.32263250508205,0,0.00010942842203743,0.310436907357888
0.0226500622838111,13.7784138155885,4950.1075,"omega3.g","Omega-3
fatty acids","Fiji","VIR3",2018,37.5,17.83,1.5,8,"barrier","fore reef",8.43,"no-take",0.322632711692223,0,0.00010942842203743,0.310436907357888
0.0228287661455356,24.525640332428,9015.675,"omega3.g","Omega-3
fatty acids","Fiji","VIR5",2018,14.17,23.5,3.17,9.33,"barrier","fore reef",8.15,"no-take",0.369567048477107,0.0192251621146958,0.000735939540833511,0.310436907357888
0.0496509195928819,24.7325430962242,3985.30566666667,"omega3.g","Omega-3
fatty acids","Fiji","VIR6",2018,9.83,22,1.83,5.33,"barrier","fore reef",10.62,"access restriction",0.52890269469723,2.12214969002806,0.0139102498205329,0
0.018915406053752,37.3260236097463,11974.2483333333,"omega3.g","Omega-3
fatty acids","Fiji","VIR7",2018,6.67,7.83,4,2.83,"barrier","fore reef",10.07,"access restriction",0.474338519709304,1.63933012507053,0.00792691951868388,0
0.0278222091757987,19.9483097504656,5421.535,"omega3.g","Omega-3
fatty acids","Fiji","VIR8",2018,15.17,19.17,1.17,3.83,"barrier","fore reef",8.87,"no-take",0.474338519709304,1.63933012507053,0.00792691951868388,0
0.0293270794560335,21.4323364178184,6354.775,"omega3.g","Omega-3
fatty acids","Fiji","VIR9",2018,12.5,16.67,0.5,11.33,"barrier","fore reef",8.17,"no-take",0.411920409680825,0.761202306569048,0.00253192494542939,0.310436907357888
0.0427417047866213,6.40040793806623,1340.02833333333,"omega3.g","Omega-3
fatty acids","Fiji","WaiE2",2019,19,12.33,7,7.33,"patch","fore reef",7.33,"access restriction",1.28149093162505,1.70394458153911,0.0107603022295112,2.43653758672149
0.0421920099587641,5.01148296831288,1131.101,"omega3.g","Omega-3
fatty acids","Fiji","WaiE3",2019,10.33,1.67,0.67,10.67,"patch","fore reef",5.3,"access restriction",1.17724668121557,1.54527130734767,0.00621908740264691,2.69446356952045
0.0605634105249749,7.72651163303481,1013.45416666667,"omega3.g","Omega-3
fatty acids","Fiji","WaiE4",2019,18,1.67,1,3,"fringing","fore reef",5.9,"access restriction",1.17724671009161,1.54527133209584,0.00621908740264691,2.69446358531813
0.046567429585938,3.87549633558894,645.816,"omega3.g","Omega-3
fatty acids","Fiji","WaiE5",2019,10,22,15,1,"patch","fore reef",6.03,"access restriction",1.28462843383306,1.80336540564203,0.0109047484434043,3.45978624340369
0.0642461802226836,2.50510504986412,343.91,"omega3.g","Omega-3
fatty acids","Fiji","WaiE6",2019,21.67,11.67,26.67,0.33,"patch","fore reef",5.83,"access restriction",1.28462843383306,1.80336538515211,0.0109047484434043,3.4597862241192
0.0177970698321041,3.08394643527287,1820.205,"omega3.g","Omega-3
fatty acids","Fiji","Yac01",2017,37,1.33,10.33,6,"fringing","fore reef",10.5,"access restriction",-3.44611697335613,0.365481994580871,0,2.16727715621853
0.0293911669359004,4.48353125182092,1373.81833333333,"omega3.g","Omega-3
fatty acids","Fiji","Yac02",2017,34,1,9.67,10,"fringing","fore reef",11,"time restriction",-3.44249279809434,0.423210801192671,0,2.23390428581903
0.0231710835576349,5.78159257759674,1653.30833333333,"omega3.g","Omega-3
fatty acids","Fiji","Yac03",2017,10.67,9.33,1.67,54,"fringing","fore reef",10.17,"access restriction",-3.44249279809434,0.423210801192671,0,2.2339043010256
0.0579687510372104,4.9887580065858,689.553333333333,"omega3.g","Omega-3
fatty acids","Fiji","Yac04",2017,15.33,30,6.67,16.33,"fringing","fore reef",10.1,"access restriction",-3.44249279809434,0.329036461101657,0,2.21686170741671
0.0527518853288061,1.85006314368969,307.56,"omega3.g","Omega-3
fatty acids","Fiji","Yac05",2017,2,10.33,0.67,12,"lagoon","back reef",3.4,"access restriction",-3.44249279809434,0.423210801192671,0,2.2339042655436
0.0298549592685802,3.92657451629381,1355.71166666667,"omega3.g","Omega-3
fatty acids","Fiji","Yac06",2017,34.67,6.67,4,19.33,"fringing","fore reef",9.67,"access restriction",-3.44249279809434,0.415618797622258,0,2.23390429849117
0.0381380981945824,3.7674802290304,907.45,"omega3.g","Omega-3
fatty acids","Fiji","Yac07",2017,34.33,22,12,5.33,"fringing","fore reef",9.53,"access restriction",-3.44249279809434,0.415618797622258,0,2.23390427821574
0.0158096308702068,5.1824815994334,2785.39333333333,"omega3.g","Omega-3
fatty acids","Fiji","Yac08",2017,20,15.67,2.67,19.67,"fringing","fore reef",9.8,"access restriction",-3.44249279809434,0.415618797622258,0,2.23390425794032
0.0191175621146401,12.524771325828,4530.17,"omega3.g","Omega-3
fatty acids","Fiji","Yac09",2017,30,11,7.33,8,"fringing","fore reef",11.13,"access restriction",-3.44249279809434,0.397101184481657,0,2.21686170741671
0.0909532517456566,0.873638875547116,76.2016666666667,"omega3.g","Omega-3
fatty acids","Fiji","Yac11",2017,25,9.67,8.67,5,"lagoon","back reef",4.43,"access restriction",-3.44249279809434,0.329036461101657,0,2.21686168896568
0.0181503172337302,5.71479751975484,2335.06333333333,"omega3.g","Omega-3
fatty acids","Fiji","Yac13",2017,20.33,8,10.67,28.33,"fringing","fore reef",10.5,"access restriction",-3.44249279809434,0.415618797622258,0,2.23390427568132
0.0259117533540171,5.06254072190098,1596.14666666667,"omega3.g","Omega-3
fatty acids","Fiji","Yac15",2017,26,19.33,23,1,"fringing","fore reef",9.5,"access restriction",-3.44249279809434,0.415618797622258,0,2.23390428075017
0.0282334520269121,5.09660993994042,1650.60333333333,"omega3.g","Omega-3
fatty acids","Fiji","Yac16",2017,31.33,9.67,27.33,0.67,"fringing","fore reef",8.9,"access restriction",-3.44249279809434,0.423210801192671,0,2.23390427568132
0.0752211320604182,2.08796723943106,196.95,"omega3.g","Omega-3
fatty acids","Fiji","Yac17",2017,4,1,14.67,1,"lagoon","fore reef",1,"time restriction",-3.44249279809434,0.423210801192671,0,2.23390427314689
0.039385792608142,5.3461566697602,1088.28333333333,"omega3.g","Omega-3
fatty acids","Fiji","Yac18",2017,21,4.67,20,2,"lagoon","fore reef",1.9,"time restriction",-3.44249279809434,0.423210801192671,0,2.2339042478026
0.0167384192257732,6.14101782988542,2401.90166666667,"omega3.g","Omega-3
fatty acids","Fiji","Yac19",2017,17.33,6,12.67,22,"fringing","fore reef",8.83,"access restriction",-3.44249279809434,0.329036461101657,0,2.21686168896568
0.0487009779314028,3.56928104271494,695.648333333333,"omega3.g","Omega-3
fatty acids","Fiji","Yac20",2017,33,0.67,6.33,4.33,"fringing","fore reef",10,"access restriction",-3.44249279809434,0.423210801192671,0,2.23390429088789
0.0298312483083588,6.18387457094509,1868.64166666667,"omega3.g","Omega-3
fatty acids","Fiji","Yac21",2017,26,2.67,3.33,40.33,"fringing","fore reef",9.9,"time restriction",-3.44249279809434,0.423210801192671,0,2.23390427314689
0.0119494823523912,0.492439979589963,182.7,"omega3.g","Omega-3
fatty acids","Madagascar","Ambarinidada_11",2016,41,5,37,0,"fringing","fore reef",3,"gear restriction",0.190188217197462,1.88737425808086,0.00757624473730114,3.08759238086983
0.0152006934039415,0.393792372926805,246.82,"omega3.g","Omega-3
fatty acids","Madagascar","Ambato_04",2015,32.5,19.5,12,0,"fringing","fore reef",10,"no-take",0.3245112743743,2.91390714364728,0.00170213447254418,3.62699041209403
0.019357960224516,0.70597743117639,306.5,"omega3.g","Omega-3
fatty acids","Madagascar","Ambato_05",2015,53.5,2,3.5,0,"fringing","fore reef",11,"gear restriction",0.3245112743743,2.91390714205874,0.00170213447254418,3.62699041086383
0.0128757878537453,0.884602814139235,350.77,"omega3.g","Omega-3
fatty acids","Madagascar","Ambatofisaka_19",2016,6.5,5.33333333333333,28,31.3333333333333,"patch","fore reef",3.8,"gear restriction",-0.37940697862092,1.57317595454219,0.00483577248362384,1.40580527772578
0.0215650740538959,2.12832609525982,1066.76,"omega3.g","Omega-3
fatty acids","Madagascar","Ambatofisaka_19",2020,6.5,5.33333333333333,28,31.3333333333333,"patch","fore reef",3.8,"gear restriction",-0.37940697862092,1.57317595454219,0.00483577248362384,1.40580527772578
0.0124133044203328,5.29450638192165,2669.95,"omega3.g","Omega-3
fatty acids","Madagascar","Ambatomilay_18",2016,26,17.5,33.1666666666667,0.833333333333333,"patch","fore reef",5.6,"no-take",-0.37940697862092,1.57317595454219,0.00483577248362384,1.40580527772578
0.0331112727275734,5.60709706610783,1278.27,"omega3.g","Omega-3
fatty acids","Madagascar","Ambatomilay_18",2020,26,17.5,33.1666666666667,0.833333333333333,"patch","fore reef",5.6,"no-take",-0.37940697862092,1.57317595454219,0.00483577248362384,1.40580527772578
0.013978849373662,0.558750736307809,280.26,"omega3.g","Omega-3
fatty acids","Madagascar","Amparimilay_10",2016,56.1666666666667,3.5,26.5,0,"fringing","fore reef",4,"gear restriction",0.195284842886068,0.96104145448031,0.00209475382359273,3.18763010161092
0.0319909022794642,0.806781704318747,269.05,"omega3.g","Omega-3
fatty acids","Madagascar","Amparimilay_10",2020,56.1666666666667,3.5,26.5,0,"fringing","fore reef",4,"gear restriction",0.195284842886068,0.96104145448031,0.00209475382359273,3.18763010161092
0.00986734925743313,0.231037583023971,181.29,"omega3.g","Omega-3
fatty acids","Madagascar","Andra_06",2016,1,6.5,3.5,0.5,"barrier","fore reef",10,"no-take",0.4095410674711,0.437761182300146,0.0102609362420578,2.35710786058689
0.0119315631904105,1.73017903081743,1085.93,"omega3.g","Omega-3
fatty acids","Madagascar","Andravona_08",2016,23.5,7,5,0,"barrier","fore reef",10,"gear restriction",0.4095410674711,0.437761182300146,0.0102609362420578,2.35710782241827
0.0121272012738337,2.02257084388377,1147.56,"omega3.g","Omega-3
fatty acids","Madagascar","Andravona_12",2016,34,3,2.5,0,"barrier","fore reef",10,"gear restriction",0.306195487841947,0.450920667239613,0.0121793819720125,2.42828416888001
0.0236677793242806,0.175882660315117,51.57,"omega3.g","Omega-3
fatty acids","Madagascar","Andre_07",2016,10.5,5,6,0,"barrier","fore reef",10,"no-take",0.306195487841947,0.450920513472408,0.0121793819720125,2.42828415430051
0.0113645608158494,1.23871527877023,1008.18,"omega3.g","Omega-3
fatty acids","Madagascar","Anir_23",2015,45.5,21,18,0,"fringing","pinnacle",3,"no-take",0.164298714330546,3.57986126621072,0.0277999801829769,4.10873818182259
0.00565396072500721,0.188392921521232,344.38,"omega3.g","Omega-3
fatty acids","Madagascar","Anir_24",2015,27,60,2,0,"fringing","pinnacle",3,"gear restriction",0.164298714330546,3.57986128060844,0.0277999801829769,4.10873819622568
0.0194320901449698,0.70061993056369,308.31,"omega3.g","Omega-3
fatty acids","Madagascar","Anka_01",2016,23,6.5,1.5,0,"barrier","fore reef",9,"gear restriction",0.668429250779931,0.8766211659568,0.00635050026994822,3.35926704420885
0.0223942650986666,1.98902418451039,838.59,"omega3.g","Omega-3
fatty acids","Madagascar","Ankarea_03",2016,58.8333333333333,3.5,14.5,1.33333333333334,"fringing","fore reef",5.33333333333333,"no-take",0.220426366796386,0.623684917376674,0.00173847098940988,2.53677443268281
0.0223942650986666,1.98902418451039,838.59,"omega3.g","Omega-3
fatty acids","Madagascar","Ankarea_03",2016,41.5,9.5,22.5,4,"fringing","fore reef",4,"open-access",0.220426366796386,0.623684917376674,0.00173847098940988,2.53677443268281
0.0290020410379336,1.36045949122221,416.355,"omega3.g","Omega-3
fatty acids","Madagascar","Ankarea_03",2020,58.8333333333333,3.5,14.5,1.33333333333334,"fringing","fore reef",5.33333333333333,"no-take",0.220426366796386,0.623684917376674,0.00173847098940988,2.53677443268281
0.0290020410379336,1.36045949122221,416.355,"omega3.g","Omega-3
fatty acids","Madagascar","Ankarea_03",2020,41.5,9.5,22.5,4,"fringing","fore reef",4,"open-access",0.220426366796386,0.623684917376674,0.00173847098940988,2.53677443268281
0.0152205839347465,2.09684206429289,1134.79,"omega3.g","Omega-3
fatty acids","Madagascar","Ankaso_15",2016,31.8333333333333,1,18.3333333333333,3.33333333333333,"fringing","fore reef",6.86666666666667,"no-take",-0.22010206007448,1.41948706863103,0.00604266625312494,2.33664957910494
0.0330350168510626,1.94351402033207,507.375,"omega3.g","Omega-3
fatty acids","Madagascar","Ankaso_15",2020,31.8333333333333,1,18.3333333333333,3.33333333333333,"fringing","fore reef",6.86666666666667,"no-take",-0.22010206007448,1.41948706863103,0.00604266625312494,2.33664957910494
0.0174586101005439,1.82203496452686,913.56,"omega3.g","Omega-3
fatty acids","Madagascar","Ankivonjy_14",2016,68.3333333333333,0.666666666666667,7.5,0.333333333333333,"fringing","fore reef",9.2,"no-take",-0.236389341661125,0,0,2.72743294642026
0.0347241370858229,1.17573437897919,295.6,"omega3.g","Omega-3
fatty acids","Madagascar","Ankivonjy_14",2020,68.3333333333333,0.666666666666667,7.5,0.333333333333333,"fringing","fore reef",9.2,"no-take",-0.236389341661125,0,0,2.72743294642026
0.0131801060739741,0.312082227295556,189.29,"omega3.g","Omega-3
fatty acids","Madagascar","Anta_08",2015,52,8.5,13,0,"fringing","fore reef",9,"no-take",-0.984359469249791,1.15084875215492,4.90725039108237e-05,2.14112857776538
0.0109362165591536,0.214335221401013,131.69,"omega3.g","Omega-3
fatty acids","Madagascar","Anta_09",2015,36,7,2.5,0,"fringing","fore reef",9,"gear restriction",0.345548197582234,2.45047626192034,0.00104755675753005,3.46803620077116
0.0181000646643359,0.398780091452759,201.12,"omega3.g","Omega-3
fatty acids","Madagascar","Antanambe_13",2015,38,0.5,13.5,0,"fringing","fore reef",11,"gear restriction",0.335473948225945,2.18627659036935,0.000795333085038263,3.50021052989678
0.0124687703786827,0.984715215229937,660.31,"omega3.g","Omega-3
fatty acids","Madagascar","Antanambe_14",2015,48.5,13.5,8,0.5,"fringing","fore reef",9,"gear restriction",0.307747128723878,2.13369116576022,0.000619296462665888,3.35989816756043
0.0111011196302422,1.75103095892027,1273.22,"omega3.g","Omega-3
fatty acids","Madagascar","Antanambe_15",2015,45.5,0,44.5,0,"fringing","fore reef",4,"no-take",0.307747128723878,0,0,3.72533462028454
0.0176434332432352,0.475073568406029,231.75,"omega3.g","Omega-3
fatty acids","Madagascar","Antsa_09",2016,6,68.5,0.5,15.5,"barrier","fore reef",10,"open-access",0.930600641260254,1.18159785633588,0.00440478471223472,3.19597352183097
0.0165060648364211,1.28168470228412,679.94,"omega3.g","Omega-3
fatty acids","Madagascar","Antsi_20",2015,60,3,21.5,0,"fringing","fore reef",8,"no-take",0.189002124866062,3.3077400657316,0.0213410688096841,4.03827728993596
0.0339201505943071,0.0461444360412588,8.99,"omega3.g","Omega-3
fatty acids","Madagascar","Antsi_22",2015,55.5,10.5,15.5,0,"fringing","fore reef",8,"gear restriction",0.189002124866062,3.30774004563271,0.0213410688096841,4.03827726973505
0.0207344531301316,4.19016289367399,1762.4,"omega3.g","Omega-3
fatty acids","Madagascar","Antsoa_07",2016,55,0.166666666666666,13.8333333333333,9.33333333333335,"fringing","fore reef",5.6,"no-take",0.119714362489963,1.2672329713443,0.00473740915839478,2.56842118686096
0.0207344531301316,4.19016289367399,1762.4,"omega3.g","Omega-3
fatty acids","Madagascar","Antsoa_07",2016,23,0.5,14.5,14,"fringing","fore reef",4.8,"open-access",0.119714362489963,1.2672329713443,0.00473740915839478,2.56842118686096
0.0116057886801922,1.24407312609581,1003.835,"omega3.g","Omega-3
fatty acids","Madagascar","Antsoa_07",2020,55,0.166666666666666,13.8333333333333,9.33333333333335,"fringing","fore reef",5.6,"no-take",0.119714362489963,1.2672329713443,0.00473740915839478,2.56842118686096
0.0116057886801922,1.24407312609581,1003.835,"omega3.g","Omega-3
fatty acids","Madagascar","Antsoa_07",2020,23,0.5,14.5,14,"fringing","fore reef",4.8,"open-access",0.119714362489963,1.2672329713443,0.00473740915839478,2.56842118686096
0.0140697389638406,5.13066137092766,1923.08,"omega3.g","Omega-3
fatty acids","Madagascar","Beangovo_04",2016,35.6666666666667,0,13.5,4.33333333333333,"fringing","fore reef",5.66666666666667,"no-take",0.0404781252051587,0.00152733064374875,0.000557710157162506,1.36533316501109
0.0140697389638406,5.13066137092766,1923.08,"omega3.g","Omega-3
fatty acids","Madagascar","Beangovo_04",2016,41,0,16.5,10,"fringing","fore reef",7,"open-access",0.0404781252051587,0.00152733064374875,0.000557710157162506,1.36533316501109
0.0161197749704447,6.34128306074079,3558.595,"omega3.g","Omega-3
fatty acids","Madagascar","Beangovo_04",2020,35.6666666666667,0,13.5,4.33333333333333,"fringing","fore reef",5.66666666666667,"no-take",0.0404781252051587,0.00152733064374875,0.000557710157162506,1.36533316501109
0.0161197749704447,6.34128306074079,3558.595,"omega3.g","Omega-3
fatty acids","Madagascar","Beangovo_04",2020,41,0,16.5,10,"fringing","fore reef",7,"open-access",0.0404781252051587,0.00152733064374875,0.000557710157162506,1.36533316501109
0.0151741685496178,0.354279233614622,163.43,"omega3.g","Omega-3
fatty acids","Madagascar","Beko_03",2016,29.5,10.5,1.5,0,"patch","fore reef",10,"gear restriction",0.48827383602803,0.46980111045249,0.00803607430368412,2.35393218744086
0.0176376028319698,0.493720137801019,193.07,"omega3.g","Omega-3
fatty acids","Madagascar","Belo_04",2016,41.5,4,12.5,0,"patch","fore reef",6,"no-take",0.48827383602803,0.46980111045249,0.00803607430368412,2.35393218551842
0.0282799156759296,0.65235589889355,144.69,"omega3.g","Omega-3
fatty acids","Madagascar","Iha_01",2016,67,0,29.5,0,"fringing","fore reef",4,"open-access",-0.091703752582849,3.14503092176004,0.0295615179287754,3.86257906353293
0.0349029805329501,0.837987398521846,135.67,"omega3.g","Omega-3
fatty acids","Madagascar","Iha_02",2016,37,1,47,0,"fringing","fore reef",4,"open-access",-0.091703752582849,3.34134703936137,0.0456053739959472,3.80581131251149
0.010105025242255,0.870311364304427,771.76,"omega3.g","Omega-3
fatty acids","Madagascar","Imor_18",2015,48,3,21,0,"fringing","fore reef",8,"gear restriction",0.199842356410181,3.00247723654619,0.0133281636889953,3.52997919999518
0.0162171203163841,1.4863126778726,942.3,"omega3.g","Omega-3
fatty acids","Madagascar","Imor_19",2015,44.5,5.5,35,0,"fringing","fore reef",7,"no-take",0.189002124866062,3.30774005418543,0.0213410688096841,4.03827727820512
0.00877327887977884,0.318027235438034,348.89,"omega3.g","Omega-3
fatty acids","Madagascar","Imor_21",2015,41.5,23.5,8,0.5,"fringing","fore reef",7,"gear restriction",0.189002124866062,3.30774004285307,0.0213410688096841,4.038277267031
0.0217917292623016,1.67133812330069,580.775,"omega3.g","Omega-3
fatty acids","Madagascar","Kisimani_16",2016,28.59375,8.78125,31.875,0,"fringing","fore reef",4.9375,"no-take",-0.19290760956083,2.5511612559888,0.0151429732760217,3.04708440171115
0.0552224377222593,1.25514640045162,200.69,"omega3.g","Omega-3
fatty acids","Madagascar","Kisimani_16",2020,28.59375,8.78125,31.875,0,"fringing","fore reef",4.9375,"no-take",-0.19290760956083,2.5511612559888,0.0151429732760217,3.04708440171115
0.0255924356115383,2.33757360894579,660.9,"omega3.g","Omega-3
fatty acids","Madagascar","Madiro_17",2016,30.3333333333333,9.83333333333333,38.3333333333333,1.16666666666667,"fringing","fore reef",3.56666666666667,"gear restriction",-0.211399671224856,2.16028800477898,0.0120036761670675,2.86279632607602
0.0757621990374427,1.03435486584787,120.435,"omega3.g","Omega-3
fatty acids","Madagascar","Madiro_17",2020,30.3333333333333,9.83333333333333,38.3333333333333,1.16666666666667,"fringing","fore reef",3.56666666666667,"gear restriction",-0.211399671224856,2.16028800477898,0.0120036761670675,2.86279632607602
0.00752873291193805,0.673795768133707,636.74,"omega3.g","Omega-3
fatty acids","Madagascar","Maintim_27",2015,84,9,1,0,"fringing","pinnacle",3,"no-take",0.0626195838543416,2.96196864517536,0.01166177538365,3.2817053990976
0.0126588340194054,0.353037883537152,193.13,"omega3.g","Omega-3
fatty acids","Madagascar","Maintim_28",2015,15,56.5,8.5,0,"fringing","pinnacle",3,"gear restriction",0.0626195838543416,2.96196864280516,0.01166177538365,3.28170539660029
0.0227915697053874,0.625985222076288,226.89,"omega3.g","Omega-3
fatty acids","Madagascar","Malo_02",2015,26,23.5,17.5,0,"fringing","fore reef",10,"gear restriction",0.357861505994281,3.00560386551922,0.0020640662006113,3.35327833950096
0.0171184443644579,0.538906329832133,279.48,"omega3.g","Omega-3
fatty acids","Madagascar","Malo_03",2015,53,2.5,13.5,0,"fringing","fore reef",10,"no-take",0.3245112743743,2.91390712935041,0.00170213447254418,3.62699039784423
0.005244087151491,0.438644984409428,674.31,"omega3.g","Omega-3
fatty acids","Madagascar","Manam_06",2015,51,6.5,9.5,0,"fringing","fore reef",8,"gear restriction",0.270817452263233,2.65620297671553,0.0107902967738949,3.58856544727349
0.0141931827343245,0.720723801556969,464.18,"omega3.g","Omega-3
fatty acids","Madagascar","Manam_07",2015,38.5,16.5,10,0,"fringing","fore reef",9,"no-take",0.270817452263233,2.65620297671553,0.0107902967738949,3.58856544727349
0.0100568676020184,1.00370902018354,521.93,"omega3.g","Omega-3
fatty acids","Madagascar","Mand_10",2015,34.5,39,8,0,"fringing","fore reef",10,"no-take",0.335473948225945,2.18627659885391,0.000795333085038263,3.5002105388193
0.0110252294766265,0.348764412151423,243.83,"omega3.g","Omega-3
fatty acids","Madagascar","Mand_11",2015,72,7,11.5,0,"fringing","fore reef",8,"gear restriction",0.335473948225945,2.18627658471299,0.000795333085038263,3.5002105239942
0.0145529938562929,0.758339222768737,462.34,"omega3.g","Omega-3
fatty acids","Madagascar","Mand_12",2015,40,8.5,9,0,"fringing","fore reef",8,"gear restriction",0.335473948225945,2.18627657905662,0.000795333085038263,3.50021051740527
0.0230057213370296,0.290034176508056,105.17,"omega3.g","Omega-3
fatty acids","Madagascar","Marofot_01",2016,52.5,3,8.5,0,"fringing","fore reef",7.8,"open-access",-0.461730479383868,0,0,3.70822324828595
0.0155270750235913,0.188489845644741,100.65,"omega3.g","Omega-3
fatty acids","Madagascar","Marofot_02",2016,58,21,6,0,"fringing","fore reef",7,"open-access",-0.216904330884035,1.76537499019205,0.00188767837803001,3.60869377288199
0.0144541947047976,0.684636873321103,392.86,"omega3.g","Omega-3
fatty acids","Madagascar","Marotogny_20",2016,33.3333333333333,36.5,17.1666666666667,0,"fringing","fore reef",2.73333333333333,"gear restriction",-0.355678616920915,1.76690584094777,0.0134132314461257,2.99771857386499
0.0418606154272997,0.28828246796719,64.755,"omega3.g","Omega-3
fatty acids","Madagascar","Marotogny_20",2020,33.3333333333333,36.5,17.1666666666667,0,"fringing","fore reef",2.73333333333333,"gear restriction",-0.355678616920915,1.76690584094777,0.0134132314461257,2.99771857386499
0.0187466607631481,0.797383885808339,208.15,"omega3.g","Omega-3
fatty acids","Madagascar","NF01",2016,37.75,10,20,0,"fringing","fore reef",6,"gear restriction",0.0831814385078637,1.77577900018477,0.0142419801568119,3.34490321641498
0.0179330177757579,0.606405547841275,304.8,"omega3.g","Omega-3
fatty acids","Madagascar","NK01",2016,65.25,3,19.75,0,"fringing","fore reef",6,"gear restriction",-0.0172983050013399,2.33702835525568,0.0502053073280594,3.79066585727247
0.0552495386422627,1.39693055370654,113.2,"omega3.g","Omega-3
fatty acids","Madagascar","Nosy Komba",2020,33.5,0,9.5,0.5,"fringing","back reef",2.55,"open-access",-0.0224785029536651,2.001878571709,0.0344399407334144,4.69145325375119
0.0156522233531041,2.92939495213523,1737.82,"omega3.g","Omega-3
fatty acids","Madagascar","NosyFisaka_02",2016,56.5,0,28.5,0.833333333333335,"patch","fore reef",4.33333333333333,"no-take",0.220426366796386,0.623684917376674,0.00173847098940988,2.53677443520652
0.0156522233531041,2.92939495213523,1737.82,"omega3.g","Omega-3
fatty acids","Madagascar","NosyFisaka_02",2016,56.5,0,28.5,0.833333333333335,"patch","fore reef",4.33333333333333,"no-take",0.18526273402698,0.00959790211971129,0.000823943134501998,0
0.0156522233531041,2.92939495213523,1737.82,"omega3.g","Omega-3
fatty acids","Madagascar","NosyFisaka_02",2016,43.5,0,32.5,2.5,"patch","fore reef",5,"open-access",0.220426366796386,0.623684917376674,0.00173847098940988,2.53677443520652
0.0156522233531041,2.92939495213523,1737.82,"omega3.g","Omega-3
fatty acids","Madagascar","NosyFisaka_02",2016,43.5,0,32.5,2.5,"patch","fore reef",5,"open-access",0.18526273402698,0.00959790211971129,0.000823943134501998,0
0.0306007705388371,3.18977809484076,907.01,"omega3.g","Omega-3
fatty acids","Madagascar","NosyFisaka_02",2020,56.5,0,28.5,0.833333333333335,"patch","fore reef",4.33333333333333,"no-take",0.220426366796386,0.623684917376674,0.00173847098940988,2.53677443520652
0.0306007705388371,3.18977809484076,907.01,"omega3.g","Omega-3
fatty acids","Madagascar","NosyFisaka_02",2020,56.5,0,28.5,0.833333333333335,"patch","fore reef",4.33333333333333,"no-take",0.18526273402698,0.00959790211971129,0.000823943134501998,0
0.0306007705388371,3.18977809484076,907.01,"omega3.g","Omega-3
fatty acids","Madagascar","NosyFisaka_02",2020,43.5,0,32.5,2.5,"patch","fore reef",5,"open-access",0.220426366796386,0.623684917376674,0.00173847098940988,2.53677443520652
0.0306007705388371,3.18977809484076,907.01,"omega3.g","Omega-3
fatty acids","Madagascar","NosyFisaka_02",2020,43.5,0,32.5,2.5,"patch","fore reef",5,"open-access",0.18526273402698,0.00959790211971129,0.000823943134501998,0
0.00962784973225179,1.62501439860096,1144.99,"omega3.g","Omega-3
fatty acids","Madagascar","NosyKaine_09",2016,69,1,19.5,0,"patch","fore reef",5,"gear restriction",0.0613438918927525,0.00766159313796636,0.00176918162704265,1.75446513604371
0.015861004652284,0.701391802531845,367.98,"omega3.g","Omega-3
fatty acids","Madagascar","NosyKarabo_06",2016,63.6666666666667,0.166666666666667,14,1.33333333333333,"patch","fore reef",3.66666666666667,"gear restriction",0.119714362489963,1.2672329713443,0.00473740915839478,2.56842118686096
0.0142120989524729,3.12606837266904,1295.405,"omega3.g","Omega-3
fatty acids","Madagascar","NosyKarabo_06",2020,63.6666666666667,0.166666666666667,14,1.33333333333333,"patch","fore reef",3.66666666666667,"gear restriction",0.119714362489963,1.2672329713443,0.00473740915839478,2.56842118686096
0.0168257344200925,1.95433294267414,999.58,"omega3.g","Omega-3
fatty acids","Madagascar","NosyLava_01",2016,73,0,17,0,"fringing","fore reef",6,"no-take",0.285535706257928,1.14074096604255,0.00644849896509596,2.37890108928512
0.0322807626318425,4.80358926963403,975.27,"omega3.g","Omega-3
fatty acids","Madagascar","NosyVazoana_05",2016,61,0.5,15,2,"fringing","fore reef",5,"gear restriction",0.243160626514158,1.59186185195294,0.00613345501862126,3.17913865276392
0.0431094159567163,1.10067566907471,179.03,"omega3.g","Omega-3
fatty acids","Madagascar","NS01",2016,50,6.5,23.5,0,"fringing","fore reef",7,"open-access",-0.0947617771371606,2.00193954296846,0.0200955689713555,4.38203238827046
0.0181544656834464,3.53182711423402,1469.78,"omega3.g","Omega-3
fatty acids","Madagascar","NT01",2016,49.5,4,19.5,0,"fringing","fore reef",8,"no-take",-0.0788594662145182,2.18258141574576,0.0294600769288348,2.30679950241729
0.0202309112953356,1.66979468991032,611.48,"omega3.g","Omega-3
fatty acids","Madagascar","NT02",2016,56,13,17.5,0,"fringing","fore reef",6,"no-take",-0.0788594662145182,2.18258141289341,0.0294600769288348,2.30679950027447
0.00827808719699389,0.976830461097795,994.66,"omega3.g","Omega-3
fatty acids","Madagascar","Plateau_13",2016,2.5,10,6,0,"barrier","fore reef",14,"no-take",0.270817452263233,2.65620297671553,0.0107902967738949,3.58856544727349
0.00570826338967811,2.9178582167244,2422.77,"omega3.g","Omega-3
fatty acids","Madagascar","Ranto_01",2016,26.5,0.5,37.5,0,"patch","fore reef",13.9,"gear restriction",0.270817452263233,2.65620297671553,0.0107902967738949,3.58856544727349
0.0142144701662294,1.57255797446486,671.07,"omega3.g","Omega-3
fatty acids","Madagascar","Ratapenjiky_12",2016,36.1666666666667,0.666666666666667,30.6666666666667,1.16666666666667,"fringing","fore reef",3.66666666666667,"gear restriction",0.144843728993588,0.859557132376662,0.00265323534959275,3.10396434771955
0.0161170492468226,3.71829345926221,1274.325,"omega3.g","Omega-3
fatty acids","Madagascar","Ratapenjiky_12",2020,36.1666666666667,0.666666666666667,30.6666666666667,1.16666666666667,"fringing","fore reef",3.66666666666667,"gear restriction",0.144843728993588,0.859557132376662,0.00265323534959275,3.10396434771955
0.0078707283602468,1.2958247312597,1292.15,"omega3.g","Omega-3
fatty acids","Madagascar","Sal_N1_11",2016,29,23.5,1.5,2,"barrier","fore reef",9,"gear restriction",0.668429250779931,0.8766211659568,0.00635050026994822,3.35926704022102
0.0150812618381623,1.13873054801375,575.2,"omega3.g","Omega-3
fatty acids","Madagascar","Sal_N2_02",2016,38.5,10.5,0,6,"barrier","fore reef",10,"no-take",0.713792428217115,0.887046886265704,0.00408352168303751,2.7391960713993
0.0141097087211755,0.417852932844791,197.31,"omega3.g","Omega-3
fatty acids","Madagascar","Sal_N2_05",2016,25.5,53,0,0,"barrier","fore reef",10,"gear restriction",0.48827383602803,0.46980111045249,0.00803607430368412,2.35393220666523
0.0107434328201888,0.945602068008908,851.57,"omega3.g","Omega-3
fatty acids","Madagascar","Sal_N2_13",2016,5.5,61.5,0,0,"barrier","fore reef",14,"gear restriction",0.615363831840096,0.595190895888091,0.00620538735579977,2.24151569290735
0.0364248952069294,0.0483001980160437,9.83,"omega3.g","Omega-3
fatty acids","Madagascar","Sala_14",2016,0,61.5,0,1.5,"barrier","back reef",2,"gear restriction",0.615363831840096,0.732408075219953,0.00837019027102471,3.42832507217295
0.0363786413144199,3.06114634090355,695.645,"omega3.g","Omega-3
fatty acids","Madagascar","Tandavandriva_North",2020,48,13,16,0,"lagoon","back reef",14.3,"open-access",0.270817452263233,2.65620297671553,0.0107902967738949,3.58856544727349
0.0602562374740542,0.846677850494461,119.115,"omega3.g","Omega-3
fatty acids","Madagascar","Tandavandriva_West",2020,38.5,0,22,0,"lagoon","back reef",14.8,"open-access",0.270817452263233,2.65620297671553,0.0107902967738949,3.58856544727349
0.00856847345935544,0.688074714898971,687.51,"omega3.g","Omega-3
fatty acids","Madagascar","Tsand_10",2016,8.5,43.5,0.5,2,"barrier","fore reef",10,"gear restriction",0.83596811425463,0.929466593304303,0.00347776567558497,3.33834642764376
0.0214660087254209,9.79625534861254,2937.49,"omega3.g","Omega-3
fatty acids","Madagascar","Tsarabanjina_08",2016,39.5,0.5,18.5,1.66666666666666,"patch","fore reef",5,"no-take",0.0613438918927525,0.00766159313796636,0.00176918162704265,1.75446515133166
0.0214660087254209,9.79625534861254,2937.49,"omega3.g","Omega-3
fatty acids","Madagascar","Tsarabanjina_08",2016,41.5,1.5,18.5,5,"patch","fore reef",5,"open-access",0.0613438918927525,0.00766159313796636,0.00176918162704265,1.75446515133166
0.0406038663768254,3.35542336616908,691.8,"omega3.g","Omega-3
fatty acids","Madagascar","Tsarabanjina_08",2020,39.5,0.5,18.5,1.66666666666666,"patch","fore reef",5,"no-take",0.0613438918927525,0.00766159313796636,0.00176918162704265,1.75446515133166
0.0406038663768254,3.35542336616908,691.8,"omega3.g","Omega-3
fatty acids","Madagascar","Tsarabanjina_08",2020,41.5,1.5,18.5,5,"patch","fore reef",5,"open-access",0.0613438918927525,0.00766159313796636,0.00176918162704265,1.75446515133166
0.0122221075255873,1.12221645723596,701.12,"omega3.g","Omega-3
fatty acids","Madagascar","Vato_25",2015,32,53,2,0,"fringing","pinnacle",4,"no-take",0.0626195838543416,2.96196866461103,0.01166177538365,3.28170541862198
0.00858460140763299,0.397999355249441,408.54,"omega3.g","Omega-3
fatty acids","Madagascar","Vato_26",2015,18,13,1,51,"fringing","pinnacle",3,"gear restriction",0.0626195838543416,2.96196865560426,0.01166177538365,3.28170540954087
0.0165149074414792,0.839496413157694,485.15,"omega3.g","Omega-3
fatty acids","Madagascar","Vohi_16",2015,39.5,20.5,20.5,0,"fringing","fore reef",8,"no-take",0.199842356410181,2.78450566175297,0.00927535776339822,3.9361961952502
0.0166356154556468,0.679797752679176,373.88,"omega3.g","Omega-3
fatty acids","Madagascar","Vohi_17",2015,13,65,1,0,"fringing","fore reef",10,"gear restriction",0.199842356410181,2.78450568457891,0.00927535776339822,3.93619621773534
0.0186205188110002,2.66991582247345,1207.045,"omega3.g","Omega-3
fatty acids","Solomon Islands","Chubikopi 1",2019,15.33,8.67,16.33,0.33,"fringing","fore reef",7,"no-take",-0.916866615730474,1.76505229859115,0,3.39811153292906
0.0237031638442747,8.18145434433782,2588.035,"omega3.g","Omega-3
fatty acids","Solomon Islands","Chubikopi 2",2019,16.67,10,25,0.33,"fringing","fore reef",7.33,"no-take",-0.916866615730474,1.7650522762115,0,3.39811151052831
0.0532026698066148,9.09109670629478,1396.92,"omega3.g","Omega-3
fatty acids","Solomon Islands","Chubikopi 3",2019,23,21.33,19.33,0,"fringing","fore reef",7.33,"no-take",-0.916866615730474,1.76505229113127,0,3.39811152494119
0.022631195907952,2.84216203382361,1139.225,"omega3.g","Omega-3
fatty acids","Solomon Islands","Chubikopi 4",2019,21.33,1.67,25.33,0.67,"barrier","fore reef",7.93,"access restriction",-0.890040305117803,1.47124180834292,0,3.03561515274996
0.0409605303339908,4.54165930243159,901.971666666667,"omega3.g","Omega-3
fatty acids","Solomon Islands","Chubikopi 5",2019,49,1.33,17,0.67,"barrier","fore reef",7.67,"access restriction",-0.890040305117803,1.47124182301672,0,3.03561516875399
0.0189077141713065,4.81635633816584,2140.07,"omega3.g","Omega-3
fatty acids","Solomon Islands","Chubikopi 6",2019,30.33,1,8,0,"barrier","fore reef",7.67,"access restriction",-0.890040305117803,1.47124180834292,0,3.03561514994926
0.0286244944158839,3.66987576127749,1070.42,"omega3.g","Omega-3
fatty acids","Solomon Islands","Kicha 1 PC",2019,50.67,10.67,10,5,"fringing","fore reef",7.77,"no-take",-0.726725497909684,0.665216706276208,0,2.284488065956
0.0209538556389705,6.22483640516254,2059.35333333333,"omega3.g","Omega-3
fatty acids","Solomon Islands","KOL01",2016,29.67,20,3,0,"fringing","fore reef",11,"access restriction",-1.11250647997838,1.59899040030616,0,3.17296013828747
0.0286000399619339,2.24728798494776,658.638333333333,"omega3.g","Omega-3
fatty acids","Solomon Islands","KOL02",2016,3,36.67,21.33,2.67,"fringing","fore reef",8,"time restriction",-1.09312646527793,1.66445147402983,0,3.18705462794223
0.0276307729290398,6.35983969443317,2049.68833333333,"omega3.g","Omega-3
fatty acids","Solomon Islands","KOL03",2016,16,6.33,16.67,1.67,"fringing","fore reef",8.43,"access restriction",-1.07185516873645,1.72650580093019,0,2.67490389689889
0.0168887576927773,6.79030766727463,2799.49,"omega3.g","Omega-3
fatty acids","Solomon Islands","KOL04",2016,41.67,10,14,0.33,"fringing","fore reef",7.23,"access restriction",-1.0830357263734,1.77942782672446,0,2.69424112426601
0.0161951693012234,6.25286148699074,2929.15833333333,"omega3.g","Omega-3
fatty acids","Solomon Islands","KOL05",2016,27.67,16.33,19,0.67,"fringing","fore reef",9.1,"access restriction",-1.0830357263734,1.77942781950746,0,2.69424112250982
0.0310822085297742,10.815114086706,3554.73833333333,"omega3.g","Omega-3
fatty acids","Solomon Islands","KOL06",2016,44,11,12,1,"fringing","fore reef",7.67,"access restriction",-1.09966564952249,0,0,2.85591418938216
0.0110025982059095,7.3452530676209,6357.48833333333,"omega3.g","Omega-3
fatty acids","Solomon Islands","KOL07",2016,40,20.67,7.33,1,"fringing","fore reef",7.6,"access restriction",-1.03139098425051,1.76150825610416,0,2.20673029105554
0.0170045507208228,6.53843015418602,3142.65,"omega3.g","Omega-3
fatty acids","Solomon Islands","KOL08",2016,30,23.67,8.67,0,"fringing","fore reef",7.57,"access restriction",-1.03139098425051,1.76150826362516,0,2.20673030184784
0.0160655711009318,5.47153828585337,3259.92333333333,"omega3.g","Omega-3
fatty acids","Solomon Islands","KOL09",2016,33.67,21.33,15.67,0.33,"fringing","fore reef",6.73,"time restriction",-1.03139098425051,1.76150826362516,0,2.20673029645169
0.0375703778072818,4.25008683803751,944.665,"omega3.g","Omega-3
fatty acids","Solomon Islands","KOL10",2016,22.67,4.33,17,3.33,"fringing","fore reef",7.67,"access restriction",-1.14224547794056,0,0,3.09925067392501
0.0277604942573831,5.40325841259296,1594.8,"omega3.g","Omega-3
fatty acids","Solomon Islands","KOL11",2016,19,24.33,11.33,4.33,"fringing","fore reef",7,"access restriction",-1.09722499070065,1.78952206434913,0,2.94723685756451
0.0126813339424775,11.3846508811787,7453.75833333333,"omega3.g","Omega-3
fatty acids","Solomon Islands","KOL12",2016,19.67,11.33,10,8,"fringing","fore reef",4.87,"access restriction",-1.13399637445319,1.82158600957686,0,2.98364662001855
0.0370675514557574,6.85634069941585,1463.45166666667,"omega3.g","Omega-3
fatty acids","Solomon Islands","KOL13",2016,21,9.33,25.33,1.67,"fringing","fore reef",5.13,"access restriction",-1.13399637445319,1.82158600957686,0,2.98364662092047
0.0367077435964558,5.43370974872269,1263.305,"omega3.g","Omega-3
fatty acids","Solomon Islands","KOL14",2016,26.67,6,6.67,7,"fringing","fore reef",2.73,"access restriction",-1.1741715834498,0,0,2.5830936018722
0.0322368730477112,5.23354276014419,1167.70166666667,"omega3.g","Omega-3
fatty acids","Solomon Islands","KOL15",2016,13.33,1,50.33,0,"fringing","fore reef",5,"access restriction",-1.19316907238652,0,0,2.67767955776887
0.0321916269322223,8.91714158999505,1974.66333333333,"omega3.g","Omega-3
fatty acids","Solomon Islands","KOL16",2016,20.67,3.67,33,0,"fringing","fore reef",5,"access restriction",-1.19860315092913,0,0,2.83553453410849
0.0247214679783385,6.09288785910313,1802.77166666667,"omega3.g","Omega-3
fatty acids","Solomon Islands","KOL17",2016,21.67,20.33,10,2.33,"fringing","fore reef",5.3,"access restriction",-1.21303574056427,0,0,3.08857116211021
0.0375259935683849,3.07503052117445,620.34,"omega3.g","Omega-3
fatty acids","Solomon Islands","KOL18",2016,44.67,8.67,10.67,3.33,"fringing","fore reef",2.87,"access restriction",-1.21608927778466,1.66352327109414,0,3.34885874463165
0.0239913881246513,3.14778893335371,959.003333333333,"omega3.g","Omega-3
fatty acids","Solomon Islands","KOL19",2016,15.67,3.33,18.67,0.33,"fringing","fore reef",3.27,"access restriction",-1.21608927778466,1.66352327109414,0,3.34885874307563
0.012209879145296,16.5520633724493,9957.62333333333,"omega3.g","Omega-3
fatty acids","Solomon Islands","KOL20",2016,26.33,3.33,26.67,3.67,"fringing","fore reef",3.87,"time restriction",-1.29423033804278,1.66953305333037,0,3.50391912714388
0.0182127434586632,5.19566852869537,2675.22,"omega3.g","Omega-3
fatty acids","Solomon Islands","Malemale 1",2019,41.33,6.67,1.67,10.33,"fringing","fore reef",9,"access restriction",-0.743722542967329,1.03302156543205,0,2.68871853965878
0.0522264188077608,6.73872695244693,1078.41,"omega3.g","Omega-3
fatty acids","Solomon Islands","Malemale 2",2019,34.33,28,2.33,6,"fringing","fore reef",9.67,"access restriction",-0.743722542967329,1.30685265599215,0,3.12572826118965
0.0226819877745416,1.64683294964079,611.77,"omega3.g","Omega-3
fatty acids","Solomon Islands","Mbulo 1",2019,52.67,13.67,0.33,2.33,"fringing","fore reef",9,"access restriction",-0.743722542967329,1.03302156543205,0,2.68871853876944
0.011161644886603,1.78352992552321,1287.69,"omega3.g","Omega-3
fatty acids","Solomon Islands","Mbulo 2",2019,63.33,19,0.33,2,"fringing","fore reef",9.33,"access restriction",-0.743722542967329,1.03302156543205,0,2.68871854054811
0.0113923957181998,4.29238110201368,3294.49,"omega3.g","Omega-3
fatty acids","Solomon Islands","Mbulo 4",2019,61,13,0,4.67,"fringing","fore reef",9,"access restriction",-0.743722542967329,1.03302156543205,0,2.68871853699077
0.0268862787852363,9.7849578972298,2317.92166666667,"omega3.g","Omega-3
fatty acids","Solomon Islands","P10",2018,32.835,8.335,17.335,0,"barrier","fore reef",8.7,"access restriction",-1.1795817758913,1.18051908643763,0,2.97940713456114
0.0268862787852363,9.7849578972298,2317.92166666667,"omega3.g","Omega-3
fatty acids","Solomon Islands","P10",2018,32.835,8.335,17.335,0,"barrier","fore reef",8.7,"access restriction",-1.1795817758913,1.18051908643763,0,2.97940713683806
0.0467310476760682,11.8275442133228,2011.80833333333,"omega3.g","Omega-3
fatty acids","Solomon Islands","P10",2019,32.835,8.335,17.335,0,"barrier","fore reef",8.7,"access restriction",-1.1795817758913,1.18051908643763,0,2.97940713456114
0.0467310476760682,11.8275442133228,2011.80833333333,"omega3.g","Omega-3
fatty acids","Solomon Islands","P10",2019,32.835,8.335,17.335,0,"barrier","fore reef",8.7,"access restriction",-1.1795817758913,1.18051908643763,0,2.97940713683806
0.0681552020841556,13.2806031734686,1736.43,"omega3.g","Omega-3
fatty acids","Solomon Islands","P11",2019,40.33,12.33,20,0,"barrier","fore reef",7.93,"access restriction",-1.18514667967006,1.41215508985241,0,3.13475448290468
0.0177577796548591,21.2437311735218,6587.335,"omega3.g","Omega-3
fatty acids","Solomon Islands","P12",2018,47.335,3,9.165,0,"barrier","fore reef",8.115,"access restriction",-1.194356439403,1.66944220340374,0,3.34052331856808
0.0177577796548591,21.2437311735218,6587.335,"omega3.g","Omega-3
fatty acids","Solomon Islands","P12",2018,47.335,3,9.165,0,"barrier","fore reef",8.115,"access restriction",-1.194356439403,1.66944220340374,0,3.34052331599055
0.0698079818910649,12.1810105782048,1354.53833333333,"omega3.g","Omega-3
fatty acids","Solomon Islands","P12",2019,47.335,3,9.165,0,"barrier","fore reef",8.115,"access restriction",-1.194356439403,1.66944220340374,0,3.34052331856808
0.0698079818910649,12.1810105782048,1354.53833333333,"omega3.g","Omega-3
fatty acids","Solomon Islands","P12",2019,47.335,3,9.165,0,"barrier","fore reef",8.115,"access restriction",-1.194356439403,1.66944220340374,0,3.34052331599055
0.0371940620697521,12.4365595957183,2719.64166666667,"omega3.g","Omega-3
fatty acids","Solomon Islands","P13",2019,38.33,6.33,6.67,0,"barrier","fore reef",8.73,"access restriction",-1.1795817758913,1.18051908643763,0,2.97940714093651
0.024100520648213,2.47766911467299,899.67,"omega3.g","Omega-3
fatty acids","Solomon Islands","P14",2019,35.33,15.33,5.67,0,"barrier","fore reef",8.3,"access restriction",-1.19291844427156,0.770718316696318,0,2.95671763901369
0.0193769194305667,3.65719940895786,1766.49833333333,"omega3.g","Omega-3
fatty acids","Solomon Islands","P15",2019,46.33,6.33,15,0,"barrier","fore reef",9.13,"access restriction",-1.19291844427156,0.770718316696318,0,2.95671765100887
0.0119020724151564,3.53072602097886,1885.88666666667,"omega3.g","Omega-3
fatty acids","Solomon Islands","P16",2019,46.33,6,14.67,0,"barrier","fore reef",8.17,"access restriction",-1.19291844427156,0.770718316696318,0,2.95671764333196
0.0144027283282133,4.80772741685518,2452.735,"omega3.g","Omega-3
fatty acids","Solomon Islands","P17",2019,56,4.67,11,0,"barrier","fore reef",8.37,"access restriction",-1.20265627383764,1.03470492261505,0,3.13443051015103
0.0167914489135482,5.20598776538346,2813.84,"omega3.g","Omega-3
fatty acids","Solomon Islands","P18",2019,47,2,11.33,0,"barrier","fore reef",8.33,"access restriction",-1.20265627383764,1.03470492261505,0,3.13443050823895
0.0457698243750925,21.3109742985867,3888.00833333333,"omega3.g","Omega-3
fatty acids","Solomon Islands","P4",2018,29.835,1.5,14.5,0.165,"barrier","fore reef",8.835,"access restriction",-1.1795817758913,1.18051908643763,0,2.97940711862273
0.0457698243750925,21.3109742985867,3888.00833333333,"omega3.g","Omega-3
fatty acids","Solomon Islands","P4",2018,29.835,1.5,14.5,0.165,"barrier","fore reef",8.835,"access restriction",-1.1795817758913,1.18051908643763,0,2.97940713228423
0.0281628271424787,10.1655564142627,3174.10333333333,"omega3.g","Omega-3
fatty acids","Solomon Islands","P4",2019,29.835,1.5,14.5,0.165,"barrier","fore reef",8.835,"access restriction",-1.1795817758913,1.18051908643763,0,2.97940711862273
0.0281628271424787,10.1655564142627,3174.10333333333,"omega3.g","Omega-3
fatty acids","Solomon Islands","P4",2019,29.835,1.5,14.5,0.165,"barrier","fore reef",8.835,"access restriction",-1.1795817758913,1.18051908643763,0,2.97940713228423
0.0256235076477841,11.5555118871879,3172.66333333333,"omega3.g","Omega-3
fatty acids","Solomon Islands","P6",2019,59.33,0.33,16.33,0,"barrier","fore reef",8.53,"access restriction",-1.1795817758913,1.18051908643763,0,2.97940713911498
0.0208375816289717,5.26675721336589,2305.86666666667,"omega3.g","Omega-3
fatty acids","Solomon Islands","P7",2018,36,1.165,13,0,"barrier","fore reef",8.065,"access restriction",-1.1795817758913,1.18051908643763,0,2.97940713365038
0.0208375816289717,5.26675721336589,2305.86666666667,"omega3.g","Omega-3
fatty acids","Solomon Islands","P7",2018,36,1.165,13,0,"barrier","fore reef",8.065,"access restriction",-1.1795817758913,1.18051908643763,0,2.97940713911498
0.0482088268397155,18.6557916429378,2806.735,"omega3.g","Omega-3
fatty acids","Solomon Islands","P7",2019,36,1.165,13,0,"barrier","fore reef",8.065,"access restriction",-1.1795817758913,1.18051908643763,0,2.97940713365038
0.0482088268397155,18.6557916429378,2806.735,"omega3.g","Omega-3
fatty acids","Solomon Islands","P7",2019,36,1.165,13,0,"barrier","fore reef",8.065,"access restriction",-1.1795817758913,1.18051908643763,0,2.97940713911498
0.01510718652764,6.87046210860149,3500.04,"omega3.g","Omega-3
fatty acids","Solomon Islands","Peava 1",2019,53.67,7.33,3.67,0.33,"fringing","fore reef",10,"access restriction",-0.743722542967329,1.30685265599215,0,3.12572825468706
0.0104044528262548,4.27853367215966,2180.85,"omega3.g","Omega-3
fatty acids","Solomon Islands","Peava 2",2019,20.33,19,0.67,3.33,"fringing","fore reef",9.33,"access restriction",-0.743722542967329,1.30685265599215,0,3.12572826314042
0.017655782913821,6.14627111368587,2596.12333333333,"omega3.g","Omega-3
fatty acids","Solomon Islands","V1",2018,41.67,5,16,0.67,"fringing","fore reef",9,"access restriction",-1.16682737961569,1.68841789081189,0,3.31825680972344
0.0228242675435911,6.24567600883434,1859.53,"omega3.g","Omega-3
fatty acids","Solomon Islands","V10",2018,39,1.67,40,0,"fringing","fore reef",7.7,"access restriction",-1.20376574286888,0,0,3.32343388378749
0.0225037530435444,6.72417917007128,2688.78,"omega3.g","Omega-3
fatty acids","Solomon Islands","V2A",2018,53,3.33,10,0,"fringing","fore reef",7.5,"access restriction",-1.16682737961569,1.68841788191237,0,3.31825680241886
0.0234558228623581,6.67454112164316,2348.41,"omega3.g","Omega-3
fatty acids","Solomon Islands","V4",2018,53.33,6.67,9.67,0,"fringing","fore reef",8.37,"access restriction",-1.16682737961569,1.68841788191237,0,3.31825680784512
0.0281589328614724,12.0635797659852,3227.39333333333,"omega3.g","Omega-3
fatty acids","Solomon Islands","V5",2018,44.33,4,14.33,0,"fringing","fore reef",8.63,"access restriction",-1.16682737961569,1.68841788191237,0,3.31825680304496
0.0286138200953093,11.3158369070549,3043.47833333333,"omega3.g","Omega-3
fatty acids","Solomon Islands","V6",2018,48,2.33,13.33,0,"fringing","fore reef",9.8,"access restriction",-1.16682737961569,1.68841789081189,0,3.31825681034955
0.0123796675620436,10.8918368276102,5502.245,"omega3.g","Omega-3
fatty acids","Solomon Islands","V7",2018,19.33,3.67,32.33,1,"fringing","fore reef",8.83,"access restriction",-1.16682737961569,1.68841787301286,0,3.31825679365335
0.0181868520281196,8.11612127395735,3902.24,"omega3.g","Omega-3
fatty acids","Solomon Islands","V8",2018,34,2.67,29.67,2,"fringing","fore reef",8,"access restriction",-1.16682737961569,1.68841787301286,0,3.31825679490557
0.0107708965766221,1.70170084104749,1319.24666666667,"omega3.g","Omega-3
fatty acids","Solomon Islands","Zaira 3",2019,38.33,21,8.67,0,"fringing","fore reef",9.17,"access restriction",-0.848048211292734,1.63789928417728,0,2.76753894822427
0.00835609783061248,2.06432082643402,2128.23,"omega3.g","Omega-3
fatty acids","Solomon Islands","Zaira 4",2019,28,18.33,18.67,0,"fringing","fore reef",8.53,"access restriction",-0.890715131389095,1.47996218818671,0,2.62843645561605
0.00999874392211582,5.84195534686831,5462.975,"omega3.g","Omega-3
fatty acids","Solomon Islands","Zaira F 1",2019,39,11,11.67,0.33,"barrier","fore reef",10.33,"access restriction",-0.848048211292734,1.63789926418257,0,2.76753892819758
0.0194042927709799,6.99495912446693,3113.27,"omega3.g","Omega-3
fatty acids","Solomon Islands","Zaira F 2",2019,30.33,6,10.33,0,"barrier","fore reef",11,"access restriction",-0.848048211292734,1.63789925418522,0,2.76753892003856
0.00858873125512434,3.28282709029271,3607.505,"omega3.g","Omega-3
fatty acids","Solomon Islands","Zaira F 3",2019,28.67,4.67,14.67,0,"barrier","fore reef",9,"access restriction",-0.848048211292734,1.25786293093302,0,2.04830041729616
