"nut_turnover","biomass_kgha","nutrient","nutrient_lab","country","site","year","hard_coral","macroalgae","turf_algae","bare_substrate","reef_type","reef_zone","depth","management_rules","grav_nc","sediment","nutrient_load","pop_count"
0.0106608537341561,1937.26,"vitamin_a.mug","Vitamin A","Belize","CZFR1",2019,20.835,43.83,9.665,0.085,"atoll","fore reef",11.51,"no-take",0.0983335530443653,0,0,1.30948214145503
0.0148799517807173,6780.10833333333,"vitamin_a.mug","Vitamin A","Belize","CZFR1",2020,20.835,43.83,9.665,0.085,"atoll","fore reef",11.51,"no-take",0.0983335530443653,0,0,1.30948214145503
0.0159745478347605,3702.2,"vitamin_a.mug","Vitamin A","Belize","CZFR2",2019,18.445,31.525,23.48,0,"atoll","fore reef",12.66,"no-take",0.0983335530443653,0,0,1.30948214145503
0.0109636084033227,11182.47,"vitamin_a.mug","Vitamin A","Belize","CZFR2",2020,18.445,31.525,23.48,0,"atoll","fore reef",12.66,"no-take",0.0983335530443653,0,0,1.30948214145503
0.0205509316437765,2922.175,"vitamin_a.mug","Vitamin A","Belize","CZFR3",2019,23.83,38.33,11.67,0,"atoll","fore reef",14.8,"no-take",0.0983335530443653,0,0,1.30948214145503
0.0179608032069363,4593.5475,"vitamin_a.mug","Vitamin A","Belize","CZFR4",2020,25.67,28,22.83,0,"atoll","fore reef",13.28,"no-take",0.0359209935300417,0,0,0.925288364549659
0.00785885683080109,17320.4025,"vitamin_a.mug","Vitamin A","Belize","CZFR5",2020,28.78,30.7233333333333,10.5566666666667,1.27666666666667,"atoll","fore reef",8.98333333333333,"no-take",0.0700415627152773,0,0,0.925288364549659
0.0123184201753864,5770.74,"vitamin_a.mug","Vitamin A","Belize","CZFR6",2020,26.17,13.33,35.33,1.5,"atoll","fore reef",9.48,"no-take",0.0700415627152773,0,0,0.925288364549659
0.0203995079443662,710.2275,"vitamin_a.mug","Vitamin A","Belize","CZPR1",2019,9.265,37.9,10.565,0.05,"patch","back reef",1.52,"no-take",0.134824877317922,0,2.17146698086756e-06,1.30948212015883
0.0150392585329478,5177.97,"vitamin_a.mug","Vitamin A","Belize","CZPR1",2020,9.265,37.9,10.565,0.05,"patch","back reef",1.52,"no-take",0.134824877317922,0,2.17146698086756e-06,1.30948212015883
0.0204080077956845,5039.8,"vitamin_a.mug","Vitamin A","Belize","CZPR2",2020,34.83,6,16.67,0,"patch","back reef",1.7,"no-take",0.134824877317922,0,2.17146698086756e-06,1.30948212015883
0.0319880142938563,443.535,"vitamin_a.mug","Vitamin A","Belize","CZPR4",2019,9.67,53,1.33,0,"patch","back reef",1.4,"no-take",0.134825195707816,0,2.17146698086756e-06,1.30948216275123
0.0203887913407129,5313.1015,"vitamin_a.mug","Vitamin A","Belize","CZPR5",2019,7.25,20.085,22.335,0,"patch","back reef",1.75,"no-take",0.134825195707816,0,2.17146698086756e-06,1.30948218404743
0.0214596214723125,2451.56,"vitamin_a.mug","Vitamin A","Belize","CZPR5",2020,7.25,20.085,22.335,0,"patch","back reef",1.75,"no-take",0.134825195707816,0,2.17146698086756e-06,1.30948218404743
0.0235330729191911,2618.01,"vitamin_a.mug","Vitamin A","Belize","CZPR7",2019,18.17,13.835,15.5,0,"patch","back reef",1.985,"no-take",0.134824877317922,0,2.17146698086756e-06,1.30948212015883
0.027394320452868,3888.78333333333,"vitamin_a.mug","Vitamin A","Belize","CZPR7",2020,18.17,13.835,15.5,0,"patch","back reef",1.985,"no-take",0.134824877317922,0,2.17146698086756e-06,1.30948212015883
0.0184080874748948,1622.31,"vitamin_a.mug","Vitamin A","Belize","GUZFR2",2020,10.5,22.67,28.67,2.67,"atoll","fore reef",12.43,"gear restriction",0.0700415627152773,0,0,0.925288364549659
0.0251245713444508,5128.59,"vitamin_a.mug","Vitamin A","Belize","GUZFR4",2020,24,33.5,27.83,0,"atoll","fore reef",6.9,"gear restriction",-0.00612881108869147,0,0,0.737036395853809
0.0340234077464175,419.6925,"vitamin_a.mug","Vitamin A","Belize","GUZPR1",2019,11.75,20.75,22,0.085,"patch","back reef",1.235,"gear restriction",0.134825195707816,0,2.17146698086756e-06,1.30948214145503
0.0208476148099271,5122.13666666667,"vitamin_a.mug","Vitamin A","Belize","GUZPR1",2020,11.75,20.75,22,0.085,"patch","back reef",1.235,"gear restriction",0.134825195707816,0,2.17146698086756e-06,1.30948214145503
0.0184343564623173,6088.82,"vitamin_a.mug","Vitamin A","Belize","GUZPR2",2020,12,19.67,16.17,0,"patch","back reef",1.15,"gear restriction",0.168486876472642,0,1.43314814346424e-05,0.737036395853809
0.0197042185141173,5423.185,"vitamin_a.mug","Vitamin A","Belize","GUZPR5",2020,14.83,25.83,6,0,"patch","back reef",0.98,"gear restriction",0.101675945528846,0,0,0.737036395853809
0.0159015463319493,1560.085,"vitamin_a.mug","Vitamin A","Belize","GUZPR6",2019,13.83,16.665,19.58,0,"patch","back reef",0.89,"gear restriction",0.0700415627152773,0,0,0.925288364549659
0.0217414537023362,3587.04,"vitamin_a.mug","Vitamin A","Belize","GUZPR6",2020,13.83,16.665,19.58,0,"patch","back reef",0.89,"gear restriction",0.0700415627152773,0,0,0.925288364549659
0.0261576308700976,2201.055,"vitamin_a.mug","Vitamin A","Belize","WFR2",2019,20.605,25.03,19.575,0,"atoll","fore reef",11.585,"no-take",0.215143513756374,0,0.000115072791232832,1.20235239485913
0.0180120799928072,2576.9,"vitamin_a.mug","Vitamin A","Belize","WFR2",2020,20.605,25.03,19.575,0,"atoll","fore reef",11.585,"no-take",0.215143513756374,0,0.000115072791232832,1.20235239485913
0.0198660318991212,725.634583333333,"vitamin_a.mug","Vitamin A","Belize","WFR3",2019,14.33,31.83,8.17,0,"atoll","fore reef",11.1,"no-take",0.25227301841202,0,0.000113770251006482,0
0.0306660743013031,2045.625,"vitamin_a.mug","Vitamin A","Belize","WFR4",2019,20.25,26.25,16.5,0.5,"atoll","fore reef",7.6,"no-take",0.25227301841202,0,0.000113770251006482,0
0.0169267470509281,5889.14333333333,"vitamin_a.mug","Vitamin A","Belize","WFR4",2020,20.25,26.25,16.5,0.5,"atoll","fore reef",7.6,"no-take",0.25227301841202,0,0.000113770251006482,0
0.0171779743702804,3044.835,"vitamin_a.mug","Vitamin A","Belize","WFR5",2019,15.33,42.67,6,0,"atoll","fore reef",12.2,"no-take",0.168486876472642,0,1.43314814346424e-05,0.737036395853809
0.028256126578767,1405.77333333333,"vitamin_a.mug","Vitamin A","Belize","WFR6",2019,19.145,30.03,13.565,0.085,"atoll","fore reef",10.35,"no-take",0.168486581828655,0,1.43314814346424e-05,0.737036395853809
0.0229412514669953,4571.595,"vitamin_a.mug","Vitamin A","Belize","WFR6",2020,19.145,30.03,13.565,0.085,"atoll","fore reef",10.35,"no-take",0.168486581828655,0,1.43314814346424e-05,0.737036395853809
0.0234661995382341,959.735,"vitamin_a.mug","Vitamin A","Fiji","Ada01",2017,7,0.33,4.33,0,"patch","fore reef",8,"access restriction",-3.39040559077478,1.53144948620723,0.000641413356459516,2.51903967060202
0.0391859326703729,589.611666666667,"vitamin_a.mug","Vitamin A","Fiji","Ada04",2017,9.33,8,15.33,2,"fringing","fore reef",4.6,"access restriction",-3.39794000867204,1.42918312675253,0.00025268586401179,2.8986938339379
0.0249651497635439,582.156666666667,"vitamin_a.mug","Vitamin A","Fiji","BU01",2018,47.67,0.33,0,25.33,"fringing","back reef",1,"access restriction",0.852228188443451,1.33178847120648,0.00142172196475946,3.36157197734018
0.0195613193147076,5008.84,"vitamin_a.mug","Vitamin A","Fiji","BU01N",2019,48.83,1.83,5.83,3.83,"fringing","back reef",3.7,"time restriction",0.852228188443451,1.33178847120648,0.00142172196475946,3.36157199301817
0.0414971771252227,4053.115,"vitamin_a.mug","Vitamin A","Fiji","BU02",2019,54.17,0.83,6.33,4.83,"patch","back reef",3,"time restriction",0.482975179384918,1.82060014779348,0.00378860045443916,3.24689240403881
0.0332036951501489,673.411666666667,"vitamin_a.mug","Vitamin A","Fiji","BU03",2018,44.5,3.17,7.33,13.25,"fringing","back reef",2.165,"access restriction",0.93068638944031,1.78347543823698,0.00742385613886146,3.59953092712027
0.0407186847162959,943.5,"vitamin_a.mug","Vitamin A","Fiji","BU03",2019,44.5,3.17,7.33,13.25,"fringing","back reef",2.165,"access restriction",0.93068638944031,1.78347543823698,0.00742385613886146,3.59953092712027
0.051406893447993,326.451666666667,"vitamin_a.mug","Vitamin A","Fiji","BU04",2018,41.33,9.67,0.67,25.33,"fringing","back reef",2,"access restriction",0.842650732718928,1.62801681022233,0.00220538415323516,3.32264105700819
0.0387191998462079,414.343333333333,"vitamin_a.mug","Vitamin A","Fiji","BU05",2018,47.67,0.33,1.67,21.67,"fringing","fore reef",1.5,"access restriction",0.752020236978447,1.6498678470943,0.00163421163976833,3.34864350171702
0.0166388273800912,2615.49,"vitamin_a.mug","Vitamin A","Fiji","BU07",2018,43.415,0.5,9.33,24.25,"fringing","fore reef",2.81,"time restriction",0.293233462765315,0,0,3.7942205221119
0.0356110610325834,1022.78833333333,"vitamin_a.mug","Vitamin A","Fiji","BU07",2019,43.415,0.5,9.33,24.25,"fringing","fore reef",2.81,"time restriction",0.293233462765315,0,0,3.7942205221119
0.0310533520173858,2359.31,"vitamin_a.mug","Vitamin A","Fiji","BU08",2019,43.5,5.17,10.33,3.17,"fringing","back reef",2.72,"access restriction",0.482975179384918,1.82060014779348,0.00378860045443916,3.24689240403881
0.0549835846940433,2018.74166666667,"vitamin_a.mug","Vitamin A","Fiji","BU09",2019,74.33,4.33,3.5,3.67,"fringing","back reef",2.9,"access restriction",0.852228188443451,1.33178849143648,0.00142172196475946,3.36157199641822
0.0380375907015179,619.925,"vitamin_a.mug","Vitamin A","Fiji","BU10",2018,18.33,27.67,11.67,9.33,"fringing","back reef",2.6,"access restriction",0.293233462765315,0,0,3.79422053543475
0.0256508554568012,5337.875,"vitamin_a.mug","Vitamin A","Fiji","BUA07A",2019,40.17,1.5,3.33,6.17,"fringing","fore reef",4.17,"time restriction",-0.193551389406318,2.26003290349368,0.00756813576677288,3.06026909229464
0.0284783145170841,4079.47916666667,"vitamin_a.mug","Vitamin A","Fiji","BUA08A",2019,41.5,1,1.33,5,"fringing","fore reef",5.47,"time restriction",-0.1798064249033,2.20692597611676,0.00678683099844919,2.65610525420769
0.0228215463058471,8145.23666666667,"vitamin_a.mug","Vitamin A","Fiji","BUA20A",2019,36.33,9.33,1.5,2.17,"fringing","fore reef",5.47,"time restriction",-0.148048556826769,2.24234426901397,0.00668334905266212,2.85563306216797
0.0251505394494524,7934.255,"vitamin_a.mug","Vitamin A","Fiji","BUA24A",2019,25,44,0.83,5.83,"fringing","fore reef",4.88,"access restriction",-0.1798064249033,2.20692596802618,0.00678683099844919,2.65610524462077
0.0290434333502908,3878.1075,"vitamin_a.mug","Vitamin A","Fiji","BUA25",2019,56,0.5,1.5,8,"fringing","fore reef",4.75,"access restriction",-0.1798064249033,2.20692596263246,0.00678683099844919,2.65610523982731
0.0149066344289352,3385.99166666667,"vitamin_a.mug","Vitamin A","Fiji","BuC1",2019,18.33,9.67,6,3,"fringing","fore reef",7.63,"access restriction",0.637349712017653,1.57724623915231,0.00137670062247258,3.26818127920078
0.0451495124862326,2129.63,"vitamin_a.mug","Vitamin A","Fiji","BuC2",2019,13.67,3.67,0.33,2.33,"fringing","fore reef",7.37,"access restriction",0.752020236978447,1.64986786654551,0.00163421163976833,3.34864351358757
0.0392369960804623,2220.92,"vitamin_a.mug","Vitamin A","Fiji","BuC3",2019,17,2.67,4,0,"fringing","fore reef",7.53,"access restriction",0.637349712017653,1.57724622765654,0.00137670062247258,3.26818126772456
0.013271531409105,2717.12333333333,"vitamin_a.mug","Vitamin A","Fiji","BuC4",2019,17,8.67,19,3,"fringing","fore reef",6.87,"access restriction",0.752020236978447,1.6498678373687,0.00163421163976833,3.34864348809509
0.0375746178461417,1910.37666666667,"vitamin_a.mug","Vitamin A","Fiji","BuC5",2019,19,20.33,4.33,0.67,"fringing","fore reef",7.8,"access restriction",0.293233462765315,0,0,3.7942205276224
0.0215312692512343,2789.35666666667,"vitamin_a.mug","Vitamin A","Fiji","BuC6",2019,17.67,7,9.33,7.67,"fringing","fore reef",8.13,"access restriction",1.00661705633758,1.74865300820772,0.00321358618208223,2.53478457487661
0.0333187928171232,1227.045,"vitamin_a.mug","Vitamin A","Fiji","BuE1",2019,15.33,1.33,0,0.33,"fringing","fore reef",7.1,"access restriction",0.842650732718928,1.62801683067723,0.00220538415323516,3.32264106981778
0.0661743274497027,1432.01833333333,"vitamin_a.mug","Vitamin A","Fiji","BuE2",2019,21,9.67,1.67,0,"fringing","fore reef",7.37,"access restriction",0.752020236978447,1.6498678373687,0.00163421163976833,3.34864349140327
0.0444966073797326,3272.65,"vitamin_a.mug","Vitamin A","Fiji","BuE4",2019,10.67,3,10.67,0,"fringing","fore reef",5.6,"access restriction",0.994584994993666,1.33656751356469,0.00294105006484169,3.1101083369061
0.037830024616441,1801.87833333333,"vitamin_a.mug","Vitamin A","Fiji","BuE5",2019,17.67,3.67,12,0,"fringing","fore reef",7.8,"access restriction",0.842650732718928,1.62801682044978,0.00220538415323516,3.32264106258656
0.0234118518539678,2853.21,"vitamin_a.mug","Vitamin A","Fiji","BuE6",2019,33.33,5.67,10.67,0,"fringing","fore reef",7.97,"access restriction",0.842650732718928,1.62801681022233,0.00220538415323516,3.32264105556195
0.0229084854441943,915.566666666667,"vitamin_a.mug","Vitamin A","Fiji","C3",2016,6.33,3,51.67,1,"barrier","fore reef",8.3,"access restriction",-0.161093007191876,0.418572226438632,1.82399852029709e-05,0
0.0311136034432502,1413.38166666667,"vitamin_a.mug","Vitamin A","Fiji","C5",2016,3.67,4,41,0,"barrier","fore reef",8.03,"access restriction",-0.161093007191876,0.418572226438632,1.82399852029709e-05,0
0.0357518228095102,3993.92833333333,"vitamin_a.mug","Vitamin A","Fiji","DamC1",2019,8,14,5,2.67,"patch","back reef",6.37,"access restriction",-0.1798064249033,2.2069259734199,0.00678683099844919,2.65610525037292
0.0282972167900503,2194.97166666667,"vitamin_a.mug","Vitamin A","Fiji","DamC3",2019,24.33,0,1.33,16.33,"patch","back reef",5,"time restriction",-0.193551389406318,2.26003292019879,0.00756813576677288,3.06026910892753
0.0256177846817707,8625.07,"vitamin_a.mug","Vitamin A","Fiji","DamC4",2019,72.67,0,0,4.33,"patch","back reef",7.1,"time restriction",-0.148048556826769,2.24234423918616,0.00668334905266212,2.85563303249593
0.0385220767830153,4263.23916666667,"vitamin_a.mug","Vitamin A","Fiji","DamC8",2019,24.67,10.67,0,8.33,"patch","fore reef",6.9,"access restriction",-0.1798064249033,2.20692596532932,0.00678683099844919,2.6561052417447
0.0264699381375934,2478.16,"vitamin_a.mug","Vitamin A","Fiji","DamE1",2019,25.67,11.67,5,5,"patch","back reef",6.57,"access restriction",-0.115080650502433,2.10408493302864,0.00476017645094295,2.67284345005675
0.0296534609399944,2824.5065,"vitamin_a.mug","Vitamin A","Fiji","DamE6",2019,5.67,14.67,11.33,3.67,"patch","fore reef",6.27,"access restriction",-0.122573362861873,2.1827390194451,0.00524745392461059,2.90179099756744
0.0369018260853953,685.135,"vitamin_a.mug","Vitamin A","Fiji","DawaC1",2019,15.33,23,5.67,0,"fringing","fore reef",4.63,"access restriction",0.881856360479323,2.21811937311025,0.00810087197904752,3.3701129115546
0.0496469653051178,2096.85666666667,"vitamin_a.mug","Vitamin A","Fiji","DawaC2",2019,0.67,31,9,0,"lagoon","fore reef",8.07,"access restriction",0.881856360479323,2.21811938625145,0.00810087197904752,3.37011292433429
0.0393306087733528,297.98,"vitamin_a.mug","Vitamin A","Fiji","DawaC3",2019,18,21.67,21,0,"fringing","fore reef",7.37,"access restriction",0.881856360479323,2.21811936522554,0.00810087197904752,3.37011290544257
0.0480236912554791,302.025,"vitamin_a.mug","Vitamin A","Fiji","DawaC4",2019,17.67,23,23,4,"patch","fore reef",6.27,"access restriction",0.839593927575043,2.05716322920349,0.00685438028900803,2.03544117779084
0.0421326952278757,129.54,"vitamin_a.mug","Vitamin A","Fiji","DawaC5",2019,7.33,7,22.67,0,"patch","fore reef",7.17,"access restriction",1.15363303213843,1.75945212425951,0.00611846761531086,3.30744320202685
0.0529417824243314,194.171666666667,"vitamin_a.mug","Vitamin A","Fiji","DawaC6",2019,24.33,7.33,24.33,0,"patch","fore reef",7.03,"access restriction",1.11769868301901,1.92277876346139,0.00519209925732864,3.22550608756328
0.0398006163929681,843.18,"vitamin_a.mug","Vitamin A","Fiji","DawaE1",2019,20,14.67,15.67,0,"patch","fore reef",4.4,"access restriction",0.670493831227728,2.55736053839408,0.0170441965251131,3.05227637078278
0.0449474689666392,969.56,"vitamin_a.mug","Vitamin A","Fiji","DawaE2",2019,17.33,4,32.33,0,"fringing","fore reef",4.33,"access restriction",0.670493831227728,2.55736056246285,0.0170441965251131,3.05227639504042
0.0483063288865896,410.92,"vitamin_a.mug","Vitamin A","Fiji","DawaE3",2019,22.67,3.67,26.67,0.33,"fringing","pinnacle",5.67,"access restriction",0.670493831227728,2.55736056005597,0.0170441965251131,3.05227639234513
0.0513617079044605,478.486666666667,"vitamin_a.mug","Vitamin A","Fiji","DawaE4",2019,16.33,14,27,0.67,"fringing","fore reef",4.9,"access restriction",0.670493831227728,2.55736055042847,0.0170441965251131,3.05227638310412
0.0268811155791473,581.431666666667,"vitamin_a.mug","Vitamin A","Fiji","DawaE5",2019,12,16,22.5,0.5,"patch","fore reef",6.75,"access restriction",0.662205359964189,2.30994688676606,0.014059538806419,2.35365410057577
0.00609055336565461,3187.76166666667,"vitamin_a.mug","Vitamin A","Fiji","DawaE6",2019,9,7.33,8.67,9.67,"patch","fore reef",6.23,"access restriction",0.681230289397532,2.07883696019387,0.00901255566837007,2.15374845335506
0.0188294773073444,713.61,"vitamin_a.mug","Vitamin A","Fiji","Kan03",2017,21.33,9.33,20,8.67,"lagoon","back reef",2.33,"access restriction",-3.41116827440579,0.921846744781019,5.29806950354899e-05,1.71021271318323
0.0304725468276902,2297.31833333333,"vitamin_a.mug","Vitamin A","Fiji","Kan04",2017,9.67,5.67,3,19.67,"fringing","fore reef",9.5,"access restriction",-3.40120949323688,1.26613991110983,0.000193218056617153,2.02153733553154
0.0505622159164365,1091.61666666667,"vitamin_a.mug","Vitamin A","Fiji","Kan05",2017,42,1.67,3,2.33,"fringing","fore reef",9.3,"access restriction",-3.4145392704915,0.446670572533316,1.17257927138982e-05,1.71021270471931
0.0175591445446238,4729.27166666667,"vitamin_a.mug","Vitamin A","Fiji","Kan06",2017,44,2.33,16.33,3,"fringing","fore reef",8.87,"access restriction",-3.41341269532824,0.440029059440642,1.17257927138982e-05,1.71021271318323
0.0289310056051917,715.518333333333,"vitamin_a.mug","Vitamin A","Fiji","Kan07",2017,20,5.67,8.33,1.33,"fringing","fore reef",9.23,"access restriction",-3.4089353929735,0.900125167434111,5.55861362467444e-05,1.72042350569488
0.0181606520643289,2546.83333333333,"vitamin_a.mug","Vitamin A","Fiji","KB04",2016,11.33,1.33,0,28,"barrier","fore reef",7,"no-take",-0.103637500498737,0.0212290041789347,1.30288149137774e-06,0.894714610838178
0.0250366844000553,2264.425,"vitamin_a.mug","Vitamin A","Fiji","KB05",2016,29.33,1.67,3.67,26,"barrier","fore reef",7,"no-take",-0.103637500498737,0.0212290041789347,1.30288149137774e-06,0.894714666182067
0.0183696324205318,1639.42333333333,"vitamin_a.mug","Vitamin A","Fiji","KB07",2016,10.33,3.33,2.67,11.67,"barrier","fore reef",7,"access restriction",-0.161093007191876,0.418572226438632,1.82399852029709e-05,0
0.0194609794360867,1236.60833333333,"vitamin_a.mug","Vitamin A","Fiji","KB09",2019,37.67,4.17,8.5,0.5,"barrier","fore reef",7.53,"access restriction",-0.229990895452971,1.47317060088867,4.99409938668005e-05,1.79776061104413
0.0197040500614332,4205.585,"vitamin_a.mug","Vitamin A","Fiji","KB17",2019,36.33,5.5,11.67,1,"fringing","fore reef",7.88,"access restriction",-0.243024802906594,1.35617048952024,2.1714181245201e-05,1.79776059028807
0.017806604741243,2739.6,"vitamin_a.mug","Vitamin A","Fiji","KBO6",2016,16,0.67,0.33,17,"barrier","fore reef",8,"access restriction",-0.161093007191876,0.418572226438632,1.82399852029709e-05,0
0.026953406001083,437.696666666667,"vitamin_a.mug","Vitamin A","Fiji","KD2",2017,22.33,18,8.67,29.67,"fringing","fore reef",1.5,"access restriction",-0.166825466540717,0,0,3.40095439656762
0.0156633240759369,2449.90166666667,"vitamin_a.mug","Vitamin A","Fiji","KD3",2017,8.33,15,0,15.67,"fringing","fore reef",6.3,"time restriction",-0.129499530538676,1.28351303132472,1.69371545218171e-05,3.2493386196859
0.0257359864517493,2955.70533333333,"vitamin_a.mug","Vitamin A","Fiji","KR7",2019,18,7.33,12.17,5.33,"barrier","fore reef",7.8,"access restriction",-0.271223494009908,1.75411600248927,2.77939574446844e-05,2.66679326126508
0.0364273286038864,1216.26,"vitamin_a.mug","Vitamin A","Fiji","LV01",2018,45,12.33,2.67,1.67,"fringing","back reef",2.83,"access restriction",0.293233462765315,0,0,3.79422051157918
0.0502821574627522,1009.4,"vitamin_a.mug","Vitamin A","Fiji","LV02",2018,36.67,5.67,10,10.33,"fringing","back reef",7.1,"time restriction",0.473012855941716,1.70257783552573,0.00113289826486162,3.77361696366192
0.0393971218443372,1320.86,"vitamin_a.mug","Vitamin A","Fiji","LV03",2018,15.67,13.67,1.33,22,"fringing","back reef",3.33,"time restriction",0.473012855941716,1.70257784413976,0.00113289826486162,3.77361696914757
0.0374595855596142,445.415,"vitamin_a.mug","Vitamin A","Fiji","LV05",2018,17.33,34.67,5,4.67,"fringing","back reef",3.23,"access restriction",0.543391010181703,0,0,3.90835130814014
0.0399475915196483,646.173333333333,"vitamin_a.mug","Vitamin A","Fiji","LV07",2018,29.33,6.67,0,33.33,"fringing","fore reef",1.5,"access restriction",0.752020313849713,1.64986788599671,0.00163421163976833,3.34864353674486
0.0436986670176211,3364.06,"vitamin_a.mug","Vitamin A","Fiji","LV08",2018,40.33,11.67,0.33,2.67,"patch","back reef",5.23,"access restriction",0.492116150152459,1.18495785828653,0.000490041893442823,1.54336514721666
0.00988976651092378,16442.755,"vitamin_a.mug","Vitamin A","Fiji","LV12",2018,41.67,4,10.67,5.33,"fringing","fore reef",7.8,"access restriction",0.530114240114399,0.849715579025322,0.000221433724969148,1.24469090153509
0.0297488048098104,1166.86833333333,"vitamin_a.mug","Vitamin A","Fiji","LV13",2018,27,4,7.33,13,"fringing","back reef",7.93,"access restriction",0.473013002082483,1.70257785275379,0.00113289826486162,3.7736169790949
0.0310416809869635,1484.42,"vitamin_a.mug","Vitamin A","Fiji","LV14",2018,16.67,3.67,4,8.67,"fringing","fore reef",7.77,"access restriction",0.543391010181703,0,0,3.90835130894464
0.020814720522425,1569.595,"vitamin_a.mug","Vitamin A","Fiji","LV15",2018,22.33,0.33,1,30,"fringing","fore reef",9,"access restriction",0.473013002082483,1.70257786998185,0.00113289826486162,3.77361699218733
0.0315283138760755,1084.03,"vitamin_a.mug","Vitamin A","Fiji","LV16",2018,14,29.33,14.33,3.67,"fringing","fore reef",2.63,"access restriction",0.543391010181703,0,0,3.90835131430795
0.052821011802386,1552.125,"vitamin_a.mug","Vitamin A","Fiji","LV17",2018,11,0.67,0.33,24,"patch","fore reef",7.8,"access restriction",0.752020236978447,1.6498678568199,0.00163421163976833,3.34864351008479
0.0260966972126602,4191.485,"vitamin_a.mug","Vitamin A","Fiji","MAP01",2019,30.17,13,5.17,1.33,"fringing","fore reef",7.25,"time restriction",-0.283635173172106,1.65222694724211,3.64792043747266e-05,2.67904678412792
0.0286673826553811,1775.36,"vitamin_a.mug","Vitamin A","Fiji","MD1",2017,9,4.33,0,37.67,"fringing","fore reef",7.63,"access restriction",-0.129499530538676,1.28351303132472,1.69371545218171e-05,3.24933862384399
0.018903316950889,2406.48333333333,"vitamin_a.mug","Vitamin A","Fiji","MD4",2017,14.33,6.67,21.33,6.67,"fringing","fore reef",10,"access restriction",-0.102615411675887,0.732844789673475,4.34292310448164e-06,2.30997163556397
0.0283894250579376,300.573333333333,"vitamin_a.mug","Vitamin A","Fiji","MD6",2017,7.33,0.67,6.67,13,"fringing","fore reef",9.2,"time restriction",-0.169804748032487,1.39559005298009,5.64546131770521e-05,3.28125959256791
0.0198201035048881,3099.67666666667,"vitamin_a.mug","Vitamin A","Fiji","N19",2016,28,14.33,0.33,7,"barrier","fore reef",7,"no-take",-0.0870094388577795,0.0491381361596147,5.6457915671943e-06,0.894714610838178
0.022823483390606,815.365,"vitamin_a.mug","Vitamin A","Fiji","N20",2016,11.33,16.67,0.67,13,"barrier","fore reef",8,"no-take",-0.0870094388577795,0.0491381361596147,5.6457915671943e-06,0.894714610838178
0.051273288619687,159.445,"vitamin_a.mug","Vitamin A","Fiji","NA02",2018,6.33,2.67,0,52,"fringing","back reef",2,"access restriction",0.731827440694068,1.49862192090555,0.000878990503316251,3.79631518343039
0.0362579813057909,1228.21666666667,"vitamin_a.mug","Vitamin A","Fiji","NA03",2018,17.67,22.67,0,15.33,"fringing","back reef",3,"access restriction",0.731827440694068,1.49862190712831,0.000878990503316251,3.79631517086582
0.0253755760454063,1898.475,"vitamin_a.mug","Vitamin A","Fiji","NA05",2018,31,11.67,9.33,1,"fringing","fore reef",8.6,"access restriction",0.65706886236479,1.43615314972791,0.000751980933697721,3.67354015801816
0.0554437378395212,639.21,"vitamin_a.mug","Vitamin A","Fiji","NA07",2018,26,0,0,37,"fringing","fore reef",8,"access restriction",0.731827440694068,1.49862190712831,0.000878990503316251,3.79631517329543
0.0204956883724663,7882.94,"vitamin_a.mug","Vitamin A","Fiji","NAO1",2019,51.67,1,2.5,1.67,"fringing","fore reef",7.12,"access restriction",0.731827440694068,1.49862189335106,0.000878990503316251,3.79631516316047
0.0378957731677025,2631.49,"vitamin_a.mug","Vitamin A","Fiji","NAO2N",2019,43.8,7,17,0.2,"fringing","back reef",4.2,"time restriction",0.731827440694068,1.49862192090555,0.000878990503316251,3.79631518405515
0.0310170314839603,4716.97,"vitamin_a.mug","Vitamin A","Fiji","NAO3",2019,39.67,10.17,10.83,1.17,"fringing","back reef",4.88,"access restriction",0.731827440694068,1.49862189335106,0.000878990503316251,3.79631515628814
0.0238342871001929,6797.89,"vitamin_a.mug","Vitamin A","Fiji","NAO6",2019,47,1.67,10.67,3,"fringing","fore reef",7.15,"time restriction",0.731827440694068,1.49862189335106,0.000878990503316251,3.796315151776
0.0277870125829121,3259.47,"vitamin_a.mug","Vitamin A","Fiji","NAO7",2019,45.25,1.5,2.25,2,"fringing","fore reef",7.2,"time restriction",0.731827440694068,1.49862190712831,0.000878990503316251,3.79631516774203
0.0410370438872586,2483.575,"vitamin_a.mug","Vitamin A","Fiji","NAOBF2",2019,27,10.33,22,1.67,"fringing","fore reef",5.62,"time restriction",0.473012855941716,1.70257783552573,0.00113289826486162,3.77361695773741
0.031104406001883,2664.91583333333,"vitamin_a.mug","Vitamin A","Fiji","NAOBF3",2019,23,6,4.67,2.5,"fringing","fore reef",4.13,"access restriction",0.492116150152459,1.18495788665439,0.000490041893442823,1.54336517207369
0.0330398089670825,9525.92,"vitamin_a.mug","Vitamin A","Fiji","NAOBF4",2019,44.17,12.83,5.5,1.33,"fringing","fore reef",7.2,"access restriction",0.492116150152459,1.18495785828653,0.000490041893442823,1.54336514721666
0.0455610707377805,2130.82333333333,"vitamin_a.mug","Vitamin A","Fiji","NAOBT1",2019,25.83,15.5,2.5,5.33,"fringing","fore reef",4.25,"time restriction",0.473013002082483,1.70257786998185,0.00113289826486162,3.77361699906269
0.0357084822266927,2210.09666666667,"vitamin_a.mug","Vitamin A","Fiji","NAOBT2",2019,38.67,19.17,2.67,3.17,"fringing","back reef",6.87,"time restriction",0.473013002082483,1.70257786136782,0.00113289826486162,3.77361698487312
0.0290248114263396,3569.24833333333,"vitamin_a.mug","Vitamin A","Fiji","NAOBT3",2019,30,10.67,4.17,2.5,"fringing","back reef",4.67,"time restriction",0.473013002082483,1.70257786136782,0.00113289826486162,3.7736169905782
0.0189865298621957,6205.585,"vitamin_a.mug","Vitamin A","Fiji","NC1",2017,6.67,11.67,16.33,12.67,"fringing","fore reef",7.23,"access restriction",-0.264627886771199,1.34490650000883,8.03370482042936e-05,2.99738636124077
0.0143568345204861,4047.16,"vitamin_a.mug","Vitamin A","Fiji","NC2",2017,4.33,13,11.33,37,"fringing","fore reef",7.8,"access restriction",-0.302063107176063,1.51824251314887,0.000140254467777423,3.30523340097973
0.0151845781925122,8560.3,"vitamin_a.mug","Vitamin A","Fiji","NF1",2017,3.67,30.33,2,13,"fringing","fore reef",5.57,"access restriction",-0.169804748032487,1.39559005298009,5.64546131770521e-05,3.28125958461378
0.0329794165131038,197.121666666667,"vitamin_a.mug","Vitamin A","Fiji","NF3",2017,4.67,6,12,11.67,"fringing","fore reef",3.3,"access restriction",-0.169804748032487,1.39559005298009,5.64546131770521e-05,3.28125959052256
0.013858659659913,3608.6,"vitamin_a.mug","Vitamin A","Fiji","NF4",2017,3.67,15.33,4.67,3,"fringing","fore reef",3.23,"access restriction",-0.169804748032487,1.39559005298009,5.64546131770521e-05,3.28125959052256
0.0224994934834551,2940.97166666667,"vitamin_a.mug","Vitamin A","Fiji","NP1",2019,32,5.33,14.33,3.33,"fringing","fore reef",7.62,"time restriction",-0.283635173172106,1.65222694724211,3.64792043747266e-05,2.67904678594664
0.0075662712512491,4915.055,"vitamin_a.mug","Vitamin A","Fiji","NS1",2017,10.67,44,6,5.67,"fringing","fore reef",4.47,"access restriction",0.482975179384918,1.82060014779348,0.00378860045443916,3.24689240403881
0.029324984171703,2151.3,"vitamin_a.mug","Vitamin A","Fiji","NS3",2017,3,26.33,21.67,0.33,"fringing","fore reef",5.5,"time restriction",-0.169804748032487,1.39559005298009,5.64546131770521e-05,3.28125959006804
0.0247573647811508,309.67,"vitamin_a.mug","Vitamin A","Fiji","NT1",2017,1,4.33,4.33,9.67,"fringing","fore reef",6.2,"time restriction",-0.169804748032487,1.39559005298009,5.64546131770521e-05,3.28125959006804
0.0205338708852751,2658.20666666667,"vitamin_a.mug","Vitamin A","Fiji","NT2",2017,8.67,1,6.67,9,"fringing","fore reef",3,"time restriction",-0.169804748032487,1.39559003551406,5.64546131770521e-05,3.28125957643238
0.019176321469207,730.518333333333,"vitamin_a.mug","Vitamin A","Fiji","NT3",2017,5,0.67,10.33,11.33,"fringing","fore reef",2,"time restriction",-0.169804748032487,1.39559005298009,5.64546131770521e-05,3.28125959620408
0.0319886354884156,2279.10166666667,"vitamin_a.mug","Vitamin A","Fiji","NTRFN1",2019,58.5,10.17,0,1,"fringing","fore reef",5.73,"access restriction",0.507760775070823,2.72054034913641,0.0333413121355599,3.24258482104384
0.0295688319162742,4177.75333333333,"vitamin_a.mug","Vitamin A","Fiji","NTRFN7",2019,25.17,12.83,0,27.83,"fringing","fore reef",5.32,"access restriction",0.507760775070823,2.72054032268835,0.0333413121355599,3.24258479471054
0.0277373149268737,3715.5325,"vitamin_a.mug","Vitamin A","Fiji","NTRFT4",2019,41.83,17.67,0,1.5,"fringing","fore reef",5.72,"time restriction",0.539460643116425,2.77300135902005,0.0425144785553929,3.02567817092436
0.0260704698479884,5545.43333333333,"vitamin_a.mug","Vitamin A","Fiji","NTRFT5",2019,44.5,22.33,0,1.5,"fringing","fore reef",6.1,"access restriction",0.539460643116425,2.77300137733151,0.0425144785553929,3.02567818852687
0.0284193002645148,5177.21416666667,"vitamin_a.mug","Vitamin A","Fiji","NTRFT7",2019,31.83,11,0,18,"fringing","fore reef",5.53,"time restriction",0.539460643116425,2.77300135535776,0.0425144785553929,3.02567816724011
0.0304073925765093,6222.62666666667,"vitamin_a.mug","Vitamin A","Fiji","NTRFT8",2019,38.33,14.5,0,5.5,"fringing","fore reef",4.73,"time restriction",0.507760775070823,2.72054033673888,0.0333413121355599,3.2425848088709
0.0297642126117256,729.245,"vitamin_a.mug","Vitamin A","Fiji","NV1",2017,17,38.67,4.67,10.67,"fringing","fore reef",6,"access restriction",-0.207662950986604,0,0,3.35643994432316
0.014686056282301,1058.26166666667,"vitamin_a.mug","Vitamin A","Fiji","NV4",2017,18,24,9,2.67,"fringing","fore reef",5.17,"time restriction",-0.166825466540717,0,0,3.40095438431897
0.0250596750566284,683.481666666667,"vitamin_a.mug","Vitamin A","Fiji","TF1",2017,3.67,53.67,5,9.33,"fringing","fore reef",4.27,"access restriction",0.482975179384918,1.82060014779348,0.00378860045443916,3.24689240403881
0.0296243886497484,713.385,"vitamin_a.mug","Vitamin A","Fiji","TF2",2017,10.33,41.33,0.33,6.33,"fringing","fore reef",7.5,"access restriction",0.482975179384918,1.82060014779348,0.00378860045443916,3.24689240403881
0.0281814733792085,1004.30166666667,"vitamin_a.mug","Vitamin A","Fiji","TF3",2017,5.67,42.67,2.33,17.33,"fringing","fore reef",4,"access restriction",-0.302063107176063,1.51824251314887,0.000140254467777423,3.30523340248512
0.00878118237705404,12977.565,"vitamin_a.mug","Vitamin A","Fiji","TF4",2017,3,35.33,19.33,22,"fringing","fore reef",6.5,"access restriction",-0.302063107176063,1.51824251314887,0.000140254467777423,3.30523339689368
0.0162342660059822,3196.23,"vitamin_a.mug","Vitamin A","Fiji","TF5",2017,5.33,34,37.67,2.33,"fringing","fore reef",5.77,"access restriction",-0.302063107176063,1.51824249998021,0.000140254467777423,3.30523338721617
0.0125993517660774,3018.605,"vitamin_a.mug","Vitamin A","Fiji","TT1",2017,8,52.67,17.67,6.67,"fringing","fore reef",7.53,"time restriction",-0.302063107176063,1.51824252631754,0.000140254467777423,3.30523341409813
0.0171402085207571,5034.86,"vitamin_a.mug","Vitamin A","Fiji","TT2",2017,10,44.67,14.33,7.67,"fringing","fore reef",5,"access restriction",-0.302063107176063,1.51824252631754,0.000140254467777423,3.3052334147433
0.0166821113760544,1778.85,"vitamin_a.mug","Vitamin A","Fiji","TT3",2017,3.67,46,14.33,4,"fringing","fore reef",6.87,"access restriction",-0.302063107176063,1.51824249998021,0.000140254467777423,3.30523339345279
0.01090789511177,2838.05833333333,"vitamin_a.mug","Vitamin A","Fiji","V1",2017,8.67,2.33,19.67,15,"fringing","fore reef",3.9,"access restriction",-0.210269848565267,1.44717703131018,6.68762008777872e-05,3.02909478521213
0.0164836461933176,3367.27,"vitamin_a.mug","Vitamin A","Fiji","V2",2017,12.67,7.33,1,29,"fringing","fore reef",6.67,"access restriction",-0.210269848565267,1.44717704682002,6.68762008777872e-05,3.02909480308286
0.0187197173816381,1369.27,"vitamin_a.mug","Vitamin A","Fiji","V3",2017,8.67,2.67,24.67,3.67,"fringing","fore reef",3.97,"access restriction",-0.207662950986604,0,0,3.3564399741405
0.0225641286159009,3124.28,"vitamin_a.mug","Vitamin A","Fiji","V4",2017,14.33,19.67,5.67,3.33,"fringing","fore reef",7.17,"access restriction",-0.130163623535747,1.36412035199545,8.68580278028723e-06,2.40434460866772
0.0146368844346602,1214.99,"vitamin_a.mug","Vitamin A","Fiji","V5",2017,8,28,11.33,8.67,"fringing","fore reef",6.2,"access restriction",-0.207662950986604,0,0,3.35643995464455
0.0170581893249452,1825.07,"vitamin_a.mug","Vitamin A","Fiji","V6",2017,6.67,29,6.67,2.33,"fringing","fore reef",5.7,"time restriction",-0.207662950986604,0,0,3.35643994413202
0.0170853648228433,606.695,"vitamin_a.mug","Vitamin A","Fiji","Vatu01",2017,12.33,6,13.33,21,"lagoon","back reef",1,"access restriction",-2.1670442493954,0,0,1.23884845484587
0.00669345939767317,10489.3733333333,"vitamin_a.mug","Vitamin A","Fiji","Vatu02",2017,46.67,4.33,2,1,"fringing","fore reef",11,"access restriction",-2.1670442493954,0,0,1.23884842978848
0.00602952452862233,5775.35833333333,"vitamin_a.mug","Vitamin A","Fiji","Vatu03",2017,36,30.33,1,9.67,"fringing","fore reef",9.97,"access restriction",-2.1670442493954,0,0,1.23884845484587
0.0203143192013617,3941.71833333333,"vitamin_a.mug","Vitamin A","Fiji","Vatu04",2017,34.67,18.33,1.67,9.33,"fringing","fore reef",10,"access restriction",-2.1670442493954,0,0,1.23884845484587
0.0184183997673565,1381.15166666667,"vitamin_a.mug","Vitamin A","Fiji","Vatu05",2017,20.33,1.67,1,22,"fringing","fore reef",10.67,"access restriction",-2.1670442493954,0,0,1.23884845484587
0.0210339565506951,1123.19833333333,"vitamin_a.mug","Vitamin A","Fiji","Vatu06",2017,21,1.33,26.67,8.33,"fringing","fore reef",10,"access restriction",-2.1670442493954,0,0,1.23884845484587
0.0155854676123565,11353.285,"vitamin_a.mug","Vitamin A","Fiji","VIR1",2018,37.17,2.5,1.33,8.33,"barrier","fore reef",8.77,"no-take",0.322632711692223,0,0.00010942842203743,0.310436907357888
0.027396817070348,3783.79833333333,"vitamin_a.mug","Vitamin A","Fiji","VIR10",2018,3.33,10,0.83,2,"barrier","fore reef",8.37,"access restriction",0.52890269469723,2.1221497195318,0.0139102498205329,0
0.0271917064494641,6960.32,"vitamin_a.mug","Vitamin A","Fiji","VIR11",2018,7.5,6,2.33,11.33,"barrier","fore reef",7.42,"access restriction",0.441576689819574,1.51417760794607,0.00793331606358139,0
0.0139728635090709,8917.20666666667,"vitamin_a.mug","Vitamin A","Fiji","VIR2",2018,39,13.17,4,6.83,"barrier","fore reef",8.38,"no-take",0.32263250508205,0,0.00010942842203743,0.310436907357888
0.017549117293503,4960.20333333333,"vitamin_a.mug","Vitamin A","Fiji","VIR3",2018,37.5,17.83,1.5,8,"barrier","fore reef",8.43,"no-take",0.322632711692223,0,0.00010942842203743,0.310436907357888
0.0218046700056186,9013.37,"vitamin_a.mug","Vitamin A","Fiji","VIR5",2018,14.17,23.5,3.17,9.33,"barrier","fore reef",8.15,"no-take",0.369567048477107,0.0192251621146958,0.000735939540833511,0.310436907357888
0.0489433526276571,4036.34733333333,"vitamin_a.mug","Vitamin A","Fiji","VIR6",2018,9.83,22,1.83,5.33,"barrier","fore reef",10.62,"access restriction",0.52890269469723,2.12214969002806,0.0139102498205329,0
0.0196874782676892,12167.8616666667,"vitamin_a.mug","Vitamin A","Fiji","VIR7",2018,6.67,7.83,4,2.83,"barrier","fore reef",10.07,"access restriction",0.474338519709304,1.63933012507053,0.00792691951868388,0
0.0258077756056034,5416.78,"vitamin_a.mug","Vitamin A","Fiji","VIR8",2018,15.17,19.17,1.17,3.83,"barrier","fore reef",8.87,"no-take",0.474338519709304,1.63933012507053,0.00792691951868388,0
0.0285734976257862,6381.25,"vitamin_a.mug","Vitamin A","Fiji","VIR9",2018,12.5,16.67,0.5,11.33,"barrier","fore reef",8.17,"no-take",0.411920409680825,0.761202306569048,0.00253192494542939,0.310436907357888
0.0395999352471075,1339.02333333333,"vitamin_a.mug","Vitamin A","Fiji","WaiE2",2019,19,12.33,7,7.33,"patch","fore reef",7.33,"access restriction",1.28149093162505,1.70394458153911,0.0107603022295112,2.43653758672149
0.0397264900679401,1115.88366666667,"vitamin_a.mug","Vitamin A","Fiji","WaiE3",2019,10.33,1.67,0.67,10.67,"patch","fore reef",5.3,"access restriction",1.17724668121557,1.54527130734767,0.00621908740264691,2.69446356952045
0.06316133619296,991.0125,"vitamin_a.mug","Vitamin A","Fiji","WaiE4",2019,18,1.67,1,3,"fringing","fore reef",5.9,"access restriction",1.17724671009161,1.54527133209584,0.00621908740264691,2.69446358531813
0.0446477059960868,640.842166666667,"vitamin_a.mug","Vitamin A","Fiji","WaiE5",2019,10,22,15,1,"patch","fore reef",6.03,"access restriction",1.28462843383306,1.80336540564203,0.0109047484434043,3.45978624340369
0.0655137237869387,338.365,"vitamin_a.mug","Vitamin A","Fiji","WaiE6",2019,21.67,11.67,26.67,0.33,"patch","fore reef",5.83,"access restriction",1.28462843383306,1.80336538515211,0.0109047484434043,3.4597862241192
0.0211124838218357,1812.32833333333,"vitamin_a.mug","Vitamin A","Fiji","Yac01",2017,37,1.33,10.33,6,"fringing","fore reef",10.5,"access restriction",-3.44611697335613,0.365481994580871,0,2.16727715621853
0.0263293081500154,1365.895,"vitamin_a.mug","Vitamin A","Fiji","Yac02",2017,34,1,9.67,10,"fringing","fore reef",11,"time restriction",-3.44249279809434,0.423210801192671,0,2.23390428581903
0.0230599640264756,1642.82333333333,"vitamin_a.mug","Vitamin A","Fiji","Yac03",2017,10.67,9.33,1.67,54,"fringing","fore reef",10.17,"access restriction",-3.44249279809434,0.423210801192671,0,2.2339043010256
0.0612865637662769,685.605,"vitamin_a.mug","Vitamin A","Fiji","Yac04",2017,15.33,30,6.67,16.33,"fringing","fore reef",10.1,"access restriction",-3.44249279809434,0.329036461101657,0,2.21686170741671
0.0507850855804162,298.866666666667,"vitamin_a.mug","Vitamin A","Fiji","Yac05",2017,2,10.33,0.67,12,"lagoon","back reef",3.4,"access restriction",-3.44249279809434,0.423210801192671,0,2.2339042655436
0.0205092042611937,1347.50833333333,"vitamin_a.mug","Vitamin A","Fiji","Yac06",2017,34.67,6.67,4,19.33,"fringing","fore reef",9.67,"access restriction",-3.44249279809434,0.415618797622258,0,2.23390429849117
0.0330642358244709,895.756666666667,"vitamin_a.mug","Vitamin A","Fiji","Yac07",2017,34.33,22,12,5.33,"fringing","fore reef",9.53,"access restriction",-3.44249279809434,0.415618797622258,0,2.23390427821574
0.0113018196498672,2774.65833333333,"vitamin_a.mug","Vitamin A","Fiji","Yac08",2017,20,15.67,2.67,19.67,"fringing","fore reef",9.8,"access restriction",-3.44249279809434,0.415618797622258,0,2.23390425794032
0.0207335391000183,4518.86,"vitamin_a.mug","Vitamin A","Fiji","Yac09",2017,30,11,7.33,8,"fringing","fore reef",11.13,"access restriction",-3.44249279809434,0.397101184481657,0,2.21686170741671
0.0837700071905802,66.3916666666667,"vitamin_a.mug","Vitamin A","Fiji","Yac11",2017,25,9.67,8.67,5,"lagoon","back reef",4.43,"access restriction",-3.44249279809434,0.329036461101657,0,2.21686168896568
0.0158062366636044,2333.05333333333,"vitamin_a.mug","Vitamin A","Fiji","Yac13",2017,20.33,8,10.67,28.33,"fringing","fore reef",10.5,"access restriction",-3.44249279809434,0.415618797622258,0,2.23390427568132
0.0236426610815596,1587.19666666667,"vitamin_a.mug","Vitamin A","Fiji","Yac15",2017,26,19.33,23,1,"fringing","fore reef",9.5,"access restriction",-3.44249279809434,0.415618797622258,0,2.23390428075017
0.0261953871022526,1642.925,"vitamin_a.mug","Vitamin A","Fiji","Yac16",2017,31.33,9.67,27.33,0.67,"fringing","fore reef",8.9,"access restriction",-3.44249279809434,0.423210801192671,0,2.23390427568132
0.065034207130332,172.28,"vitamin_a.mug","Vitamin A","Fiji","Yac17",2017,4,1,14.67,1,"lagoon","fore reef",1,"time restriction",-3.44249279809434,0.423210801192671,0,2.23390427314689
0.0320232229276127,1136.255,"vitamin_a.mug","Vitamin A","Fiji","Yac18",2017,21,4.67,20,2,"lagoon","fore reef",1.9,"time restriction",-3.44249279809434,0.423210801192671,0,2.2339042478026
0.0151449996770909,2393.28166666667,"vitamin_a.mug","Vitamin A","Fiji","Yac19",2017,17.33,6,12.67,22,"fringing","fore reef",8.83,"access restriction",-3.44249279809434,0.329036461101657,0,2.21686168896568
0.0495003292458232,679.728333333333,"vitamin_a.mug","Vitamin A","Fiji","Yac20",2017,33,0.67,6.33,4.33,"fringing","fore reef",10,"access restriction",-3.44249279809434,0.423210801192671,0,2.23390429088789
0.0184029577845099,1857.695,"vitamin_a.mug","Vitamin A","Fiji","Yac21",2017,26,2.67,3.33,40.33,"fringing","fore reef",9.9,"time restriction",-3.44249279809434,0.423210801192671,0,2.23390427314689
0.0176963745261168,182.54,"vitamin_a.mug","Vitamin A","Madagascar","Ambarinidada_11",2016,41,5,37,0,"fringing","fore reef",3,"gear restriction",0.190188217197462,1.88737425808086,0.00757624473730114,3.08759238086983
0.0156237237589148,245.22,"vitamin_a.mug","Vitamin A","Madagascar","Ambato_04",2015,32.5,19.5,12,0,"fringing","fore reef",10,"no-take",0.3245112743743,2.91390714364728,0.00170213447254418,3.62699041209403
0.0165076991202687,302.75,"vitamin_a.mug","Vitamin A","Madagascar","Ambato_05",2015,53.5,2,3.5,0,"fringing","fore reef",11,"gear restriction",0.3245112743743,2.91390714205874,0.00170213447254418,3.62699041086383
0.0149798515864123,350.19,"vitamin_a.mug","Vitamin A","Madagascar","Ambatofisaka_19",2016,6.5,5.33333333333333,28,31.3333333333333,"patch","fore reef",3.8,"gear restriction",-0.37940697862092,1.57317595454219,0.00483577248362384,1.40580527772578
0.0200659521068068,1058.995,"vitamin_a.mug","Vitamin A","Madagascar","Ambatofisaka_19",2020,6.5,5.33333333333333,28,31.3333333333333,"patch","fore reef",3.8,"gear restriction",-0.37940697862092,1.57317595454219,0.00483577248362384,1.40580527772578
0.0123065203694508,2664.05,"vitamin_a.mug","Vitamin A","Madagascar","Ambatomilay_18",2016,26,17.5,33.1666666666667,0.833333333333333,"patch","fore reef",5.6,"no-take",-0.37940697862092,1.57317595454219,0.00483577248362384,1.40580527772578
0.0305106267770855,1604.98,"vitamin_a.mug","Vitamin A","Madagascar","Ambatomilay_18",2020,26,17.5,33.1666666666667,0.833333333333333,"patch","fore reef",5.6,"no-take",-0.37940697862092,1.57317595454219,0.00483577248362384,1.40580527772578
0.0154057098344544,278.29,"vitamin_a.mug","Vitamin A","Madagascar","Amparimilay_10",2016,56.1666666666667,3.5,26.5,0,"fringing","fore reef",4,"gear restriction",0.195284842886068,0.96104145448031,0.00209475382359273,3.18763010161092
0.033785658561958,264.9,"vitamin_a.mug","Vitamin A","Madagascar","Amparimilay_10",2020,56.1666666666667,3.5,26.5,0,"fringing","fore reef",4,"gear restriction",0.195284842886068,0.96104145448031,0.00209475382359273,3.18763010161092
0.0106720437502751,177.93,"vitamin_a.mug","Vitamin A","Madagascar","Andra_06",2016,1,6.5,3.5,0.5,"barrier","fore reef",10,"no-take",0.4095410674711,0.437761182300146,0.0102609362420578,2.35710786058689
0.013772643393613,1078.48,"vitamin_a.mug","Vitamin A","Madagascar","Andravona_08",2016,23.5,7,5,0,"barrier","fore reef",10,"gear restriction",0.4095410674711,0.437761182300146,0.0102609362420578,2.35710782241827
0.0151922636501702,1140,"vitamin_a.mug","Vitamin A","Madagascar","Andravona_12",2016,34,3,2.5,0,"barrier","fore reef",10,"gear restriction",0.306195487841947,0.450920667239613,0.0121793819720125,2.42828416888001
0.016149621558015,49.74,"vitamin_a.mug","Vitamin A","Madagascar","Andre_07",2016,10.5,5,6,0,"barrier","fore reef",10,"no-take",0.306195487841947,0.450920513472408,0.0121793819720125,2.42828415430051
0.0122190139624297,1004.94,"vitamin_a.mug","Vitamin A","Madagascar","Anir_23",2015,45.5,21,18,0,"fringing","pinnacle",3,"no-take",0.164298714330546,3.57986126621072,0.0277999801829769,4.10873818182259
0.00583024509878938,341.79,"vitamin_a.mug","Vitamin A","Madagascar","Anir_24",2015,27,60,2,0,"fringing","pinnacle",3,"gear restriction",0.164298714330546,3.57986128060844,0.0277999801829769,4.10873819622568
0.0150597982635357,303.71,"vitamin_a.mug","Vitamin A","Madagascar","Anka_01",2016,23,6.5,1.5,0,"barrier","fore reef",9,"gear restriction",0.668429250779931,0.8766211659568,0.00635050026994822,3.35926704420885
0.0240298595929479,830.56,"vitamin_a.mug","Vitamin A","Madagascar","Ankarea_03",2016,58.8333333333333,3.5,14.5,1.33333333333334,"fringing","fore reef",5.33333333333333,"no-take",0.220426366796386,0.623684917376674,0.00173847098940988,2.53677443268281
0.0240298595929479,830.56,"vitamin_a.mug","Vitamin A","Madagascar","Ankarea_03",2016,41.5,9.5,22.5,4,"fringing","fore reef",4,"open-access",0.220426366796386,0.623684917376674,0.00173847098940988,2.53677443268281
0.032479522699865,457.495,"vitamin_a.mug","Vitamin A","Madagascar","Ankarea_03",2020,58.8333333333333,3.5,14.5,1.33333333333334,"fringing","fore reef",5.33333333333333,"no-take",0.220426366796386,0.623684917376674,0.00173847098940988,2.53677443268281
0.032479522699865,457.495,"vitamin_a.mug","Vitamin A","Madagascar","Ankarea_03",2020,41.5,9.5,22.5,4,"fringing","fore reef",4,"open-access",0.220426366796386,0.623684917376674,0.00173847098940988,2.53677443268281
0.0137619215737175,1132.13,"vitamin_a.mug","Vitamin A","Madagascar","Ankaso_15",2016,31.8333333333333,1,18.3333333333333,3.33333333333333,"fringing","fore reef",6.86666666666667,"no-take",-0.22010206007448,1.41948706863103,0.00604266625312494,2.33664957910494
0.031139758176934,545.685,"vitamin_a.mug","Vitamin A","Madagascar","Ankaso_15",2020,31.8333333333333,1,18.3333333333333,3.33333333333333,"fringing","fore reef",6.86666666666667,"no-take",-0.22010206007448,1.41948706863103,0.00604266625312494,2.33664957910494
0.017963749141433,907.74,"vitamin_a.mug","Vitamin A","Madagascar","Ankivonjy_14",2016,68.3333333333333,0.666666666666667,7.5,0.333333333333333,"fringing","fore reef",9.2,"no-take",-0.236389341661125,0,0,2.72743294642026
0.0328457400214641,338.415,"vitamin_a.mug","Vitamin A","Madagascar","Ankivonjy_14",2020,68.3333333333333,0.666666666666667,7.5,0.333333333333333,"fringing","fore reef",9.2,"no-take",-0.236389341661125,0,0,2.72743294642026
0.013343046753538,187.63,"vitamin_a.mug","Vitamin A","Madagascar","Anta_08",2015,52,8.5,13,0,"fringing","fore reef",9,"no-take",-0.984359469249791,1.15084875215492,4.90725039108237e-05,2.14112857776538
0.0114745651472072,129.59,"vitamin_a.mug","Vitamin A","Madagascar","Anta_09",2015,36,7,2.5,0,"fringing","fore reef",9,"gear restriction",0.345548197582234,2.45047626192034,0.00104755675753005,3.46803620077116
0.0140149325255478,200.13,"vitamin_a.mug","Vitamin A","Madagascar","Antanambe_13",2015,38,0.5,13.5,0,"fringing","fore reef",11,"gear restriction",0.335473948225945,2.18627659036935,0.000795333085038263,3.50021052989678
0.0100886034863947,655.71,"vitamin_a.mug","Vitamin A","Madagascar","Antanambe_14",2015,48.5,13.5,8,0.5,"fringing","fore reef",9,"gear restriction",0.307747128723878,2.13369116576022,0.000619296462665888,3.35989816756043
0.0102696784013957,1265.99,"vitamin_a.mug","Vitamin A","Madagascar","Antanambe_15",2015,45.5,0,44.5,0,"fringing","fore reef",4,"no-take",0.307747128723878,0,0,3.72533462028454
0.0124727511145706,214.38,"vitamin_a.mug","Vitamin A","Madagascar","Antsa_09",2016,6,68.5,0.5,15.5,"barrier","fore reef",10,"open-access",0.930600641260254,1.18159785633588,0.00440478471223472,3.19597352183097
0.0168641216825496,677.27,"vitamin_a.mug","Vitamin A","Madagascar","Antsi_20",2015,60,3,21.5,0,"fringing","fore reef",8,"no-take",0.189002124866062,3.3077400657316,0.0213410688096841,4.03827728993596
0.0174840516335999,5.46,"vitamin_a.mug","Vitamin A","Madagascar","Antsi_22",2015,55.5,10.5,15.5,0,"fringing","fore reef",8,"gear restriction",0.189002124866062,3.30774004563271,0.0213410688096841,4.03827726973505
0.0214718606565458,1755.03,"vitamin_a.mug","Vitamin A","Madagascar","Antsoa_07",2016,55,0.166666666666666,13.8333333333333,9.33333333333335,"fringing","fore reef",5.6,"no-take",0.119714362489963,1.2672329713443,0.00473740915839478,2.56842118686096
0.0214718606565458,1755.03,"vitamin_a.mug","Vitamin A","Madagascar","Antsoa_07",2016,23,0.5,14.5,14,"fringing","fore reef",4.8,"open-access",0.119714362489963,1.2672329713443,0.00473740915839478,2.56842118686096
0.0126737327564556,1001.675,"vitamin_a.mug","Vitamin A","Madagascar","Antsoa_07",2020,55,0.166666666666666,13.8333333333333,9.33333333333335,"fringing","fore reef",5.6,"no-take",0.119714362489963,1.2672329713443,0.00473740915839478,2.56842118686096
0.0126737327564556,1001.675,"vitamin_a.mug","Vitamin A","Madagascar","Antsoa_07",2020,23,0.5,14.5,14,"fringing","fore reef",4.8,"open-access",0.119714362489963,1.2672329713443,0.00473740915839478,2.56842118686096
0.0134077727658885,1918.04,"vitamin_a.mug","Vitamin A","Madagascar","Beangovo_04",2016,35.6666666666667,0,13.5,4.33333333333333,"fringing","fore reef",5.66666666666667,"no-take",0.0404781252051587,0.00152733064374875,0.000557710157162506,1.36533316501109
0.0134077727658885,1918.04,"vitamin_a.mug","Vitamin A","Madagascar","Beangovo_04",2016,41,0,16.5,10,"fringing","fore reef",7,"open-access",0.0404781252051587,0.00152733064374875,0.000557710157162506,1.36533316501109
0.0196454203232279,3557.275,"vitamin_a.mug","Vitamin A","Madagascar","Beangovo_04",2020,35.6666666666667,0,13.5,4.33333333333333,"fringing","fore reef",5.66666666666667,"no-take",0.0404781252051587,0.00152733064374875,0.000557710157162506,1.36533316501109
0.0196454203232279,3557.275,"vitamin_a.mug","Vitamin A","Madagascar","Beangovo_04",2020,41,0,16.5,10,"fringing","fore reef",7,"open-access",0.0404781252051587,0.00152733064374875,0.000557710157162506,1.36533316501109
0.0166341226200796,162.06,"vitamin_a.mug","Vitamin A","Madagascar","Beko_03",2016,29.5,10.5,1.5,0,"patch","fore reef",10,"gear restriction",0.48827383602803,0.46980111045249,0.00803607430368412,2.35393218744086
0.0164763518298481,190.98,"vitamin_a.mug","Vitamin A","Madagascar","Belo_04",2016,41.5,4,12.5,0,"patch","fore reef",6,"no-take",0.48827383602803,0.46980111045249,0.00803607430368412,2.35393218551842
0.0271034756654494,142.99,"vitamin_a.mug","Vitamin A","Madagascar","Iha_01",2016,67,0,29.5,0,"fringing","fore reef",4,"open-access",-0.091703752582849,3.14503092176004,0.0295615179287754,3.86257906353293
0.0307333242344862,134.77,"vitamin_a.mug","Vitamin A","Madagascar","Iha_02",2016,37,1,47,0,"fringing","fore reef",4,"open-access",-0.091703752582849,3.34134703936137,0.0456053739959472,3.80581131251149
0.0109930020330127,769.74,"vitamin_a.mug","Vitamin A","Madagascar","Imor_18",2015,48,3,21,0,"fringing","fore reef",8,"gear restriction",0.199842356410181,3.00247723654619,0.0133281636889953,3.52997919999518
0.0149378566166723,939.23,"vitamin_a.mug","Vitamin A","Madagascar","Imor_19",2015,44.5,5.5,35,0,"fringing","fore reef",7,"no-take",0.189002124866062,3.30774005418543,0.0213410688096841,4.03827727820512
0.00803744703404528,347.59,"vitamin_a.mug","Vitamin A","Madagascar","Imor_21",2015,41.5,23.5,8,0.5,"fringing","fore reef",7,"gear restriction",0.189002124866062,3.30774004285307,0.0213410688096841,4.038277267031
0.0200653882506535,579.475,"vitamin_a.mug","Vitamin A","Madagascar","Kisimani_16",2016,28.59375,8.78125,31.875,0,"fringing","fore reef",4.9375,"no-take",-0.19290760956083,2.5511612559888,0.0151429732760217,3.04708440171115
0.0574063365968572,218.385,"vitamin_a.mug","Vitamin A","Madagascar","Kisimani_16",2020,28.59375,8.78125,31.875,0,"fringing","fore reef",4.9375,"no-take",-0.19290760956083,2.5511612559888,0.0151429732760217,3.04708440171115
0.0298257666347598,659.7,"vitamin_a.mug","Vitamin A","Madagascar","Madiro_17",2016,30.3333333333333,9.83333333333333,38.3333333333333,1.16666666666667,"fringing","fore reef",3.56666666666667,"gear restriction",-0.211399671224856,2.16028800477898,0.0120036761670675,2.86279632607602
0.0559389670672703,121.3,"vitamin_a.mug","Vitamin A","Madagascar","Madiro_17",2020,30.3333333333333,9.83333333333333,38.3333333333333,1.16666666666667,"fringing","fore reef",3.56666666666667,"gear restriction",-0.211399671224856,2.16028800477898,0.0120036761670675,2.86279632607602
0.00469522015750492,625.38,"vitamin_a.mug","Vitamin A","Madagascar","Maintim_27",2015,84,9,1,0,"fringing","pinnacle",3,"no-take",0.0626195838543416,2.96196864517536,0.01166177538365,3.2817053990976
0.0100984532003658,192.56,"vitamin_a.mug","Vitamin A","Madagascar","Maintim_28",2015,15,56.5,8.5,0,"fringing","pinnacle",3,"gear restriction",0.0626195838543416,2.96196864280516,0.01166177538365,3.28170539660029
0.0189822895038531,223.86,"vitamin_a.mug","Vitamin A","Madagascar","Malo_02",2015,26,23.5,17.5,0,"fringing","fore reef",10,"gear restriction",0.357861505994281,3.00560386551922,0.0020640662006113,3.35327833950096
0.0164293771046909,277.77,"vitamin_a.mug","Vitamin A","Madagascar","Malo_03",2015,53,2.5,13.5,0,"fringing","fore reef",10,"no-take",0.3245112743743,2.91390712935041,0.00170213447254418,3.62699039784423
0.00370989894735454,672.96,"vitamin_a.mug","Vitamin A","Madagascar","Manam_06",2015,51,6.5,9.5,0,"fringing","fore reef",8,"gear restriction",0.270817452263233,2.65620297671553,0.0107902967738949,3.58856544727349
0.0104373763975803,460.75,"vitamin_a.mug","Vitamin A","Madagascar","Manam_07",2015,38.5,16.5,10,0,"fringing","fore reef",9,"no-take",0.270817452263233,2.65620297671553,0.0107902967738949,3.58856544727349
0.00955866672330741,519.87,"vitamin_a.mug","Vitamin A","Madagascar","Mand_10",2015,34.5,39,8,0,"fringing","fore reef",10,"no-take",0.335473948225945,2.18627659885391,0.000795333085038263,3.5002105388193
0.0123526716766436,239.74,"vitamin_a.mug","Vitamin A","Madagascar","Mand_11",2015,72,7,11.5,0,"fringing","fore reef",8,"gear restriction",0.335473948225945,2.18627658471299,0.000795333085038263,3.5002105239942
0.0151093325605667,459.68,"vitamin_a.mug","Vitamin A","Madagascar","Mand_12",2015,40,8.5,9,0,"fringing","fore reef",8,"gear restriction",0.335473948225945,2.18627657905662,0.000795333085038263,3.50021051740527
0.0201988830595886,102.8,"vitamin_a.mug","Vitamin A","Madagascar","Marofot_01",2016,52.5,3,8.5,0,"fringing","fore reef",7.8,"open-access",-0.461730479383868,0,0,3.70822324828595
0.0116215370571031,100.65,"vitamin_a.mug","Vitamin A","Madagascar","Marofot_02",2016,58,21,6,0,"fringing","fore reef",7,"open-access",-0.216904330884035,1.76537499019205,0.00188767837803001,3.60869377288199
0.0128632634003398,391.05,"vitamin_a.mug","Vitamin A","Madagascar","Marotogny_20",2016,33.3333333333333,36.5,17.1666666666667,0,"fringing","fore reef",2.73333333333333,"gear restriction",-0.355678616920915,1.76690584094777,0.0134132314461257,2.99771857386499
0.0279678505802387,59.97,"vitamin_a.mug","Vitamin A","Madagascar","Marotogny_20",2020,33.3333333333333,36.5,17.1666666666667,0,"fringing","fore reef",2.73333333333333,"gear restriction",-0.355678616920915,1.76690584094777,0.0134132314461257,2.99771857386499
0.011331190212146,206.93,"vitamin_a.mug","Vitamin A","Madagascar","NF01",2016,37.75,10,20,0,"fringing","fore reef",6,"gear restriction",0.0831814385078637,1.77577900018477,0.0142419801568119,3.34490321641498
0.0194226111873124,300.74,"vitamin_a.mug","Vitamin A","Madagascar","NK01",2016,65.25,3,19.75,0,"fringing","fore reef",6,"gear restriction",-0.0172983050013399,2.33702835525568,0.0502053073280594,3.79066585727247
0.0376962984019246,115.41,"vitamin_a.mug","Vitamin A","Madagascar","Nosy Komba",2020,33.5,0,9.5,0.5,"fringing","back reef",2.55,"open-access",-0.0224785029536651,2.001878571709,0.0344399407334144,4.69145325375119
0.0119184683489804,1736.22,"vitamin_a.mug","Vitamin A","Madagascar","NosyFisaka_02",2016,56.5,0,28.5,0.833333333333335,"patch","fore reef",4.33333333333333,"no-take",0.220426366796386,0.623684917376674,0.00173847098940988,2.53677443520652
0.0119184683489804,1736.22,"vitamin_a.mug","Vitamin A","Madagascar","NosyFisaka_02",2016,56.5,0,28.5,0.833333333333335,"patch","fore reef",4.33333333333333,"no-take",0.18526273402698,0.00959790211971129,0.000823943134501998,0
0.0119184683489804,1736.22,"vitamin_a.mug","Vitamin A","Madagascar","NosyFisaka_02",2016,43.5,0,32.5,2.5,"patch","fore reef",5,"open-access",0.220426366796386,0.623684917376674,0.00173847098940988,2.53677443520652
0.0119184683489804,1736.22,"vitamin_a.mug","Vitamin A","Madagascar","NosyFisaka_02",2016,43.5,0,32.5,2.5,"patch","fore reef",5,"open-access",0.18526273402698,0.00959790211971129,0.000823943134501998,0
0.0323899443697137,904.315,"vitamin_a.mug","Vitamin A","Madagascar","NosyFisaka_02",2020,56.5,0,28.5,0.833333333333335,"patch","fore reef",4.33333333333333,"no-take",0.220426366796386,0.623684917376674,0.00173847098940988,2.53677443520652
0.0323899443697137,904.315,"vitamin_a.mug","Vitamin A","Madagascar","NosyFisaka_02",2020,56.5,0,28.5,0.833333333333335,"patch","fore reef",4.33333333333333,"no-take",0.18526273402698,0.00959790211971129,0.000823943134501998,0
0.0323899443697137,904.315,"vitamin_a.mug","Vitamin A","Madagascar","NosyFisaka_02",2020,43.5,0,32.5,2.5,"patch","fore reef",5,"open-access",0.220426366796386,0.623684917376674,0.00173847098940988,2.53677443520652
0.0323899443697137,904.315,"vitamin_a.mug","Vitamin A","Madagascar","NosyFisaka_02",2020,43.5,0,32.5,2.5,"patch","fore reef",5,"open-access",0.18526273402698,0.00959790211971129,0.000823943134501998,0
0.0100700808063678,1142.56,"vitamin_a.mug","Vitamin A","Madagascar","NosyKaine_09",2016,69,1,19.5,0,"patch","fore reef",5,"gear restriction",0.0613438918927525,0.00766159313796636,0.00176918162704265,1.75446513604371
0.0156886749405959,359.75,"vitamin_a.mug","Vitamin A","Madagascar","NosyKarabo_06",2016,63.6666666666667,0.166666666666667,14,1.33333333333333,"patch","fore reef",3.66666666666667,"gear restriction",0.119714362489963,1.2672329713443,0.00473740915839478,2.56842118686096
0.0107538374836378,1295.73,"vitamin_a.mug","Vitamin A","Madagascar","NosyKarabo_06",2020,63.6666666666667,0.166666666666667,14,1.33333333333333,"patch","fore reef",3.66666666666667,"gear restriction",0.119714362489963,1.2672329713443,0.00473740915839478,2.56842118686096
0.0210742919160849,994.26,"vitamin_a.mug","Vitamin A","Madagascar","NosyLava_01",2016,73,0,17,0,"fringing","fore reef",6,"no-take",0.285535706257928,1.14074096604255,0.00644849896509596,2.37890108928512
0.0271533649050578,973.86,"vitamin_a.mug","Vitamin A","Madagascar","NosyVazoana_05",2016,61,0.5,15,2,"fringing","fore reef",5,"gear restriction",0.243160626514158,1.59186185195294,0.00613345501862126,3.17913865276392
0.0461314722860337,175.47,"vitamin_a.mug","Vitamin A","Madagascar","NS01",2016,50,6.5,23.5,0,"fringing","fore reef",7,"open-access",-0.0947617771371606,2.00193954296846,0.0200955689713555,4.38203238827046
0.0173653895708914,1466.6,"vitamin_a.mug","Vitamin A","Madagascar","NT01",2016,49.5,4,19.5,0,"fringing","fore reef",8,"no-take",-0.0788594662145182,2.18258141574576,0.0294600769288348,2.30679950241729
0.0171418124057088,611.26,"vitamin_a.mug","Vitamin A","Madagascar","NT02",2016,56,13,17.5,0,"fringing","fore reef",6,"no-take",-0.0788594662145182,2.18258141289341,0.0294600769288348,2.30679950027447
0.00648009811831561,993.99,"vitamin_a.mug","Vitamin A","Madagascar","Plateau_13",2016,2.5,10,6,0,"barrier","fore reef",14,"no-take",0.270817452263233,2.65620297671553,0.0107902967738949,3.58856544727349
0.00713073190687453,2422.21,"vitamin_a.mug","Vitamin A","Madagascar","Ranto_01",2016,26.5,0.5,37.5,0,"patch","fore reef",13.9,"gear restriction",0.270817452263233,2.65620297671553,0.0107902967738949,3.58856544727349
0.013352000101824,669.03,"vitamin_a.mug","Vitamin A","Madagascar","Ratapenjiky_12",2016,36.1666666666667,0.666666666666667,30.6666666666667,1.16666666666667,"fringing","fore reef",3.66666666666667,"gear restriction",0.144843728993588,0.859557132376662,0.00265323534959275,3.10396434771955
0.0156101263871635,1278.72,"vitamin_a.mug","Vitamin A","Madagascar","Ratapenjiky_12",2020,36.1666666666667,0.666666666666667,30.6666666666667,1.16666666666667,"fringing","fore reef",3.66666666666667,"gear restriction",0.144843728993588,0.859557132376662,0.00265323534959275,3.10396434771955
0.00676154087636685,1286.58,"vitamin_a.mug","Vitamin A","Madagascar","Sal_N1_11",2016,29,23.5,1.5,2,"barrier","fore reef",9,"gear restriction",0.668429250779931,0.8766211659568,0.00635050026994822,3.35926704022102
0.0120523536252177,574.03,"vitamin_a.mug","Vitamin A","Madagascar","Sal_N2_02",2016,38.5,10.5,0,6,"barrier","fore reef",10,"no-take",0.713792428217115,0.887046886265704,0.00408352168303751,2.7391960713993
0.0175577084212632,196.01,"vitamin_a.mug","Vitamin A","Madagascar","Sal_N2_05",2016,25.5,53,0,0,"barrier","fore reef",10,"gear restriction",0.48827383602803,0.46980111045249,0.00803607430368412,2.35393220666523
0.0117570406346601,849.58,"vitamin_a.mug","Vitamin A","Madagascar","Sal_N2_13",2016,5.5,61.5,0,0,"barrier","fore reef",14,"gear restriction",0.615363831840096,0.595190895888091,0.00620538735579977,2.24151569290735
0.0332182426976228,9.1,"vitamin_a.mug","Vitamin A","Madagascar","Sala_14",2016,0,61.5,0,1.5,"barrier","back reef",2,"gear restriction",0.615363831840096,0.732408075219953,0.00837019027102471,3.42832507217295
0.0385584042428557,683.985,"vitamin_a.mug","Vitamin A","Madagascar","Tandavandriva_North",2020,48,13,16,0,"lagoon","back reef",14.3,"open-access",0.270817452263233,2.65620297671553,0.0107902967738949,3.58856544727349
0.0288041588299299,100.27,"vitamin_a.mug","Vitamin A","Madagascar","Tandavandriva_West",2020,38.5,0,22,0,"lagoon","back reef",14.8,"open-access",0.270817452263233,2.65620297671553,0.0107902967738949,3.58856544727349
0.00543458668872947,680.02,"vitamin_a.mug","Vitamin A","Madagascar","Tsand_10",2016,8.5,43.5,0.5,2,"barrier","fore reef",10,"gear restriction",0.83596811425463,0.929466593304303,0.00347776567558497,3.33834642764376
0.0176421759408913,2935.37,"vitamin_a.mug","Vitamin A","Madagascar","Tsarabanjina_08",2016,39.5,0.5,18.5,1.66666666666666,"patch","fore reef",5,"no-take",0.0613438918927525,0.00766159313796636,0.00176918162704265,1.75446515133166
0.0176421759408913,2935.37,"vitamin_a.mug","Vitamin A","Madagascar","Tsarabanjina_08",2016,41.5,1.5,18.5,5,"patch","fore reef",5,"open-access",0.0613438918927525,0.00766159313796636,0.00176918162704265,1.75446515133166
0.043829759130406,712.16,"vitamin_a.mug","Vitamin A","Madagascar","Tsarabanjina_08",2020,39.5,0.5,18.5,1.66666666666666,"patch","fore reef",5,"no-take",0.0613438918927525,0.00766159313796636,0.00176918162704265,1.75446515133166
0.043829759130406,712.16,"vitamin_a.mug","Vitamin A","Madagascar","Tsarabanjina_08",2020,41.5,1.5,18.5,5,"patch","fore reef",5,"open-access",0.0613438918927525,0.00766159313796636,0.00176918162704265,1.75446515133166
0.0112974872207462,698.67,"vitamin_a.mug","Vitamin A","Madagascar","Vato_25",2015,32,53,2,0,"fringing","pinnacle",4,"no-take",0.0626195838543416,2.96196866461103,0.01166177538365,3.28170541862198
0.00867912375462407,406.11,"vitamin_a.mug","Vitamin A","Madagascar","Vato_26",2015,18,13,1,51,"fringing","pinnacle",3,"gear restriction",0.0626195838543416,2.96196865560426,0.01166177538365,3.28170540954087
0.011475374924022,483.45,"vitamin_a.mug","Vitamin A","Madagascar","Vohi_16",2015,39.5,20.5,20.5,0,"fringing","fore reef",8,"no-take",0.199842356410181,2.78450566175297,0.00927535776339822,3.9361961952502
0.0162268978385964,371.42,"vitamin_a.mug","Vitamin A","Madagascar","Vohi_17",2015,13,65,1,0,"fringing","fore reef",10,"gear restriction",0.199842356410181,2.78450568457891,0.00927535776339822,3.93619621773534
0.0142859617382312,1205.565,"vitamin_a.mug","Vitamin A","Solomon Islands","Chubikopi 1",2019,15.33,8.67,16.33,0.33,"fringing","fore reef",7,"no-take",-0.916866615730474,1.76505229859115,0,3.39811153292906
0.0237110221244517,2565.32,"vitamin_a.mug","Vitamin A","Solomon Islands","Chubikopi 2",2019,16.67,10,25,0.33,"fringing","fore reef",7.33,"no-take",-0.916866615730474,1.7650522762115,0,3.39811151052831
0.0479062588498817,1415.61,"vitamin_a.mug","Vitamin A","Solomon Islands","Chubikopi 3",2019,23,21.33,19.33,0,"fringing","fore reef",7.33,"no-take",-0.916866615730474,1.76505229113127,0,3.39811152494119
0.0260276947105167,1076.925,"vitamin_a.mug","Vitamin A","Solomon Islands","Chubikopi 4",2019,21.33,1.67,25.33,0.67,"barrier","fore reef",7.93,"access restriction",-0.890040305117803,1.47124180834292,0,3.03561515274996
0.0356308794553449,900.401666666667,"vitamin_a.mug","Vitamin A","Solomon Islands","Chubikopi 5",2019,49,1.33,17,0.67,"barrier","fore reef",7.67,"access restriction",-0.890040305117803,1.47124182301672,0,3.03561516875399
0.0205675112439864,2138.59,"vitamin_a.mug","Vitamin A","Solomon Islands","Chubikopi 6",2019,30.33,1,8,0,"barrier","fore reef",7.67,"access restriction",-0.890040305117803,1.47124180834292,0,3.03561514994926
0.0270249004885597,1081.16,"vitamin_a.mug","Vitamin A","Solomon Islands","Kicha 1 PC",2019,50.67,10.67,10,5,"fringing","fore reef",7.77,"no-take",-0.726725497909684,0.665216706276208,0,2.284488065956
0.0149522840689485,2041.19166666667,"vitamin_a.mug","Vitamin A","Solomon Islands","KOL01",2016,29.67,20,3,0,"fringing","fore reef",11,"access restriction",-1.11250647997838,1.59899040030616,0,3.17296013828747
0.0247392987896128,682.52,"vitamin_a.mug","Vitamin A","Solomon Islands","KOL02",2016,3,36.67,21.33,2.67,"fringing","fore reef",8,"time restriction",-1.09312646527793,1.66445147402983,0,3.18705462794223
0.0166265467992126,2049.39333333333,"vitamin_a.mug","Vitamin A","Solomon Islands","KOL03",2016,16,6.33,16.67,1.67,"fringing","fore reef",8.43,"access restriction",-1.07185516873645,1.72650580093019,0,2.67490389689889
0.0182103249483042,2784.605,"vitamin_a.mug","Vitamin A","Solomon Islands","KOL04",2016,41.67,10,14,0.33,"fringing","fore reef",7.23,"access restriction",-1.0830357263734,1.77942782672446,0,2.69424112426601
0.0199595026851885,2936.83666666667,"vitamin_a.mug","Vitamin A","Solomon Islands","KOL05",2016,27.67,16.33,19,0.67,"fringing","fore reef",9.1,"access restriction",-1.0830357263734,1.77942781950746,0,2.69424112250982
0.0162149495121271,3567.675,"vitamin_a.mug","Vitamin A","Solomon Islands","KOL06",2016,44,11,12,1,"fringing","fore reef",7.67,"access restriction",-1.09966564952249,0,0,2.85591418938216
0.00611466502205954,6341.48833333333,"vitamin_a.mug","Vitamin A","Solomon Islands","KOL07",2016,40,20.67,7.33,1,"fringing","fore reef",7.6,"access restriction",-1.03139098425051,1.76150825610416,0,2.20673029105554
0.0176812681957235,3152.83833333333,"vitamin_a.mug","Vitamin A","Solomon Islands","KOL08",2016,30,23.67,8.67,0,"fringing","fore reef",7.57,"access restriction",-1.03139098425051,1.76150826362516,0,2.20673030184784
0.0177286477984233,3242.13333333333,"vitamin_a.mug","Vitamin A","Solomon Islands","KOL09",2016,33.67,21.33,15.67,0.33,"fringing","fore reef",6.73,"time restriction",-1.03139098425051,1.76150826362516,0,2.20673029645169
0.0317689903120796,930.883333333333,"vitamin_a.mug","Vitamin A","Solomon Islands","KOL10",2016,22.67,4.33,17,3.33,"fringing","fore reef",7.67,"access restriction",-1.14224547794056,0,0,3.09925067392501
0.0269908182738289,1587.73166666667,"vitamin_a.mug","Vitamin A","Solomon Islands","KOL11",2016,19,24.33,11.33,4.33,"fringing","fore reef",7,"access restriction",-1.09722499070065,1.78952206434913,0,2.94723685756451
0.0112294572997875,7440.515,"vitamin_a.mug","Vitamin A","Solomon Islands","KOL12",2016,19.67,11.33,10,8,"fringing","fore reef",4.87,"access restriction",-1.13399637445319,1.82158600957686,0,2.98364662001855
0.0367128732002239,1469.45333333333,"vitamin_a.mug","Vitamin A","Solomon Islands","KOL13",2016,21,9.33,25.33,1.67,"fringing","fore reef",5.13,"access restriction",-1.13399637445319,1.82158600957686,0,2.98364662092047
0.0413865422253299,1254.53,"vitamin_a.mug","Vitamin A","Solomon Islands","KOL14",2016,26.67,6,6.67,7,"fringing","fore reef",2.73,"access restriction",-1.1741715834498,0,0,2.5830936018722
0.0290554135373505,1161.35833333333,"vitamin_a.mug","Vitamin A","Solomon Islands","KOL15",2016,13.33,1,50.33,0,"fringing","fore reef",5,"access restriction",-1.19316907238652,0,0,2.67767955776887
0.0394954532415159,1982.58166666667,"vitamin_a.mug","Vitamin A","Solomon Islands","KOL16",2016,20.67,3.67,33,0,"fringing","fore reef",5,"access restriction",-1.19860315092913,0,0,2.83553453410849
0.0260836111501956,1779.965,"vitamin_a.mug","Vitamin A","Solomon Islands","KOL17",2016,21.67,20.33,10,2.33,"fringing","fore reef",5.3,"access restriction",-1.21303574056427,0,0,3.08857116211021
0.0317174294684357,607.311666666667,"vitamin_a.mug","Vitamin A","Solomon Islands","KOL18",2016,44.67,8.67,10.67,3.33,"fringing","fore reef",2.87,"access restriction",-1.21608927778466,1.66352327109414,0,3.34885874463165
0.0280424261823353,967.43,"vitamin_a.mug","Vitamin A","Solomon Islands","KOL19",2016,15.67,3.33,18.67,0.33,"fringing","fore reef",3.27,"access restriction",-1.21608927778466,1.66352327109414,0,3.34885874307563
0.0112384046865102,9951.52166666667,"vitamin_a.mug","Vitamin A","Solomon Islands","KOL20",2016,26.33,3.33,26.67,3.67,"fringing","fore reef",3.87,"time restriction",-1.29423033804278,1.66953305333037,0,3.50391912714388
0.0171252641236693,2609.32,"vitamin_a.mug","Vitamin A","Solomon Islands","Malemale 1",2019,41.33,6.67,1.67,10.33,"fringing","fore reef",9,"access restriction",-0.743722542967329,1.03302156543205,0,2.68871853965878
0.0574677984129689,1049.22,"vitamin_a.mug","Vitamin A","Solomon Islands","Malemale 2",2019,34.33,28,2.33,6,"fringing","fore reef",9.67,"access restriction",-0.743722542967329,1.30685265599215,0,3.12572826118965
0.022647307197854,608.35,"vitamin_a.mug","Vitamin A","Solomon Islands","Mbulo 1",2019,52.67,13.67,0.33,2.33,"fringing","fore reef",9,"access restriction",-0.743722542967329,1.03302156543205,0,2.68871853876944
0.00867740753534802,1245.56,"vitamin_a.mug","Vitamin A","Solomon Islands","Mbulo 2",2019,63.33,19,0.33,2,"fringing","fore reef",9.33,"access restriction",-0.743722542967329,1.03302156543205,0,2.68871854054811
0.0102083734739415,3219.14,"vitamin_a.mug","Vitamin A","Solomon Islands","Mbulo 4",2019,61,13,0,4.67,"fringing","fore reef",9,"access restriction",-0.743722542967329,1.03302156543205,0,2.68871853699077
0.0180276859388397,2274.89166666667,"vitamin_a.mug","Vitamin A","Solomon Islands","P10",2018,32.835,8.335,17.335,0,"barrier","fore reef",8.7,"access restriction",-1.1795817758913,1.18051908643763,0,2.97940713456114
0.0180276859388397,2274.89166666667,"vitamin_a.mug","Vitamin A","Solomon Islands","P10",2018,32.835,8.335,17.335,0,"barrier","fore reef",8.7,"access restriction",-1.1795817758913,1.18051908643763,0,2.97940713683806
0.0470165049570752,1987.97166666667,"vitamin_a.mug","Vitamin A","Solomon Islands","P10",2019,32.835,8.335,17.335,0,"barrier","fore reef",8.7,"access restriction",-1.1795817758913,1.18051908643763,0,2.97940713456114
0.0470165049570752,1987.97166666667,"vitamin_a.mug","Vitamin A","Solomon Islands","P10",2019,32.835,8.335,17.335,0,"barrier","fore reef",8.7,"access restriction",-1.1795817758913,1.18051908643763,0,2.97940713683806
0.0797476682628424,1728.965,"vitamin_a.mug","Vitamin A","Solomon Islands","P11",2019,40.33,12.33,20,0,"barrier","fore reef",7.93,"access restriction",-1.18514667967006,1.41215508985241,0,3.13475448290468
0.0201547456565762,6564.67166666667,"vitamin_a.mug","Vitamin A","Solomon Islands","P12",2018,47.335,3,9.165,0,"barrier","fore reef",8.115,"access restriction",-1.194356439403,1.66944220340374,0,3.34052331856808
0.0201547456565762,6564.67166666667,"vitamin_a.mug","Vitamin A","Solomon Islands","P12",2018,47.335,3,9.165,0,"barrier","fore reef",8.115,"access restriction",-1.194356439403,1.66944220340374,0,3.34052331599055
0.0660111995674296,1352.16166666667,"vitamin_a.mug","Vitamin A","Solomon Islands","P12",2019,47.335,3,9.165,0,"barrier","fore reef",8.115,"access restriction",-1.194356439403,1.66944220340374,0,3.34052331856808
0.0660111995674296,1352.16166666667,"vitamin_a.mug","Vitamin A","Solomon Islands","P12",2019,47.335,3,9.165,0,"barrier","fore reef",8.115,"access restriction",-1.194356439403,1.66944220340374,0,3.34052331599055
0.037220527925271,2715.475,"vitamin_a.mug","Vitamin A","Solomon Islands","P13",2019,38.33,6.33,6.67,0,"barrier","fore reef",8.73,"access restriction",-1.1795817758913,1.18051908643763,0,2.97940714093651
0.0206186028197681,903.5,"vitamin_a.mug","Vitamin A","Solomon Islands","P14",2019,35.33,15.33,5.67,0,"barrier","fore reef",8.3,"access restriction",-1.19291844427156,0.770718316696318,0,2.95671763901369
0.0156214942117682,1758.95666666667,"vitamin_a.mug","Vitamin A","Solomon Islands","P15",2019,46.33,6.33,15,0,"barrier","fore reef",9.13,"access restriction",-1.19291844427156,0.770718316696318,0,2.95671765100887
0.0155509723429436,1884.89333333333,"vitamin_a.mug","Vitamin A","Solomon Islands","P16",2019,46.33,6,14.67,0,"barrier","fore reef",8.17,"access restriction",-1.19291844427156,0.770718316696318,0,2.95671764333196
0.0139258867566982,2449.99,"vitamin_a.mug","Vitamin A","Solomon Islands","P17",2019,56,4.67,11,0,"barrier","fore reef",8.37,"access restriction",-1.20265627383764,1.03470492261505,0,3.13443051015103
0.00843807943833758,2809.24166666667,"vitamin_a.mug","Vitamin A","Solomon Islands","P18",2019,47,2,11.33,0,"barrier","fore reef",8.33,"access restriction",-1.20265627383764,1.03470492261505,0,3.13443050823895
0.0467195368487647,3870.245,"vitamin_a.mug","Vitamin A","Solomon Islands","P4",2018,29.835,1.5,14.5,0.165,"barrier","fore reef",8.835,"access restriction",-1.1795817758913,1.18051908643763,0,2.97940711862273
0.0467195368487647,3870.245,"vitamin_a.mug","Vitamin A","Solomon Islands","P4",2018,29.835,1.5,14.5,0.165,"barrier","fore reef",8.835,"access restriction",-1.1795817758913,1.18051908643763,0,2.97940713228423
0.0249788067422587,3150.21166666667,"vitamin_a.mug","Vitamin A","Solomon Islands","P4",2019,29.835,1.5,14.5,0.165,"barrier","fore reef",8.835,"access restriction",-1.1795817758913,1.18051908643763,0,2.97940711862273
0.0249788067422587,3150.21166666667,"vitamin_a.mug","Vitamin A","Solomon Islands","P4",2019,29.835,1.5,14.5,0.165,"barrier","fore reef",8.835,"access restriction",-1.1795817758913,1.18051908643763,0,2.97940713228423
0.0210197223584596,3147.07833333333,"vitamin_a.mug","Vitamin A","Solomon Islands","P6",2019,59.33,0.33,16.33,0,"barrier","fore reef",8.53,"access restriction",-1.1795817758913,1.18051908643763,0,2.97940713911498
0.0133497657860619,2289.7,"vitamin_a.mug","Vitamin A","Solomon Islands","P7",2018,36,1.165,13,0,"barrier","fore reef",8.065,"access restriction",-1.1795817758913,1.18051908643763,0,2.97940713365038
0.0133497657860619,2289.7,"vitamin_a.mug","Vitamin A","Solomon Islands","P7",2018,36,1.165,13,0,"barrier","fore reef",8.065,"access restriction",-1.1795817758913,1.18051908643763,0,2.97940713911498
0.0336545103989533,2833.055,"vitamin_a.mug","Vitamin A","Solomon Islands","P7",2019,36,1.165,13,0,"barrier","fore reef",8.065,"access restriction",-1.1795817758913,1.18051908643763,0,2.97940713365038
0.0336545103989533,2833.055,"vitamin_a.mug","Vitamin A","Solomon Islands","P7",2019,36,1.165,13,0,"barrier","fore reef",8.065,"access restriction",-1.1795817758913,1.18051908643763,0,2.97940713911498
0.0172669384180629,3421.93,"vitamin_a.mug","Vitamin A","Solomon Islands","Peava 1",2019,53.67,7.33,3.67,0.33,"fringing","fore reef",10,"access restriction",-0.743722542967329,1.30685265599215,0,3.12572825468706
0.0118313018148709,2110.24,"vitamin_a.mug","Vitamin A","Solomon Islands","Peava 2",2019,20.33,19,0.67,3.33,"fringing","fore reef",9.33,"access restriction",-0.743722542967329,1.30685265599215,0,3.12572826314042
0.0213716994638107,2648.96833333333,"vitamin_a.mug","Vitamin A","Solomon Islands","V1",2018,41.67,5,16,0.67,"fringing","fore reef",9,"access restriction",-1.16682737961569,1.68841789081189,0,3.31825680972344
0.0267583303408576,1847.44333333333,"vitamin_a.mug","Vitamin A","Solomon Islands","V10",2018,39,1.67,40,0,"fringing","fore reef",7.7,"access restriction",-1.20376574286888,0,0,3.32343388378749
0.0270130272905736,2689.51833333333,"vitamin_a.mug","Vitamin A","Solomon Islands","V2A",2018,53,3.33,10,0,"fringing","fore reef",7.5,"access restriction",-1.16682737961569,1.68841788191237,0,3.31825680241886
0.01446369663474,2301.68833333333,"vitamin_a.mug","Vitamin A","Solomon Islands","V4",2018,53.33,6.67,9.67,0,"fringing","fore reef",8.37,"access restriction",-1.16682737961569,1.68841788191237,0,3.31825680784512
0.0244592928621815,3220.82333333333,"vitamin_a.mug","Vitamin A","Solomon Islands","V5",2018,44.33,4,14.33,0,"fringing","fore reef",8.63,"access restriction",-1.16682737961569,1.68841788191237,0,3.31825680304496
0.0233024493139006,3044.61333333333,"vitamin_a.mug","Vitamin A","Solomon Islands","V6",2018,48,2.33,13.33,0,"fringing","fore reef",9.8,"access restriction",-1.16682737961569,1.68841789081189,0,3.31825681034955
0.012445387022328,5497.96166666667,"vitamin_a.mug","Vitamin A","Solomon Islands","V7",2018,19.33,3.67,32.33,1,"fringing","fore reef",8.83,"access restriction",-1.16682737961569,1.68841787301286,0,3.31825679365335
0.01766004904402,3895.16166666667,"vitamin_a.mug","Vitamin A","Solomon Islands","V8",2018,34,2.67,29.67,2,"fringing","fore reef",8,"access restriction",-1.16682737961569,1.68841787301286,0,3.31825679490557
0.0120634873416883,1321.76333333333,"vitamin_a.mug","Vitamin A","Solomon Islands","Zaira 3",2019,38.33,21,8.67,0,"fringing","fore reef",9.17,"access restriction",-0.848048211292734,1.63789928417728,0,2.76753894822427
0.009407554125393,2120.64,"vitamin_a.mug","Vitamin A","Solomon Islands","Zaira 4",2019,28,18.33,18.67,0,"fringing","fore reef",8.53,"access restriction",-0.890715131389095,1.47996218818671,0,2.62843645561605
0.00990460684723311,5440.065,"vitamin_a.mug","Vitamin A","Solomon Islands","Zaira F 1",2019,39,11,11.67,0.33,"barrier","fore reef",10.33,"access restriction",-0.848048211292734,1.63789926418257,0,2.76753892819758
0.0184915839163982,3109.275,"vitamin_a.mug","Vitamin A","Solomon Islands","Zaira F 2",2019,30.33,6,10.33,0,"barrier","fore reef",11,"access restriction",-0.848048211292734,1.63789925418522,0,2.76753892003856
0.00774253753087096,3552.84166666667,"vitamin_a.mug","Vitamin A","Solomon Islands","Zaira F 3",2019,28.67,4.67,14.67,0,"barrier","fore reef",9,"access restriction",-0.848048211292734,1.25786293093302,0,2.04830041729616
