"id2","nutrient","nutrient_lab","country","biomass_kgha","hard_coral","macroalgae","turf_algae","bare_substrate","rubble","reef_type","reef_zone","depth","management_rules","grav_nc","sediment","nutrient_load","pop_count","herbivore","invertivore_mobile","omnivore","piscivore","planktivore"
"CZFR1_Belize","vitamin_a.mug","Vitamin A","Belize",1170.47725,20.835,43.83,9.665,0.085,1.25,"atoll","fore reef",11.51,"no-take",0.0983335530443653,0,0,1.30948214145503,0.178658681120776,0.0889442499817775,0,0.706818062484336,0.0255790064131101
"CZFR2_Belize","vitamin_a.mug","Vitamin A","Belize",2094.08416666667,18.445,31.525,23.48,0,0.085,"atoll","fore reef",12.66,"no-take",0.0983335530443653,0,0,1.30948214145503,0.120251072469514,0.0470600477352608,0,0.816745121023324,0.0159437587719009
"CZFR3_Belize","vitamin_a.mug","Vitamin A","Belize",716.662333333333,23.83,38.33,11.67,0,0,"atoll","fore reef",14.8,"no-take",0.0983335530443653,0,0,1.30948214145503,0.378512263550537,0.183644671767773,0,0.406364294321169,0.0314787703605222
"CZFR4_Belize","vitamin_a.mug","Vitamin A","Belize",1111.55066666667,25.67,28,22.83,0,2.33,"atoll","fore reef",13.28,"no-take",0.0359209935300417,0,0,0.925288364549659,0.063451006931764,0.0636667362301832,0,0.870824065336094,0.00205819150195912
"CZFR5_Belize","vitamin_a.mug","Vitamin A","Belize",2225.48983333333,28.78,30.7233333333333,10.5566666666667,1.27666666666667,11.6133333333333,"atoll","fore reef",8.98333333333333,"no-take",0.0700415627152773,0,0,0.925288364549659,0.179927523464285,0.065474930956128,0,0.749524333878197,0.00507321170139049
"CZFR6_Belize","vitamin_a.mug","Vitamin A","Belize",1760.856,26.17,13.33,35.33,1.5,1.5,"atoll","fore reef",9.48,"no-take",0.0700415627152773,0,0,0.925288364549659,0.343679864763934,0.119187491315494,0,0.476834053314486,0.0602985906060863
"CZPR1_Belize","vitamin_a.mug","Vitamin A","Belize",889.01625,9.265,37.9,10.565,0.05,0.1,"patch","back reef",1.52,"no-take",0.134824877317922,0,2.17146698086756e-06,1.30948212015883,0.267275750613372,0.113735856443936,0,0.618988392942692,0
"CZPR2_Belize","vitamin_a.mug","Vitamin A","Belize",1237.30933333333,34.83,6,16.67,0,0,"patch","back reef",1.7,"no-take",0.134824877317922,0,2.17146698086756e-06,1.30948212015883,0.163610400500824,0.0440314338495804,0,0.792358165649596,0
"CZPR4_Belize","vitamin_a.mug","Vitamin A","Belize",179.990666666667,9.67,53,1.33,0,0,"patch","back reef",1.4,"no-take",0.134825195707816,0,2.17146698086756e-06,1.30948216275123,0.223490024425457,0.0792249024576304,0,0.697285073116913,0
"CZPR5_Belize","vitamin_a.mug","Vitamin A","Belize",923.513125,7.25,20.085,22.335,0,0.5,"patch","back reef",1.75,"no-take",0.134825195707816,0,2.17146698086756e-06,1.30948218404743,0.513571194368737,0.0482185477246195,0,0.438210257906643,0
"CZPR7_Belize","vitamin_a.mug","Vitamin A","Belize",933.702398809524,18.17,13.835,15.5,0,0,"patch","back reef",1.985,"no-take",0.134824877317922,0,2.17146698086756e-06,1.30948212015883,0.207799300510121,0.18749398684927,0,0.604706712640608,0
"GUZFR2_Belize","vitamin_a.mug","Vitamin A","Belize",1276.72904761905,10.5,22.67,28.67,2.67,10.17,"atoll","fore reef",12.43,"restriction",0.0700415627152773,0,0,0.925288364549659,0.328733541938904,0.236032835057095,0,0.416554817889257,0.0186788051147441
"GUZFR4_Belize","vitamin_a.mug","Vitamin A","Belize",1724.1155,24,33.5,27.83,0,0.17,"atoll","fore reef",6.9,"restriction",-0.00612881108869147,0,0,0.737036395853809,0.189461238330997,0.0652082957056746,0,0.696504636548391,0.0488258294149377
"GUZPR1_Belize","vitamin_a.mug","Vitamin A","Belize",855.978333333333,11.75,20.75,22,0.085,0.25,"patch","back reef",1.235,"restriction",0.134825195707816,0,2.17146698086756e-06,1.30948214145503,0.161967981690669,0.14330991033646,0,0.694722107972871,0
"GUZPR2_Belize","vitamin_a.mug","Vitamin A","Belize",1569.04616666667,12,19.67,16.17,0,0.67,"patch","back reef",1.15,"restriction",0.168486876472642,0,1.43314814346424e-05,0.737036395853809,0.0905881179086301,0.0249610995505589,0,0.883188080824417,0.00126270171639442
"GUZPR5_Belize","vitamin_a.mug","Vitamin A","Belize",1712.29933333333,14.83,25.83,6,0,0,"patch","back reef",0.98,"restriction",0.101675945528846,0,0,0.737036395853809,0.26859098992124,0.191950677397732,0,0.539458332681028,0
"GUZPR6_Belize","vitamin_a.mug","Vitamin A","Belize",706.90975,13.83,16.665,19.58,0,0.085,"patch","back reef",0.89,"restriction",0.0700415627152773,0,0,0.925288364549659,0.191729422572287,0.0311529351328312,0,0.777117642294881,0
"WFR2_Belize","vitamin_a.mug","Vitamin A","Belize",547.728375,20.605,25.03,19.575,0,0.915,"atoll","fore reef",11.585,"no-take",0.215143513756374,0,0.000115072791232832,1.20235239485913,0.136479926951046,0.264571839711199,0,0.598948233337755,0
"WFR3_Belize","vitamin_a.mug","Vitamin A","Belize",252.054416666667,14.33,31.83,8.17,0,0,"atoll","fore reef",11.1,"no-take",0.25227301841202,0,0.000113770251006482,0,0.169112692758635,0.0701592887606318,0,0.760728018480733,0
"WFR4_Belize","vitamin_a.mug","Vitamin A","Belize",1065.76980952381,20.25,26.25,16.5,0.5,3,"atoll","fore reef",7.6,"no-take",0.25227301841202,0,0.000113770251006482,0,0.114984248724686,0.0368628569441526,0,0.847263954586806,0.000888939744355667
"WFR5_Belize","vitamin_a.mug","Vitamin A","Belize",426.155178571429,15.33,42.67,6,0,0,"atoll","fore reef",12.2,"no-take",0.168486876472642,0,1.43314814346424e-05,0.737036395853809,0.181951056492468,0.24250347293638,0,0.575545470571152,0
"WFR6_Belize","vitamin_a.mug","Vitamin A","Belize",625.684035714286,19.145,30.03,13.565,0.085,0.25,"atoll","fore reef",10.35,"no-take",0.168486581828655,0,1.43314814346424e-05,0.737036395853809,0.103281800970258,0.0755181144888715,0,0.821200084540871,0
"Ada01_Fiji","vitamin_a.mug","Vitamin A","Fiji",491.073333333333,7,0.33,4.33,0,25.67,"patch","fore reef",8,"restriction",-3.39040559077478,1.53144948620723,0.000641413356459516,2.51903967060202,0.119218754397309,0.195923733328418,0.0455248304865295,0.226257070415592,0.413075611372151
"Ada04_Fiji","vitamin_a.mug","Vitamin A","Fiji",793.253333333333,9.33,8,15.33,2,36,"fringing","fore reef",4.6,"restriction",-3.39794000867204,1.42918312675253,0.00025268586401179,2.8986938339379,0.0682890916094955,0.643422841807812,0.114886134495126,0.167757798297266,0.00564413379030155
"BU01_Fiji","vitamin_a.mug","Vitamin A","Fiji",406.88,47.67,0.33,0,25.33,24.33,"fringing","back reef",1,"restriction",0.852228188443451,1.33178847120648,0.00142172196475946,3.36157197734018,0.638071580649712,0.137867429760781,0.025841984407658,0.198219005181849,0
"BU01N_Fiji","vitamin_a.mug","Vitamin A","Fiji",1017.61716666667,48.83,1.83,5.83,3.83,22.67,"fringing","back reef",3.7,"restriction",0.852228188443451,1.33178847120648,0.00142172196475946,3.36157199301817,0.392254224295905,0.303195791122545,0.0340877015653934,0.182491640034648,0.0879706429815084
"BU02_Fiji","vitamin_a.mug","Vitamin A","Fiji",998.31,54.17,0.83,6.33,4.83,14,"patch","back reef",3,"restriction",0.482975179384918,1.82060014779348,0.00378860045443916,3.24689240403881,0.606619048092885,0.134219797793159,0.017068359836218,0.0195756793730029,0.222517114904736
"BU03_Fiji","vitamin_a.mug","Vitamin A","Fiji",424.99125,44.5,3.17,7.33,13.25,10.915,"fringing","back reef",2.165,"restriction",0.93068638944031,1.78347543823698,0.00742385613886146,3.59953092712027,0.692602220169616,0.213482488454915,0.00598234729917529,0.087932944076294,0
"BU04_Fiji","vitamin_a.mug","Vitamin A","Fiji",226.438333333333,41.33,9.67,0.67,25.33,18.33,"fringing","back reef",2,"restriction",0.842650732718928,1.62801681022233,0.00220538415323516,3.32264105700819,0.774302649468322,0.0981891585098148,0.0355221369917437,0.0919860550301201,0
"BU05_Fiji","vitamin_a.mug","Vitamin A","Fiji",190.105,47.67,0.33,1.67,21.67,12.67,"fringing","fore reef",1.5,"restriction",0.752020236978447,1.6498678470943,0.00163421163976833,3.34864350171702,0.916605367385283,0.0454023360254979,0.0379922965892189,0,0
"BU07_Fiji","vitamin_a.mug","Vitamin A","Fiji",859.139333333333,43.415,0.5,9.33,24.25,8.165,"fringing","fore reef",2.81,"restriction",0.293233462765315,0,0,3.7942205221119,0.393228165449023,0.329920610326246,0.027663462028613,0.249187762196118,0
"BU08_Fiji","vitamin_a.mug","Vitamin A","Fiji",573.456333333333,43.5,5.17,10.33,3.17,2.33,"fringing","back reef",2.72,"restriction",0.482975179384918,1.82060014779348,0.00378860045443916,3.24689240403881,0.259351897032203,0.507136910308292,0.0197918227144869,0.0871720831080231,0.126547286836995
"BU09_Fiji","vitamin_a.mug","Vitamin A","Fiji",660.843,74.33,4.33,3.5,3.67,5.33,"fringing","back reef",2.9,"restriction",0.852228188443451,1.33178849143648,0.00142172196475946,3.36157199641822,0.594211885614155,0.139111237814011,0.0195447287525489,0.0380575728182274,0.209074575001058
"BU10_Fiji","vitamin_a.mug","Vitamin A","Fiji",424.106666666667,18.33,27.67,11.67,9.33,8.33,"fringing","back reef",2.6,"restriction",0.293233462765315,0,0,3.79422053543475,0.354566806727039,0.515885980244294,0.129547213028667,0,0
"BUA07A_Fiji","vitamin_a.mug","Vitamin A","Fiji",1804.342,40.17,1.5,3.33,6.17,30.83,"fringing","fore reef",4.17,"restriction",-0.193551389406318,2.26003290349368,0.00756813576677288,3.06026909229464,0.211102241506881,0.655124152261554,0.0497288348716312,0.0840447713599334,0
"BUA08A_Fiji","vitamin_a.mug","Vitamin A","Fiji",1213.68166666667,41.5,1,1.33,5,24,"fringing","fore reef",5.47,"restriction",-0.1798064249033,2.20692597611676,0.00678683099844919,2.65610525420769,0.331265437502137,0.483470313832509,0.0557340630938871,0.129530185571467,0
"BUA20A_Fiji","vitamin_a.mug","Vitamin A","Fiji",2287.067,36.33,9.33,1.5,2.17,14,"fringing","fore reef",5.47,"restriction",-0.148048556826769,2.24234426901397,0.00668334905266212,2.85563306216797,0.147911131019617,0.708539556987494,0.0244192157315847,0.10441134641533,0.0147187498459741
"BUA24A_Fiji","vitamin_a.mug","Vitamin A","Fiji",1796.75,25,44,0.83,5.83,6.5,"fringing","fore reef",4.88,"restriction",-0.1798064249033,2.20692596802618,0.00678683099844919,2.65610524462077,0.0476566335484431,0.635639856756811,0.0285877310991994,0.0349266269046224,0.253189151690924
"BUA25_Fiji","vitamin_a.mug","Vitamin A","Fiji",1390.88616666667,56,0.5,1.5,8,11.17,"fringing","fore reef",4.75,"restriction",-0.1798064249033,2.20692596263246,0.00678683099844919,2.65610523982731,0.540355106039488,0.25614759050196,0.138594661325354,0.0355563082996515,0.0293463338335457
"BuC1_Fiji","vitamin_a.mug","Vitamin A","Fiji",998.968666666667,18.33,9.67,6,3,13.33,"fringing","fore reef",7.63,"restriction",0.637349712017653,1.57724623915231,0.00137670062247258,3.26818127920078,0.16100434779087,0.476387360855614,0.0200649974709877,0.155723154082372,0.186820139800157
"BuC2_Fiji","vitamin_a.mug","Vitamin A","Fiji",460.680833333333,13.67,3.67,0.33,2.33,5.67,"fringing","fore reef",7.37,"restriction",0.752020236978447,1.64986786654551,0.00163421163976833,3.34864351358757,0.436007151718778,0.367642674976212,0.0207984902092833,0.172314595404473,0.00323708769125419
"BuC3_Fiji","vitamin_a.mug","Vitamin A","Fiji",435.301666666667,17,2.67,4,0,9,"fringing","fore reef",7.53,"restriction",0.637349712017653,1.57724622765654,0.00137670062247258,3.26818126772456,0.344044521029912,0.348940476409787,0.104546950863684,0.161414119448518,0.0410539322480988
"BuC4_Fiji","vitamin_a.mug","Vitamin A","Fiji",615.691333333333,17,8.67,19,3,8.33,"fringing","fore reef",6.87,"restriction",0.752020236978447,1.6498678373687,0.00163421163976833,3.34864348809509,0.25535705022765,0.500099697172235,0.0451669030593145,0.199376349540801,0
"BuC5_Fiji","vitamin_a.mug","Vitamin A","Fiji",466.265,19,20.33,4.33,0.67,3.33,"fringing","fore reef",7.8,"restriction",0.293233462765315,0,0,3.7942205276224,0.232927460568056,0.645463407204287,0.0637871461811528,0.0578219860465044,0
"BuC6_Fiji","vitamin_a.mug","Vitamin A","Fiji",1375.48133333333,17.67,7,9.33,7.67,12.67,"fringing","fore reef",8.13,"restriction",1.00661705633758,1.74865300820772,0.00321358618208223,2.53478457487661,0.149712267214032,0.207670185154278,0.0117585572627329,0.630858990368957,0
"BuE1_Fiji","vitamin_a.mug","Vitamin A","Fiji",616.19,15.33,1.33,0,0.33,9.33,"fringing","fore reef",7.1,"restriction",0.842650732718928,1.62801683067723,0.00220538415323516,3.32264106981778,0.563148212754948,0.276583490903979,0.0193361804000295,0.140932115941043,0
"BuE2_Fiji","vitamin_a.mug","Vitamin A","Fiji",453.610666666667,21,9.67,1.67,0,1.33,"fringing","fore reef",7.37,"restriction",0.752020236978447,1.6498678373687,0.00163421163976833,3.34864349140327,0.324995104281221,0.166609318582213,0.000965971422525303,0.0787137753878366,0.428715830326204
"BuE4_Fiji","vitamin_a.mug","Vitamin A","Fiji",844.5925,10.67,3,10.67,0,20,"fringing","fore reef",5.6,"restriction",0.994584994993666,1.33656751356469,0.00294105006484169,3.1101083369061,0.189617492032396,0.466573231096689,0.0597469319156185,0.0448937808189923,0.239168564136304
"BuE5_Fiji","vitamin_a.mug","Vitamin A","Fiji",365.765666666667,17.67,3.67,12,0,0.33,"fringing","fore reef",7.8,"restriction",0.842650732718928,1.62801682044978,0.00220538415323516,3.32264106258656,0.218798130196449,0.490377011238502,0.0295462908236295,0.252540879333638,0.00873768840778064
"BuE6_Fiji","vitamin_a.mug","Vitamin A","Fiji",655.797,33.33,5.67,10.67,0,12.67,"fringing","fore reef",7.97,"restriction",0.842650732718928,1.62801681022233,0.00220538415323516,3.32264105556195,0.333801097069676,0.433479328398072,0.0654655120307532,0.164347292688677,0.00290676981282228
"C3_Fiji","vitamin_a.mug","Vitamin A","Fiji",556.616666666667,6.33,3,51.67,1,9,"barrier","fore reef",8.3,"restriction",-0.161093007191876,0.418572226438632,1.82399852029709e-05,0,0.148724531865214,0.424676770891761,0.0921526849981836,0.321286486310014,0.0131595259348277
"C5_Fiji","vitamin_a.mug","Vitamin A","Fiji",910.408333333333,3.67,4,41,0,10.33,"barrier","fore reef",8.03,"restriction",-0.161093007191876,0.418572226438632,1.82399852029709e-05,0,0.0858056948273969,0.111757782123342,0.0450009929061807,0.104407352009992,0.653028178133089
"DamC1_Fiji","vitamin_a.mug","Vitamin A","Fiji",1136.8755,8,14,5,2.67,2.33,"patch","back reef",6.37,"restriction",-0.1798064249033,2.2069259734199,0.00678683099844919,2.65610525037292,0.163139436548248,0.650317245341479,0.00193701823943568,0.0363413792672703,0.148264920603567
"DamC3_Fiji","vitamin_a.mug","Vitamin A","Fiji",554.707833333333,24.33,0,1.33,16.33,17.67,"patch","back reef",5,"restriction",-0.193551389406318,2.26003292019879,0.00756813576677288,3.06026910892753,0.72533571439594,0.165648818091024,0.030233169509254,0.0787822980037816,0
"DamC4_Fiji","vitamin_a.mug","Vitamin A","Fiji",2320.577,72.67,0,0,4.33,7.67,"patch","back reef",7.1,"restriction",-0.148048556826769,2.24234423918616,0.00668334905266212,2.85563303249593,0.177865541646664,0.742971113819444,0.00266300592236985,0.0492509436132999,0.0272493949982225
"DamC8_Fiji","vitamin_a.mug","Vitamin A","Fiji",1146.02166666667,24.67,10.67,0,8.33,20.33,"patch","fore reef",6.9,"restriction",-0.1798064249033,2.20692596532932,0.00678683099844919,2.6561052417447,0.306724013542136,0.297792723134512,0.0228592013917195,0.101452033884792,0.27117202804684
"DamE1_Fiji","vitamin_a.mug","Vitamin A","Fiji",637.468,25.67,11.67,5,5,15.67,"patch","back reef",6.57,"restriction",-0.115080650502433,2.10408493302864,0.00476017645094295,2.67284345005675,0.424890515132994,0.443498345110054,0.00730759082178902,0.117584340073515,0.0067192088616487
"DamE6_Fiji","vitamin_a.mug","Vitamin A","Fiji",837.748,5.67,14.67,11.33,3.67,17.33,"patch","fore reef",6.27,"restriction",-0.122573362861873,2.1827390194451,0.00524745392461059,2.90179099756744,0.0488365455143263,0.843968275585221,0.000920923868073992,0.0394466823455912,0.066827572686788
"DawaC1_Fiji","vitamin_a.mug","Vitamin A","Fiji",305.251666666667,15.33,23,5.67,0,12,"fringing","fore reef",4.63,"restriction",0.881856360479323,2.21811937311025,0.00810087197904752,3.3701129115546,0.0819177171488434,0.371975304418064,0.00245666090540397,0.543650317527689,0
"DawaC2_Fiji","vitamin_a.mug","Vitamin A","Fiji",1451.52966666667,0.67,31,9,0,43.33,"lagoon","fore reef",8.07,"restriction",0.881856360479323,2.21811938625145,0.00810087197904752,3.37011292433429,0.0903022752440097,0.125443103898289,0.00630898882314764,0.0834991162797552,0.694446515754798
"DawaC3_Fiji","vitamin_a.mug","Vitamin A","Fiji",181.288333333333,18,21.67,21,0,15.33,"fringing","fore reef",7.37,"restriction",0.881856360479323,2.21811936522554,0.00810087197904752,3.37011290544257,0.225633098181427,0.449950494996052,0.00127139585945215,0.323145010963068,0
"DawaC4_Fiji","vitamin_a.mug","Vitamin A","Fiji",247.048333333333,17.67,23,23,4,18.33,"patch","fore reef",6.27,"restriction",0.839593927575043,2.05716322920349,0.00685438028900803,2.03544117779084,0.24086613113383,0.479743323637291,0.0435944084078249,0.235796136821054,0
"DawaC5_Fiji","vitamin_a.mug","Vitamin A","Fiji",66.4183333333333,7.33,7,22.67,0,22,"patch","fore reef",7.17,"restriction",1.15363303213843,1.75945212425951,0.00611846761531086,3.30744320202685,0.0179320866185193,0.964378812195889,0,0.0176891011855918,0
"DawaC6_Fiji","vitamin_a.mug","Vitamin A","Fiji",139.706666666667,24.33,7.33,24.33,0,21,"patch","fore reef",7.03,"restriction",1.11769868301901,1.92277876346139,0.00519209925732864,3.22550608756328,0.285828706667852,0.481049167673549,0.021772513330722,0.201807262082428,0.00954235024544821
"DawaE1_Fiji","vitamin_a.mug","Vitamin A","Fiji",289.38,20,14.67,15.67,0,30.67,"patch","fore reef",4.4,"restriction",0.670493831227728,2.55736053839408,0.0170441965251131,3.05227637078278,0.186052836670073,0.450505193358173,0.00956658406695261,0.353875385904801,0
"DawaE2_Fiji","vitamin_a.mug","Vitamin A","Fiji",469.598333333333,17.33,4,32.33,0,29,"fringing","fore reef",4.33,"restriction",0.670493831227728,2.55736056246285,0.0170441965251131,3.05227639504042,0.394824864352659,0.543157528884165,0.0171931134365318,0.0448244933266443,0
"DawaE3_Fiji","vitamin_a.mug","Vitamin A","Fiji",194.478333333333,22.67,3.67,26.67,0.33,24,"fringing","pinnacle",5.67,"restriction",0.670493831227728,2.55736056005597,0.0170441965251131,3.05227639234513,0.287747842790407,0.571378702520755,0.0058882413065622,0.134985213382277,0
"DawaE4_Fiji","vitamin_a.mug","Vitamin A","Fiji",384.011666666667,16.33,14,27,0.67,23,"fringing","fore reef",4.9,"restriction",0.670493831227728,2.55736055042847,0.0170441965251131,3.05227638310412,0.441421405780781,0.358592995192954,0.0734776771445518,0.115356457146176,0.0111514647355373
"DawaE5_Fiji","vitamin_a.mug","Vitamin A","Fiji",482.23,12,16,22.5,0.5,23.5,"patch","fore reef",6.75,"restriction",0.662205359964189,2.30994688676606,0.014059538806419,2.35365410057577,0.113092585366627,0.360550047236835,0.0193817000721139,0.506975667324424,0
"DawaE6_Fiji","vitamin_a.mug","Vitamin A","Fiji",2596.135,9,7.33,8.67,9.67,47,"patch","fore reef",6.23,"restriction",0.681230289397532,2.07883696019387,0.00901255566837007,2.15374845335506,0.0936889285707698,0.709376224920361,0.0642297889452862,0.0732845408450771,0.0594205167185055
"KB04_Fiji","vitamin_a.mug","Vitamin A","Fiji",1534.665,11.33,1.33,0,28,39.67,"barrier","fore reef",7,"no-take",-0.103637500498737,0.0212290041789347,1.30288149137774e-06,0.894714610838178,0.216561252659953,0.423501852902424,0.0602025271799629,0.29973436725766,0
"KB05_Fiji","vitamin_a.mug","Vitamin A","Fiji",1292.06833333333,29.33,1.67,3.67,26,12.33,"barrier","fore reef",7,"no-take",-0.103637500498737,0.0212290041789347,1.30288149137774e-06,0.894714666182067,0.144619039257997,0.431045264080633,0.0237816267587738,0.254855652891742,0.145698417010853
"KB07_Fiji","vitamin_a.mug","Vitamin A","Fiji",706.176666666667,10.33,3.33,2.67,11.67,35,"barrier","fore reef",7,"restriction",-0.161093007191876,0.418572226438632,1.82399852029709e-05,0,0.226105424738954,0.42124079585423,0.0588110558463256,0.29384272356049,0
"KB09_Fiji","vitamin_a.mug","Vitamin A","Fiji",402.678833333333,37.67,4.17,8.5,0.5,2,"barrier","fore reef",7.53,"restriction",-0.229990895452971,1.47317060088867,4.99409938668005e-05,1.79776061104413,0.141046819128872,0.489633822113488,0.11351010483438,0.220629934352195,0.0351793195710654
"KB17_Fiji","vitamin_a.mug","Vitamin A","Fiji",967.216333333333,36.33,5.5,11.67,1,2.17,"fringing","fore reef",7.88,"restriction",-0.243024802906594,1.35617048952024,2.1714181245201e-05,1.79776059028807,0.0805409023166313,0.612975309170052,0.0404682161654549,0.179759049998799,0.0862565223490632
"KBO6_Fiji","vitamin_a.mug","Vitamin A","Fiji",1588.46,16,0.67,0.33,17,43.33,"barrier","fore reef",8,"restriction",-0.161093007191876,0.418572226438632,1.82399852029709e-05,0,0.0933636171103688,0.676810042960606,0.0135735123637467,0.145903586793843,0.070349240771435
"KD2_Fiji","vitamin_a.mug","Vitamin A","Fiji",243.395,22.33,18,8.67,29.67,0.67,"fringing","fore reef",1.5,"restriction",-0.166825466540717,0,0,3.40095439656762,0.682409993588227,0.0104218545176882,0.16205843251653,0.145109719377555,0
"KD3_Fiji","vitamin_a.mug","Vitamin A","Fiji",1477.26666666667,8.33,15,0,15.67,17,"fringing","fore reef",6.3,"restriction",-0.129499530538676,1.28351303132472,1.69371545218171e-05,3.2493386196859,0.0686066151041667,0.384696098082418,0.0228169295239182,0.472739119832935,0.0511412374565624
"KR7_Fiji","vitamin_a.mug","Vitamin A","Fiji",1063.4025,18,7.33,12.17,5.33,32,"barrier","fore reef",7.8,"restriction",-0.271223494009908,1.75411600248927,2.77939574446844e-05,2.66679326126508,0.236216691741658,0.399602281761357,0.05386732688369,0.110596349232384,0.19971735038091
"Kan03_Fiji","vitamin_a.mug","Vitamin A","Fiji",359.916666666667,21.33,9.33,20,8.67,5,"lagoon","back reef",2.33,"restriction",-3.41116827440579,0.921846744781019,5.29806950354899e-05,1.71021271318323,0.0651956489390714,0.849770764185082,0.0648617292487979,0.0201718576270485,0
"Kan04_Fiji","vitamin_a.mug","Vitamin A","Fiji",2038.69833333333,9.67,5.67,3,19.67,23.67,"fringing","fore reef",9.5,"restriction",-3.40120949323688,1.26613991110983,0.000193218056617153,2.02153733553154,0.0834059464732048,0.260598193467435,0.0652114181831808,0.194922384441539,0.39586205743464
"Kan05_Fiji","vitamin_a.mug","Vitamin A","Fiji",611.03,42,1.67,3,2.33,18.33,"fringing","fore reef",9.3,"restriction",-3.4145392704915,0.446670572533316,1.17257927138982e-05,1.71021270471931,0.168059821296806,0.2273214758876,0.0913694591332442,0.175225879802741,0.338023363879609
"Kan06_Fiji","vitamin_a.mug","Vitamin A","Fiji",2530.26666666667,44,2.33,16.33,3,12.67,"fringing","fore reef",8.87,"restriction",-3.41341269532824,0.440029059440642,1.17257927138982e-05,1.71021271318323,0.130391842650539,0.407044064956704,0.0528664010354333,0.388112690697865,0.0215850006594584
"Kan07_Fiji","vitamin_a.mug","Vitamin A","Fiji",1989.28333333333,20,5.67,8.33,1.33,11.67,"fringing","fore reef",9.23,"restriction",-3.4089353929735,0.900125167434111,5.55861362467444e-05,1.72042350569488,0.0457445544846047,0.111699912149086,0.167788336205256,0.326429047935613,0.34833814922544
"LV01_Fiji","vitamin_a.mug","Vitamin A","Fiji",652.351666666667,45,12.33,2.67,1.67,2.33,"fringing","back reef",2.83,"restriction",0.293233462765315,0,0,3.79422051157918,0.292217756959395,0.495923428340461,0.0903286105773738,0.121530204122771,0
"LV02_Fiji","vitamin_a.mug","Vitamin A","Fiji",592.28,36.67,5.67,10,10.33,16,"fringing","back reef",7.1,"restriction",0.473012855941716,1.70257783552573,0.00113289826486162,3.77361696366192,0.0354425404849395,0.361869840650124,0.0870795529549406,0.0376298031421589,0.477978262767837
"LV03_Fiji","vitamin_a.mug","Vitamin A","Fiji",610.075,15.67,13.67,1.33,22,21,"fringing","back reef",3.33,"restriction",0.473012855941716,1.70257784413976,0.00113289826486162,3.77361696914757,0.188453557110833,0.385243703517574,0.199942705731306,0.0356872409008708,0.190672792739416
"LV05_Fiji","vitamin_a.mug","Vitamin A","Fiji",178.226666666667,17.33,34.67,5,4.67,21,"fringing","back reef",3.23,"restriction",0.543391010181703,0,0,3.90835130814014,0.107368914679588,0.67989793894323,0.14965717960542,0.0630759667717621,0
"LV07_Fiji","vitamin_a.mug","Vitamin A","Fiji",387.59,29.33,6.67,0,33.33,12.33,"fringing","fore reef",1.5,"restriction",0.752020313849713,1.64986788599671,0.00163421163976833,3.34864353674486,0.741280046999762,0.11367809573178,0.145041857268458,0,0
"LV08_Fiji","vitamin_a.mug","Vitamin A","Fiji",2376.375,40.33,11.67,0.33,2.67,21.67,"patch","back reef",5.23,"restriction",0.492116150152459,1.18495785828653,0.000490041893442823,1.54336514721666,0.1165048734637,0.228887305099212,0.0188963690291888,0.0213877546428072,0.614323697765092
"LV12_Fiji","vitamin_a.mug","Vitamin A","Fiji",9369.15333333333,41.67,4,10.67,5.33,0,"fringing","fore reef",7.8,"restriction",0.530114240114399,0.849715579025322,0.000221433724969148,1.24469090153509,0.00821728295365582,0.00717062415839791,0.00118439171650434,0.957942254803121,0.0254854463683204
"LV13_Fiji","vitamin_a.mug","Vitamin A","Fiji",1114.44,27,4,7.33,13,17.67,"fringing","back reef",7.93,"restriction",0.473013002082483,1.70257785275379,0.00113289826486162,3.7736169790949,0.158021929489226,0.629592883687704,0.125925517946956,0.0799585829423459,0.00650108593376772
"LV14_Fiji","vitamin_a.mug","Vitamin A","Fiji",913.763333333333,16.67,3.67,4,8.67,35.33,"fringing","fore reef",7.77,"restriction",0.543391010181703,0,0,3.90835130894464,0.261861740347775,0.589329503571457,0.098382227225801,0.0504265288549666,0
"LV15_Fiji","vitamin_a.mug","Vitamin A","Fiji",618.061666666667,22.33,0.33,1,30,22.33,"fringing","fore reef",9,"restriction",0.473013002082483,1.70257786998185,0.00113289826486162,3.77361699218733,0.0903158499995943,0.177382384951185,0.115647725159376,0.616654039889845,0
"LV16_Fiji","vitamin_a.mug","Vitamin A","Fiji",449.47,14,29.33,14.33,3.67,15.33,"fringing","fore reef",2.63,"restriction",0.543391010181703,0,0,3.90835131430795,0.144741334175546,0.598107325563909,0.109156360255251,0.147994980005294,0
"LV17_Fiji","vitamin_a.mug","Vitamin A","Fiji",731.863333333333,11,0.67,0.33,24,49.67,"patch","fore reef",7.8,"restriction",0.752020236978447,1.6498678568199,0.00163421163976833,3.34864351008479,0.0291110371466955,0.52486823629202,0.000514999976422901,0.0434012219425574,0.402104504642304
"MAP01_Fiji","vitamin_a.mug","Vitamin A","Fiji",1152.34766666667,30.17,13,5.17,1.33,17.67,"fringing","fore reef",7.25,"restriction",-0.283635173172106,1.65222694724211,3.64792043747266e-05,2.67904678412792,0.0797309788800452,0.611057486423616,0.03502559204437,0.0613972947276792,0.212788647924289
"MD1_Fiji","vitamin_a.mug","Vitamin A","Fiji",770.375,9,4.33,0,37.67,30,"fringing","fore reef",7.63,"restriction",-0.129499530538676,1.28351303132472,1.69371545218171e-05,3.24933862384399,0.0925760337808566,0.251576770058426,0,0.38949890684954,0.266348289311177
"MD4_Fiji","vitamin_a.mug","Vitamin A","Fiji",1487.465,14.33,6.67,21.33,6.67,4,"fringing","fore reef",10,"restriction",-0.102615411675887,0.732844789673475,4.34292310448164e-06,2.30997163556397,0.0407521396944853,0.594425334874032,0.0654813732620897,0.176834255267283,0.12250689690211
"MD6_Fiji","vitamin_a.mug","Vitamin A","Fiji",157.031666666667,7.33,0.67,6.67,13,48,"fringing","fore reef",9.2,"restriction",-0.169804748032487,1.39559005298009,5.64546131770521e-05,3.28125959256791,0.474208823447665,0.337339287971552,0.153084657824796,0.0353672307559873,0
"N19_Fiji","vitamin_a.mug","Vitamin A","Fiji",2007.13833333333,28,14.33,0.33,7,12,"barrier","fore reef",7,"no-take",-0.0870094388577795,0.0491381361596147,5.6457915671943e-06,0.894714610838178,0.243091207538571,0.0258523954763191,0.0109337544439054,0.409124041972053,0.310998600569151
"N20_Fiji","vitamin_a.mug","Vitamin A","Fiji",682.23,11.33,16.67,0.67,13,43.33,"barrier","fore reef",8,"no-take",-0.0870094388577795,0.0491381361596147,5.6457915671943e-06,0.894714610838178,0.124664357799265,0.77974690929618,0.0253611169794735,0.0702276159250815,0
"NA02_Fiji","vitamin_a.mug","Vitamin A","Fiji",122.443333333333,6.33,2.67,0,52,8.33,"fringing","back reef",2,"restriction",0.731827440694068,1.49862192090555,0.000878990503316251,3.79631518343039,0.107419169899482,0.845906067498378,0.00461243913943705,0.0420623234627033,0
"NA03_Fiji","vitamin_a.mug","Vitamin A","Fiji",479.163333333333,17.67,22.67,0,15.33,36,"fringing","back reef",3,"restriction",0.731827440694068,1.49862190712831,0.000878990503316251,3.79631517086582,0.173016705642867,0.640775416088511,0.0288562618250651,0.157351616443558,0
"NA05_Fiji","vitamin_a.mug","Vitamin A","Fiji",755.398333333333,31,11.67,9.33,1,3.33,"fringing","fore reef",8.6,"restriction",0.65706886236479,1.43615314972791,0.000751980933697721,3.67354015801816,0.0732873286830301,0.740637484128882,0.0425401763637543,0.139890355874165,0.00364465495016868
"NA07_Fiji","vitamin_a.mug","Vitamin A","Fiji",441.173333333333,26,0,0,37,25,"fringing","fore reef",8,"restriction",0.731827440694068,1.49862190712831,0.000878990503316251,3.79631517329543,0.0712486199450276,0.296178356882464,0.0542369052326558,0.0401472025910118,0.538188915348841
"NAO1_Fiji","vitamin_a.mug","Vitamin A","Fiji",1755.7915,51.67,1,2.5,1.67,0,"fringing","fore reef",7.12,"restriction",0.731827440694068,1.49862189335106,0.000878990503316251,3.79631516316047,0.214341674922522,0.495615159798519,0.0653317768825819,0.167988688746965,0.0567226996494127
"NAO2N_Fiji","vitamin_a.mug","Vitamin A","Fiji",714.871666666667,43.8,7,17,0.2,3.4,"fringing","back reef",4.2,"restriction",0.731827440694068,1.49862192090555,0.000878990503316251,3.79631518405515,0.0788772553896952,0.643318908110331,0.0196860684067641,0.127734198656509,0.130383569436701
"NAO3_Fiji","vitamin_a.mug","Vitamin A","Fiji",864.671333333333,39.67,10.17,10.83,1.17,8.33,"fringing","back reef",4.88,"restriction",0.731827440694068,1.49862189335106,0.000878990503316251,3.79631515628814,0.181742904100238,0.720427434826376,0.0409922297017155,0.0340495520203427,0.0227878793513281
"NAO6_Fiji","vitamin_a.mug","Vitamin A","Fiji",1415.83333333333,47,1.67,10.67,3,3.33,"fringing","fore reef",7.15,"restriction",0.731827440694068,1.49862189335106,0.000878990503316251,3.796315151776,0.344489665644237,0.365170691169204,0.0943190526229197,0.172222323914756,0.023798266648883
"NAO7_Fiji","vitamin_a.mug","Vitamin A","Fiji",1247.53083333333,45.25,1.5,2.25,2,3,"fringing","fore reef",7.2,"restriction",0.731827440694068,1.49862190712831,0.000878990503316251,3.79631516774203,0.118111724005743,0.441254394935381,0.131688597980503,0.121263881074075,0.187681402004299
"NAOBF2_Fiji","vitamin_a.mug","Vitamin A","Fiji",884.265,27,10.33,22,1.67,19.83,"fringing","fore reef",5.62,"restriction",0.473012855941716,1.70257783552573,0.00113289826486162,3.77361695773741,0.163703596859129,0.591633592651793,0.0712031440255676,0.163999961227326,0.00945970523618448
"NAOBF3_Fiji","vitamin_a.mug","Vitamin A","Fiji",734.336666666667,23,6,4.67,2.5,13.17,"fringing","fore reef",4.13,"restriction",0.492116150152459,1.18495788665439,0.000490041893442823,1.54336517207369,0.0801559490570861,0.472904217732677,0.0197245500014119,0.283383936752807,0.143831346456018
"NAOBF4_Fiji","vitamin_a.mug","Vitamin A","Fiji",1989.74033333333,44.17,12.83,5.5,1.33,5.5,"fringing","fore reef",7.2,"restriction",0.492116150152459,1.18495785828653,0.000490041893442823,1.54336514721666,0.0705812024294286,0.329006968345821,0.0220566567019825,0.107176590635364,0.471178581887403
"NAOBT1_Fiji","vitamin_a.mug","Vitamin A","Fiji",498.8385,25.83,15.5,2.5,5.33,20,"fringing","fore reef",4.25,"restriction",0.473013002082483,1.70257786998185,0.00113289826486162,3.77361699906269,0.17752591741813,0.406709795900877,0.0614708216395594,0.0599821676252913,0.294311297416142
"NAOBT2_Fiji","vitamin_a.mug","Vitamin A","Fiji",797.032666666667,38.67,19.17,2.67,3.17,9,"fringing","back reef",6.87,"restriction",0.473013002082483,1.70257786136782,0.00113289826486162,3.77361698487312,0.186426738382571,0.592734551678201,0.0542361322121395,0.159823079898464,0.00677949782862432
"NAOBT3_Fiji","vitamin_a.mug","Vitamin A","Fiji",1388.859,30,10.67,4.17,2.5,20.67,"fringing","back reef",4.67,"restriction",0.473013002082483,1.70257786136782,0.00113289826486162,3.7736169905782,0.228574201528322,0.49549222730173,0.115252534523424,0.12526555863728,0.035415478009244
"NC1_Fiji","vitamin_a.mug","Vitamin A","Fiji",3340.06333333333,6.67,11.67,16.33,12.67,7.33,"fringing","fore reef",7.23,"restriction",-0.264627886771199,1.34490650000883,8.03370482042936e-05,2.99738636124077,0.063137303825474,0.137324611586615,0.0482567327230191,0.0358316739040175,0.715449677960874
"NC2_Fiji","vitamin_a.mug","Vitamin A","Fiji",2868.60333333333,4.33,13,11.33,37,0,"fringing","fore reef",7.8,"restriction",-0.302063107176063,1.51824251314887,0.000140254467777423,3.30523340097973,0.166308821333424,0.384932102372029,0.0407329767043772,0.399603695618157,0.00842240397201257
"NF1_Fiji","vitamin_a.mug","Vitamin A","Fiji",2994.34,3.67,30.33,2,13,24,"fringing","fore reef",5.57,"restriction",-0.169804748032487,1.39559005298009,5.64546131770521e-05,3.28125958461378,0.0338027943987484,0.724180170427357,0.0264863981438283,0.212824999358596,0.00270563767147037
"NF3_Fiji","vitamin_a.mug","Vitamin A","Fiji",167.088333333333,4.67,6,12,11.67,19.67,"fringing","fore reef",3.3,"restriction",-0.169804748032487,1.39559005298009,5.64546131770521e-05,3.28125959052256,0.0788481046717185,0.39207456662656,0.369366664059316,0.159710664642406,0
"NF4_Fiji","vitamin_a.mug","Vitamin A","Fiji",1317.45666666667,3.67,15.33,4.67,3,46.67,"fringing","fore reef",3.23,"restriction",-0.169804748032487,1.39559005298009,5.64546131770521e-05,3.28125959052256,0.0389606847502838,0.348023613670665,0.00639867550388336,0.595107441678353,0.0115095843968149
"NP1_Fiji","vitamin_a.mug","Vitamin A","Fiji",671.759333333333,32,5.33,14.33,3.33,11.5,"fringing","fore reef",7.62,"restriction",-0.283635173172106,1.65222694724211,3.64792043747266e-05,2.67904678594664,0.157426276077083,0.518599394182019,0.0477849702933555,0.243085160229329,0.0331041992182135
"NS1_Fiji","vitamin_a.mug","Vitamin A","Fiji",3245.475,10.67,44,6,5.67,3,"fringing","fore reef",4.47,"restriction",0.482975179384918,1.82060014779348,0.00378860045443916,3.24689240403881,0.0631897013059499,0.900238447650054,0.0175927368489307,0.0182206354940734,0.00075847870099152
"NS3_Fiji","vitamin_a.mug","Vitamin A","Fiji",866.876666666667,3,26.33,21.67,0.33,18.33,"fringing","fore reef",5.5,"restriction",-0.169804748032487,1.39559005298009,5.64546131770521e-05,3.28125959006804,0.1066028660676,0.556133544562388,0.0586915066329002,0.278572082737111,0
"NT1_Fiji","vitamin_a.mug","Vitamin A","Fiji",217.25,1,4.33,4.33,9.67,18,"fringing","fore reef",6.2,"restriction",-0.169804748032487,1.39559005298009,5.64546131770521e-05,3.28125959006804,0.146033462525698,0.479115623919773,0.190969800329927,0.183881113224602,0
"NT2_Fiji","vitamin_a.mug","Vitamin A","Fiji",1953.81833333333,8.67,1,6.67,9,45.33,"fringing","fore reef",3,"restriction",-0.169804748032487,1.39559003551406,5.64546131770521e-05,3.28125957643238,0.0568228551868732,0.24857751920825,0.0101757963936839,0.684423829211193,0
"NT3_Fiji","vitamin_a.mug","Vitamin A","Fiji",630.606666666667,5,0.67,10.33,11.33,61.67,"fringing","fore reef",2,"restriction",-0.169804748032487,1.39559005298009,5.64546131770521e-05,3.28125959620408,0.0661327354536738,0.293562850395284,0.196505455433967,0.17431038898926,0.269488569727816
"NTRFN1_Fiji","vitamin_a.mug","Vitamin A","Fiji",682.827666666667,58.5,10.17,0,1,3.5,"fringing","fore reef",5.73,"restriction",0.507760775070823,2.72054034913641,0.0333413121355599,3.24258482104384,0.410700509016307,0.322698441220432,0.0697020174401266,0.103492420192981,0.0934066121301539
"NTRFN7_Fiji","vitamin_a.mug","Vitamin A","Fiji",1349.97033333333,25.17,12.83,0,27.83,17.5,"fringing","fore reef",5.32,"restriction",0.507760775070823,2.72054032268835,0.0333413121355599,3.24258479471054,0.450399546802048,0.34786840681639,0.134659559210148,0.0670724871714144,0
"NTRFT4_Fiji","vitamin_a.mug","Vitamin A","Fiji",1379.801,41.83,17.67,0,1.5,22.5,"fringing","fore reef",5.72,"restriction",0.539460643116425,2.77300135902005,0.0425144785553929,3.02567817092436,0.469899860611479,0.249011869802365,0.123497045164061,0.0701128354059159,0.0874783890161791
"NTRFT5_Fiji","vitamin_a.mug","Vitamin A","Fiji",1685.60533333333,44.5,22.33,0,1.5,15.83,"fringing","fore reef",6.1,"restriction",0.539460643116425,2.77300137733151,0.0425144785553929,3.02567818852687,0.256301252049201,0.519174470780137,0.0185172160039228,0.0707907213717818,0.135216339794958
"NTRFT7_Fiji","vitamin_a.mug","Vitamin A","Fiji",1765.06666666667,31.83,11,0,18,8.5,"fringing","fore reef",5.53,"restriction",0.539460643116425,2.77300135535776,0.0425144785553929,3.02567816724011,0.140242351152904,0.168799042478231,0.0180387045071438,0.0393166633617427,0.633603238499979
"NTRFT8_Fiji","vitamin_a.mug","Vitamin A","Fiji",1624.508,38.33,14.5,0,5.5,7.17,"fringing","fore reef",4.73,"restriction",0.507760775070823,2.72054033673888,0.0333413121355599,3.2425848088709,0.277712419417727,0.198971261108195,0.119363974092879,0.099429879167519,0.30452246621368
"NV1_Fiji","vitamin_a.mug","Vitamin A","Fiji",399.763333333333,17,38.67,4.67,10.67,5,"fringing","fore reef",6,"restriction",-0.207662950986604,0,0,3.35643994432316,0.218206065445276,0.336861075772733,0.00944924844115741,0.197065731716914,0.238417878623919
"NV4_Fiji","vitamin_a.mug","Vitamin A","Fiji",644.57,18,24,9,2.67,6.33,"fringing","fore reef",5.17,"restriction",-0.166825466540717,0,0,3.40095438431897,0.0443370620164799,0.539936897034507,0.00514295083177524,0.347854067375165,0.0627290227420733
"TF1_Fiji","vitamin_a.mug","Vitamin A","Fiji",403.323333333333,3.67,53.67,5,9.33,13.33,"fringing","fore reef",4.27,"restriction",0.482975179384918,1.82060014779348,0.00378860045443916,3.24689240403881,0.0206977966438361,0.94295177483686,0.0250253309956203,0.00154774230231751,0.00977735522136641
"TF2_Fiji","vitamin_a.mug","Vitamin A","Fiji",573.603333333333,10.33,41.33,0.33,6.33,15.33,"fringing","fore reef",7.5,"restriction",0.482975179384918,1.82060014779348,0.00378860045443916,3.24689240403881,0.0944419797868523,0.707143534636593,0.198414485576555,0,0
"TF3_Fiji","vitamin_a.mug","Vitamin A","Fiji",632.75,5.67,42.67,2.33,17.33,15.67,"fringing","fore reef",4,"restriction",-0.302063107176063,1.51824251314887,0.000140254467777423,3.30523340248512,0.175989186207819,0.571091846718204,0.235593089027064,0.00663649175870413,0.0106893862882078
"TF4_Fiji","vitamin_a.mug","Vitamin A","Fiji",5739.98333333333,3,35.33,19.33,22,0,"fringing","fore reef",6.5,"restriction",-0.302063107176063,1.51824251314887,0.000140254467777423,3.30523339689368,0.714606406300299,0.11381479023122,0.0450267639852797,0.124481054209287,0.00207098527391442
"TF5_Fiji","vitamin_a.mug","Vitamin A","Fiji",1633.13166666667,5.33,34,37.67,2.33,1.67,"fringing","fore reef",5.77,"restriction",-0.302063107176063,1.51824249998021,0.000140254467777423,3.30523338721617,0.167187846741624,0.720855367494491,0.020040106665966,0.0697261645167345,0.0221905145811846
"TT1_Fiji","vitamin_a.mug","Vitamin A","Fiji",1949.26833333333,8,52.67,17.67,6.67,1.67,"fringing","fore reef",7.53,"restriction",-0.302063107176063,1.51824252631754,0.000140254467777423,3.30523341409813,0.342516253738963,0.0794687193121692,0.0344252406739218,0.543589786274946,0
"TT2_Fiji","vitamin_a.mug","Vitamin A","Fiji",1962.76333333333,10,44.67,14.33,7.67,0.33,"fringing","fore reef",5,"restriction",-0.302063107176063,1.51824252631754,0.000140254467777423,3.3052334147433,0.769498348305175,0.15692925615731,0.0447143310876656,0.0288580644498501,0
"TT3_Fiji","vitamin_a.mug","Vitamin A","Fiji",733.626666666667,3.67,46,14.33,4,11.33,"fringing","fore reef",6.87,"restriction",-0.302063107176063,1.51824249998021,0.000140254467777423,3.30523339345279,0.172509167108098,0.304414328815581,0.0551783846455478,0.357687592071966,0.110210527358807
"V1_Fiji","vitamin_a.mug","Vitamin A","Fiji",1474.06833333333,8.67,2.33,19.67,15,25,"fringing","fore reef",3.9,"restriction",-0.210269848565267,1.44717703131018,6.68762008777872e-05,3.02909478521213,0.126538274983122,0.590433023035685,0.0379981769831241,0.24144203511012,0.00358848988794933
"V2_Fiji","vitamin_a.mug","Vitamin A","Fiji",1560.71333333333,12.67,7.33,1,29,25,"fringing","fore reef",6.67,"restriction",-0.210269848565267,1.44717704682002,6.68762008777872e-05,3.02909480308286,0.172333913326416,0.539169422647595,0.0524099069729711,0.236086757053017,0
"V3_Fiji","vitamin_a.mug","Vitamin A","Fiji",458.205,8.67,2.67,24.67,3.67,10.67,"fringing","fore reef",3.97,"restriction",-0.207662950986604,0,0,3.3564399741405,0.229705804479678,0.628499749806046,0.128532016038085,0.0132624296761909,0
"V4_Fiji","vitamin_a.mug","Vitamin A","Fiji",1096.23333333333,14.33,19.67,5.67,3.33,28,"fringing","fore reef",7.17,"restriction",-0.130163623535747,1.36412035199545,8.68580278028723e-06,2.40434460866772,0.0976691554804782,0.446319342056035,0.00396546374262019,0.0388374572006309,0.413208581520236
"V5_Fiji","vitamin_a.mug","Vitamin A","Fiji",583.515,8,28,11.33,8.67,5,"fringing","fore reef",6.2,"restriction",-0.207662950986604,0,0,3.35643995464455,0.19020711244246,0.46607058235287,0.0588138055578026,0.284908499646868,0
"V6_Fiji","vitamin_a.mug","Vitamin A","Fiji",653.881666666667,6.67,29,6.67,2.33,9.33,"fringing","fore reef",5.7,"restriction",-0.207662950986604,0,0,3.35643994413202,0.0560425461905329,0.592960466877176,0.020814015115049,0.194340886644199,0.135842085173044
"VIR1_Fiji","vitamin_a.mug","Vitamin A","Fiji",2968.633,37.17,2.5,1.33,8.33,11.33,"barrier","fore reef",8.77,"no-take",0.322632711692223,0,0.00010942842203743,0.310436907357888,0.0549369388157627,0.364166591831922,0.0141992300568582,0.36913801483231,0.197559224463147
"VIR10_Fiji","vitamin_a.mug","Vitamin A","Fiji",1445.23966666667,3.33,10,0.83,2,67.5,"barrier","fore reef",8.37,"restriction",0.52890269469723,2.1221497195318,0.0139102498205329,0,0.246717767527693,0.356530240440066,0.0510062902634468,0.133547522203038,0.212198179565755
"VIR11_Fiji","vitamin_a.mug","Vitamin A","Fiji",2500.508,7.5,6,2.33,11.33,49.83,"barrier","fore reef",7.42,"restriction",0.441576689819574,1.51417760794607,0.00793331606358139,0,0.137157054533855,0.201021149390132,0.0313431132682599,0.206208591475467,0.424270091332286
"VIR2_Fiji","vitamin_a.mug","Vitamin A","Fiji",2085.09866666667,39,13.17,4,6.83,3.17,"barrier","fore reef",8.38,"no-take",0.32263250508205,0,0.00010942842203743,0.310436907357888,0.0601979797067579,0.604828814817924,0.00893569053181944,0.234325101875807,0.0917124130676921
"VIR3_Fiji","vitamin_a.mug","Vitamin A","Fiji",1920.03083333333,37.5,17.83,1.5,8,4.83,"barrier","fore reef",8.43,"no-take",0.322632711692223,0,0.00010942842203743,0.310436907357888,0.106116764891392,0.276526035625529,0.00881897798363074,0.540275575562044,0.068262645937404
"VIR5_Fiji","vitamin_a.mug","Vitamin A","Fiji",2847.69366666667,14.17,23.5,3.17,9.33,19.17,"barrier","fore reef",8.15,"no-take",0.369567048477107,0.0192251621146958,0.000735939540833511,0.310436907357888,0.0550679818898255,0.525466233201363,0.0170777566569932,0.159585009138198,0.24280301911362
"VIR6_Fiji","vitamin_a.mug","Vitamin A","Fiji",2154.14333333333,9.83,22,1.83,5.33,42.33,"barrier","fore reef",10.62,"restriction",0.52890269469723,2.12214969002806,0.0139102498205329,0,0.0319464246705348,0.18126254529369,0.010561024529001,0.0255828024015754,0.750647203105199
"VIR7_Fiji","vitamin_a.mug","Vitamin A","Fiji",4777.501,6.67,7.83,4,2.83,41.17,"barrier","fore reef",10.07,"restriction",0.474338519709304,1.63933012507053,0.00792691951868388,0,0.0272808279361389,0.181069705073952,0.0052535652704042,0.316069311597467,0.470326590122038
"VIR8_Fiji","vitamin_a.mug","Vitamin A","Fiji",1588.44666666667,15.17,19.17,1.17,3.83,40.5,"barrier","fore reef",8.87,"no-take",0.474338519709304,1.63933012507053,0.00792691951868388,0,0.0735254453329752,0.305871320414005,0.0198735057759585,0.118060234734027,0.482669493743035
"VIR9_Fiji","vitamin_a.mug","Vitamin A","Fiji",3100.86833333333,12.5,16.67,0.5,11.33,32.67,"barrier","fore reef",8.17,"no-take",0.411920409680825,0.761202306569048,0.00253192494542939,0.310436907357888,0.0900895047068593,0.45050002539018,0.0434526927485354,0.0351682931070693,0.380789484047356
"Vatu01_Fiji","vitamin_a.mug","Vitamin A","Fiji",523.576666666667,12.33,6,13.33,21,4.67,"lagoon","back reef",1,"restriction",-2.1670442493954,0,0,1.23884845484587,0.0852779535680119,0.617430031882551,0.00143637480875787,0.286564515712711,0.00929112402796869
"Vatu02_Fiji","vitamin_a.mug","Vitamin A","Fiji",6121.28333333333,46.67,4.33,2,1,29,"fringing","fore reef",11,"restriction",-2.1670442493954,0,0,1.23884842978848,0.17841688434884,0.498389728046694,0.0124266959559103,0.254686759445183,0.056079932203372
"Vatu03_Fiji","vitamin_a.mug","Vitamin A","Fiji",2676.795,36,30.33,1,9.67,1.33,"fringing","fore reef",9.97,"restriction",-2.1670442493954,0,0,1.23884845484587,0.11194219852441,0.106749238449694,0.0179396403908145,0.675717911022643,0.0876510116124386
"Vatu04_Fiji","vitamin_a.mug","Vitamin A","Fiji",3361.30666666667,34.67,18.33,1.67,9.33,2.67,"fringing","fore reef",10,"restriction",-2.1670442493954,0,0,1.23884845484587,0.508248234277842,0.0702317359190774,0.0972970838781032,0.264486094972044,0.0597368509529339
"Vatu05_Fiji","vitamin_a.mug","Vitamin A","Fiji",1285.61666666667,20.33,1.67,1,22,2.67,"fringing","fore reef",10.67,"restriction",-2.1670442493954,0,0,1.23884845484587,0.110579446096736,0.550547315404459,0.123415891209865,0.164914988123858,0.0505423591650817
"Vatu06_Fiji","vitamin_a.mug","Vitamin A","Fiji",741.411666666667,21,1.33,26.67,8.33,13,"fringing","fore reef",10,"restriction",-2.1670442493954,0,0,1.23884845484587,0.175776792120078,0.35046145463638,0.188648429352768,0.2788839093487,0.00622941454207367
"WaiE2_Fiji","vitamin_a.mug","Vitamin A","Fiji",463.941333333333,19,12.33,7,7.33,15,"patch","fore reef",7.33,"restriction",1.28149093162505,1.70394458153911,0.0107603022295112,2.43653758672149,0.458738751385866,0.230354179852157,0.0799702069679185,0.22195341646299,0.00898344533106794
"WaiE3_Fiji","vitamin_a.mug","Vitamin A","Fiji",334.189666666667,10.33,1.67,0.67,10.67,18,"patch","fore reef",5.3,"restriction",1.17724668121557,1.54527130734767,0.00621908740264691,2.69446356952045,0.235311440747886,0.321740296578754,0.0665641040434331,0.376384158629927,0
"WaiE4_Fiji","vitamin_a.mug","Vitamin A","Fiji",406.525666666667,18,1.67,1,3,37,"fringing","fore reef",5.9,"restriction",1.17724671009161,1.54527133209584,0.00621908740264691,2.69446358531813,0.152019848348337,0.239990219092228,0.0670470175453123,0.0729592995447668,0.467983615469356
"WaiE5_Fiji","vitamin_a.mug","Vitamin A","Fiji",276.487333333333,10,22,15,1,8.67,"patch","fore reef",6.03,"restriction",1.28462843383306,1.80336540564203,0.0109047484434043,3.45978624340369,0.14855316665114,0.548498634241575,0.044736567193285,0.220798721200567,0.0374129107134336
"WaiE6_Fiji","vitamin_a.mug","Vitamin A","Fiji",157.035,21.67,11.67,26.67,0.33,6.33,"patch","fore reef",5.83,"restriction",1.28462843383306,1.80336538515211,0.0109047484434043,3.4597862241192,0.434621973770398,0.36827633132786,0.0450528453790977,0.152048849522644,0
"Yac01_Fiji","vitamin_a.mug","Vitamin A","Fiji",1008.32833333333,37,1.33,10.33,6,9.33,"fringing","fore reef",10.5,"restriction",-3.44611697335613,0.365481994580871,0,2.16727715621853,0.33303315621389,0.330230055293398,0.258499363526647,0.0782374249660638,0
"Yac02_Fiji","vitamin_a.mug","Vitamin A","Fiji",964.62,34,1,9.67,10,9.33,"fringing","fore reef",11,"restriction",-3.44249279809434,0.423210801192671,0,2.23390428581903,0.126839572297074,0.235965833991664,0.146244737583954,0.482238824218341,0.0087110319089658
"Yac03_Fiji","vitamin_a.mug","Vitamin A","Fiji",1094.72,10.67,9.33,1.67,54,0.67,"fringing","fore reef",10.17,"restriction",-3.44249279809434,0.423210801192671,0,2.2339043010256,0.103159173921569,0.17048886789137,0.125965610875708,0.504756225709569,0.0956301216017839
"Yac04_Fiji","vitamin_a.mug","Vitamin A","Fiji",533.523333333333,15.33,30,6.67,16.33,2.33,"fringing","fore reef",10.1,"restriction",-3.44249279809434,0.329036461101657,0,2.21686170741671,0.130859891668841,0.217277758511748,0.245455514139327,0.109767186067153,0.296639649612932
"Yac05_Fiji","vitamin_a.mug","Vitamin A","Fiji",174.396666666667,2,10.33,0.67,12,32.33,"lagoon","back reef",3.4,"restriction",-3.44249279809434,0.423210801192671,0,2.2339042655436,0.297189300034948,0.618892727313668,0.0693033737174279,0.0146145989339557,0
"Yac06_Fiji","vitamin_a.mug","Vitamin A","Fiji",754.87,34.67,6.67,4,19.33,0,"fringing","fore reef",9.67,"restriction",-3.44249279809434,0.415618797622258,0,2.23390429849117,0.159419230045606,0.618946042780977,0.110590149372325,0.0872739110856715,0.0237706667154205
"Yac07_Fiji","vitamin_a.mug","Vitamin A","Fiji",3287.54,34.33,22,12,5.33,0,"fringing","fore reef",9.53,"restriction",-3.44249279809434,0.415618797622258,0,2.23390427821574,0.420933385550085,0.149683948144139,0.0957135193220544,0.187827837203453,0.145841309780269
"Yac08_Fiji","vitamin_a.mug","Vitamin A","Fiji",1320.52333333333,20,15.67,2.67,19.67,1,"fringing","fore reef",9.8,"restriction",-3.44249279809434,0.415618797622258,0,2.23390425794032,0.100473829533521,0.498444424118851,0.0261653576867533,0.347556059661847,0.0273603289990277
"Yac09_Fiji","vitamin_a.mug","Vitamin A","Fiji",2756.73333333333,30,11,7.33,8,0.67,"fringing","fore reef",11.13,"restriction",-3.44249279809434,0.397101184481657,0,2.21686170741671,0.238603434783265,0.209502179506475,0.177778526111031,0.335170852063578,0.0389450075356511
"Yac11_Fiji","vitamin_a.mug","Vitamin A","Fiji",60.7616666666667,25,9.67,8.67,5,5.33,"lagoon","back reef",4.43,"restriction",-3.44249279809434,0.329036461101657,0,2.21686168896568,0.247792451856058,0.142511042833648,0.260844038547244,0.326565139169065,0.0222873275939856
"Yac13_Fiji","vitamin_a.mug","Vitamin A","Fiji",1598.84666666667,20.33,8,10.67,28.33,0,"fringing","fore reef",10.5,"restriction",-3.44249279809434,0.415618797622258,0,2.23390427568132,0.0612612133787461,0.483545650969213,0.015557785504016,0.365098971904598,0.0745363782434276
"Yac15_Fiji","vitamin_a.mug","Vitamin A","Fiji",1183.33166666667,26,19.33,23,1,0,"fringing","fore reef",9.5,"restriction",-3.44249279809434,0.415618797622258,0,2.23390428075017,0.0938377922486486,0.410721257473096,0.0528632083490783,0.336304189157151,0.106273552772026
"Yac16_Fiji","vitamin_a.mug","Vitamin A","Fiji",1955.32333333333,31.33,9.67,27.33,0.67,1,"fringing","fore reef",8.9,"restriction",-3.44249279809434,0.423210801192671,0,2.23390427568132,0.143002289081144,0.518870539615452,0.0458251157992165,0.269107124810701,0.0231949306934855
"Yac17_Fiji","vitamin_a.mug","Vitamin A","Fiji",128.97,4,1,14.67,1,7.33,"lagoon","fore reef",1,"restriction",-3.44249279809434,0.423210801192671,0,2.23390427314689,0.441611498727728,0.189163866071529,0.0942570225613914,0.252734543777584,0.0222330688617681
"Yac18_Fiji","vitamin_a.mug","Vitamin A","Fiji",1131.13833333333,21,4.67,20,2,22,"lagoon","fore reef",1.9,"restriction",-3.44249279809434,0.423210801192671,0,2.2339042478026,0.227675065929257,0.405345063581899,0.0548075216423466,0.312172348846497,0
"Yac19_Fiji","vitamin_a.mug","Vitamin A","Fiji",1258.05,17.33,6,12.67,22,0.67,"fringing","fore reef",8.83,"restriction",-3.44249279809434,0.329036461101657,0,2.21686168896568,0.200633299761438,0.0671899821745962,0.181418347507089,0.543063375989726,0.00769499456715076
"Yac20_Fiji","vitamin_a.mug","Vitamin A","Fiji",417.881666666667,33,0.67,6.33,4.33,21,"fringing","fore reef",10,"restriction",-3.44249279809434,0.423210801192671,0,2.23390429088789,0.178140353839301,0.303088621512132,0.188209111432161,0.170806985042803,0.159754928173604
"Yac21_Fiji","vitamin_a.mug","Vitamin A","Fiji",2141.50833333333,26,2.67,3.33,40.33,1,"fringing","fore reef",9.9,"restriction",-3.44249279809434,0.423210801192671,0,2.23390427314689,0.0280753892402502,0.346037804568915,0.0614274197121073,0.500215609988133,0.0642437764905945
"Ambarinidada_11_Madagascar","vitamin_a.mug","Vitamin A","Madagascar",229.09,41,5,37,0,0,"fringing","fore reef",3,"restriction",0.190188217197462,1.88737425808086,0.00757624473730114,3.08759238086983,0.237564972248571,0.533395065246118,0.0211163629915112,0.190817483960212,0.0171061155535872
"Ambato_04_Madagascar","vitamin_a.mug","Vitamin A","Madagascar",276.79,32.5,19.5,12,0,0,"fringing","fore reef",10,"no-take",0.3245112743743,2.91390714364728,0.00170213447254418,3.62699041209403,0.625679413717575,0.131084695888843,0.0522597274155572,0.10646787254125,0.0845082904367744
"Ambato_05_Madagascar","vitamin_a.mug","Vitamin A","Madagascar",342.45,53.5,2,3.5,0,0,"fringing","fore reef",11,"restriction",0.3245112743743,2.91390714205874,0.00170213447254418,3.62699041086383,0.200000369094471,0.409030339368496,0.0549206412113579,0.168871230615922,0.167177419709753
"Ambatofisaka_19_Madagascar","vitamin_a.mug","Vitamin A","Madagascar",517.2425,6.5,5.33333333333333,28,31.3333333333333,2,"patch","fore reef",3.8,"restriction",-0.37940697862092,1.57317595454219,0.00483577248362384,1.40580527772578,0.0687179498896233,0.862357362652455,0.00496883040500423,0.0324785135241265,0.0314773435287912
"Ambatomilay_18_Madagascar","vitamin_a.mug","Vitamin A","Madagascar",1821.31,26,17.5,33.1666666666667,0.833333333333333,2.66666666666667,"patch","fore reef",5.6,"no-take",-0.37940697862092,1.57317595454219,0.00483577248362384,1.40580527772578,0.0214601677721919,0.512855112411861,0.00460027533677812,0.0267211135805648,0.434363330898604
"Amparimilay_10_Madagascar","vitamin_a.mug","Vitamin A","Madagascar",332.125,56.1666666666667,3.5,26.5,0,6.66666666666667,"fringing","fore reef",4,"restriction",0.195284842886068,0.96104145448031,0.00209475382359273,3.18763010161092,0.440075385677722,0.217088365534271,0.0383787655965451,0.23580449500859,0.0686529881828716
"Andra_06_Madagascar","vitamin_a.mug","Vitamin A","Madagascar",213.31,1,6.5,3.5,0.5,0,"barrier","fore reef",10,"no-take",0.4095410674711,0.437761182300146,0.0102609362420578,2.35710786058689,0.00401911418127389,0.551155147420472,0.120085410758952,0.186597470332203,0.138142857307099
"Andravona_08_Madagascar","vitamin_a.mug","Vitamin A","Madagascar",1239.8,23.5,7,5,0,0,"barrier","fore reef",10,"restriction",0.4095410674711,0.437761182300146,0.0102609362420578,2.35710782241827,0.242506090694478,0.202875221408795,0.028516283879804,0.283062455437813,0.243039948579111
"Andravona_12_Madagascar","vitamin_a.mug","Vitamin A","Madagascar",1171.01,34,3,2.5,0,0,"barrier","fore reef",10,"restriction",0.306195487841947,0.450920667239613,0.0121793819720125,2.42828416888001,0.0787870695897359,0.0857668836548311,0.00964471472608815,0.326147813414005,0.49965351861534
"Andre_07_Madagascar","vitamin_a.mug","Vitamin A","Madagascar",56.58,10.5,5,6,0,0,"barrier","fore reef",10,"no-take",0.306195487841947,0.450920513472408,0.0121793819720125,2.42828415430051,0.0145071547300766,0.493271606486515,0.0219289281285827,0.466716984478807,0.00357532617601843
"Anir_23_Madagascar","vitamin_a.mug","Vitamin A","Madagascar",1053.7,45.5,21,18,0,0,"fringing","pinnacle",3,"no-take",0.164298714330546,3.57986126621072,0.0277999801829769,4.10873818182259,0.265295025204777,0.0467257719968086,0.00284589875491595,0.685133304043499,0
"Anir_24_Madagascar","vitamin_a.mug","Vitamin A","Madagascar",361.48,27,60,2,0,0,"fringing","pinnacle",3,"restriction",0.164298714330546,3.57986128060844,0.0277999801829769,4.10873819622568,0.544989526834756,0.395711780616943,0,0.0592986925483011,0
"Anka_01_Madagascar","vitamin_a.mug","Vitamin A","Madagascar",366.72,23,6.5,1.5,0,0,"barrier","fore reef",9,"restriction",0.668429250779931,0.8766211659568,0.00635050026994822,3.35926704420885,0.26822157560893,0.270818201642874,0.18362033994222,0.115466231451659,0.161873651354317
"Ankarea_03_Madagascar","vitamin_a.mug","Vitamin A","Madagascar",897.94,58.8333333333333,3.5,14.5,1.33333333333334,4.33333333333333,"fringing","fore reef",5.33333333333333,"no-take",0.220426366796386,0.623684917376674,0.00173847098940988,2.53677443268281,0.280634874784491,0.237473753941586,0.066077882366234,0.0735964751446869,0.342217013763002
"Ankarea_03_Madagascar","vitamin_a.mug","Vitamin A","Madagascar",615.5,41.5,9.5,22.5,4,12,"fringing","fore reef",4,"open-access",0.220426366796386,0.623684917376674,0.00173847098940988,2.53677443268281,0.280634874784491,0.237473753941586,0.066077882366234,0.0735964751446869,0.342217013763002
"Ankaso_15_Madagascar","vitamin_a.mug","Vitamin A","Madagascar",819.51,31.8333333333333,1,18.3333333333333,3.33333333333333,3.33333333333333,"fringing","fore reef",6.86666666666667,"no-take",-0.22010206007448,1.41948706863103,0.00604266625312494,2.33664957910494,0.137261422066699,0.201270231336011,0.0337518434317637,0.240013255110928,0.387703248054599
"Ankivonjy_14_Madagascar","vitamin_a.mug","Vitamin A","Madagascar",607.3275,68.3333333333333,0.666666666666667,7.5,0.333333333333333,2.16666666666667,"fringing","fore reef",9.2,"no-take",-0.236389341661125,0,0,2.72743294642026,0.152513604865854,0.135825431415633,0.0277097297377311,0.0959318486593838,0.588019385321398
"Anta_08_Madagascar","vitamin_a.mug","Vitamin A","Madagascar",268.83,52,8.5,13,0,0,"fringing","fore reef",9,"no-take",-0.984359469249791,1.15084875215492,4.90725039108237e-05,2.14112857776538,0.236376424633875,0.100760544042784,0,0.662863031323341,0
"Anta_09_Madagascar","vitamin_a.mug","Vitamin A","Madagascar",182.7,36,7,2.5,0,0,"fringing","fore reef",9,"restriction",0.345548197582234,2.45047626192034,0.00104755675753005,3.46803620077116,0.121034997578119,0.233079041240494,0.0315027072289583,0.614383253952429,0
"Antanambe_13_Madagascar","vitamin_a.mug","Vitamin A","Madagascar",255.63,38,0.5,13.5,0,0,"fringing","fore reef",11,"restriction",0.335473948225945,2.18627659036935,0.000795333085038263,3.50021052989678,0.530203950948026,0.203123016737049,0.0241241810962898,0.220065027471953,0.0224838237466818
"Antanambe_14_Madagascar","vitamin_a.mug","Vitamin A","Madagascar",745.23,48.5,13.5,8,0.5,0,"fringing","fore reef",9,"restriction",0.307747128723878,2.13369116576022,0.000619296462665888,3.35989816756043,0.270750625725177,0.330503675948229,0.065963481302771,0.287962500480118,0.0448197165437055
"Antanambe_15_Madagascar","vitamin_a.mug","Vitamin A","Madagascar",1347.99,45.5,0,44.5,0,0.5,"fringing","fore reef",4,"no-take",0.307747128723878,0,0,3.72533462028454,0.147555700618436,0.157702377501251,0.0101723856776306,0.656940429842915,0.0276291063597669
"Antsa_09_Madagascar","vitamin_a.mug","Vitamin A","Madagascar",341.31,6,68.5,0.5,15.5,0,"barrier","fore reef",10,"open-access",0.930600641260254,1.18159785633588,0.00440478471223472,3.19597352183097,0.0585568437027173,0.600668505168629,0.0705533923083895,0.00610233742451716,0.264118921395747
"Antsi_20_Madagascar","vitamin_a.mug","Vitamin A","Madagascar",746.44,60,3,21.5,0,0,"fringing","fore reef",8,"no-take",0.189002124866062,3.3077400657316,0.0213410688096841,4.03827728993596,0.250078578877122,0.0706320330299721,0.0173701303302611,0.285085943672981,0.376833314089663
"Antsi_22_Madagascar","vitamin_a.mug","Vitamin A","Madagascar",47.51,55.5,10.5,15.5,0,0,"fringing","fore reef",8,"restriction",0.189002124866062,3.30774004563271,0.0213410688096841,4.03827726973505,0,1,0,0,0
"Antsoa_07_Madagascar","vitamin_a.mug","Vitamin A","Madagascar",2079.96,55,0.166666666666666,13.8333333333333,9.33333333333335,5.83333333333335,"fringing","fore reef",5.6,"no-take",0.119714362489963,1.2672329713443,0.00473740915839478,2.56842118686096,0.153783415103566,0.0750160416900881,0.0108728307014501,0.319015413723644,0.441312298781252
"Antsoa_07_Madagascar","vitamin_a.mug","Vitamin A","Madagascar",698.19,23,0.5,14.5,14,17.5,"fringing","fore reef",4.8,"open-access",0.119714362489963,1.2672329713443,0.00473740915839478,2.56842118686096,0.153783415103566,0.0750160416900881,0.0108728307014501,0.319015413723644,0.441312298781252
"Beangovo_04_Madagascar","vitamin_a.mug","Vitamin A","Madagascar",1958.6,35.6666666666667,0,13.5,4.33333333333333,5,"fringing","fore reef",5.66666666666667,"no-take",0.0404781252051587,0.00152733064374875,0.000557710157162506,1.36533316501109,0.127935816983943,0.259137560646377,0.00823897998500355,0.284012885782568,0.320674756602108
"Beangovo_04_Madagascar","vitamin_a.mug","Vitamin A","Madagascar",3376.695,41,0,16.5,10,15,"fringing","fore reef",7,"open-access",0.0404781252051587,0.00152733064374875,0.000557710157162506,1.36533316501109,0.127935816983943,0.259137560646377,0.00823897998500355,0.284012885782568,0.320674756602108
"Beko_03_Madagascar","vitamin_a.mug","Vitamin A","Madagascar",188.79,29.5,10.5,1.5,0,0,"patch","fore reef",10,"restriction",0.48827383602803,0.46980111045249,0.00803607430368412,2.35393218744086,0.283310851546936,0.246782409100682,0.160160335567209,0.110853349423791,0.198893054361381
"Belo_04_Madagascar","vitamin_a.mug","Vitamin A","Madagascar",227.79,41.5,4,12.5,0,0,"patch","fore reef",6,"no-take",0.48827383602803,0.46980111045249,0.00803607430368412,2.35393218551842,0.412790795050408,0.159621555658371,0.29975169670162,0.105890421585727,0.0219455310038744
"Iha_01_Madagascar","vitamin_a.mug","Vitamin A","Madagascar",221.52,67,0,29.5,0,0,"fringing","fore reef",4,"open-access",-0.091703752582849,3.14503092176004,0.0295615179287754,3.86257906353293,0.193694430376074,0.709801580104686,0.0393805481699238,0.0571234413493158,0
"Iha_02_Madagascar","vitamin_a.mug","Vitamin A","Madagascar",169.11,37,1,47,0,0.5,"fringing","fore reef",4,"open-access",-0.091703752582849,3.34134703936137,0.0456053739959472,3.80581131251149,0.0315824267259354,0.896653890472005,0.036365957407375,0.0353977253946848,0
"Imor_18_Madagascar","vitamin_a.mug","Vitamin A","Madagascar",824.62,48,3,21,0,0,"fringing","fore reef",8,"restriction",0.199842356410181,3.00247723654619,0.0133281636889953,3.52997919999518,0.148119488928247,0.206593203576413,0.0155396865560601,0.459478231936721,0.170269389002559
"Imor_19_Madagascar","vitamin_a.mug","Vitamin A","Madagascar",982.61,44.5,5.5,35,0,0,"fringing","fore reef",7,"no-take",0.189002124866062,3.30774005418543,0.0213410688096841,4.03827727820512,0.555669144935423,0.252809639091311,0.0103773253400721,0.0955358006753971,0.0856080899577967
"Imor_21_Madagascar","vitamin_a.mug","Vitamin A","Madagascar",384.2,41.5,23.5,8,0.5,0,"fringing","fore reef",7,"restriction",0.189002124866062,3.30774004285307,0.0213410688096841,4.038277267031,0.583882605707015,0.373685154781252,0.011845707107849,0.0305865324038841,0
"Kisimani_16_Madagascar","vitamin_a.mug","Vitamin A","Madagascar",339.0425,28.59375,8.78125,31.875,0,0.90625,"fringing","fore reef",4.9375,"no-take",-0.19290760956083,2.5511612559888,0.0151429732760217,3.04708440171115,0.185224114556755,0.339643012716844,0.0225766415321333,0.288302981497545,0.164253249696723
"Madiro_17_Madagascar","vitamin_a.mug","Vitamin A","Madagascar",410.1375,30.3333333333333,9.83333333333333,38.3333333333333,1.16666666666667,1.33333333333333,"fringing","fore reef",3.56666666666667,"restriction",-0.211399671224856,2.16028800477898,0.0120036761670675,2.86279632607602,0.0900787156383436,0.438462314609812,0.0203631801278253,0.150073808269258,0.301021981354761
"Maintim_27_Madagascar","vitamin_a.mug","Vitamin A","Madagascar",667.82,84,9,1,0,0,"fringing","pinnacle",3,"no-take",0.0626195838543416,2.96196864517536,0.01166177538365,3.2817053990976,0.228192176583518,0.510431113701185,0.0528032298095747,0.208573479905722,0
"Maintim_28_Madagascar","vitamin_a.mug","Vitamin A","Madagascar",214.95,15,56.5,8.5,0,0,"fringing","pinnacle",3,"restriction",0.0626195838543416,2.96196864280516,0.01166177538365,3.28170539660029,0.0861822713890842,0.216638796807796,0,0.69717893180312,0
"Malo_02_Madagascar","vitamin_a.mug","Vitamin A","Madagascar",258.28,26,23.5,17.5,0,0,"fringing","fore reef",10,"restriction",0.357861505994281,3.00560386551922,0.0020640662006113,3.35327833950096,0.341823082442198,0.237514823307102,0.0486535214353243,0.372008572815376,0
"Malo_03_Madagascar","vitamin_a.mug","Vitamin A","Madagascar",296.19,53,2.5,13.5,0,0,"fringing","fore reef",10,"no-take",0.3245112743743,2.91390712935041,0.00170213447254418,3.62699039784423,0.19440524751806,0.337698860222748,0.0374410478143254,0.396492309968434,0.0339625344764325
"Manam_06_Madagascar","vitamin_a.mug","Vitamin A","Madagascar",790.21,51,6.5,9.5,0,0,"fringing","fore reef",8,"restriction",0.270817452263233,2.65620297671553,0.0107902967738949,3.58856544727349,0.196554145115727,0.349513373096276,0.0175910772936351,0.424178383749845,0.0121630207445169
"Manam_07_Madagascar","vitamin_a.mug","Vitamin A","Madagascar",559.15,38.5,16.5,10,0,0,"fringing","fore reef",9,"no-take",0.270817452263233,2.65620297671553,0.0107902967738949,3.58856544727349,0.349575726909292,0.328853992271598,0.0653969756692703,0.256173305149839,0
"Mand_10_Madagascar","vitamin_a.mug","Vitamin A","Madagascar",567.59,34.5,39,8,0,0,"fringing","fore reef",10,"no-take",0.335473948225945,2.18627659885391,0.000795333085038263,3.5002105388193,0.0458997376332246,0.0502726023407669,0.0172095681440696,0.886618091881939,0
"Mand_11_Madagascar","vitamin_a.mug","Vitamin A","Madagascar",348.98,72,7,11.5,0,0,"fringing","fore reef",8,"restriction",0.335473948225945,2.18627658471299,0.000795333085038263,3.5002105239942,0.239823005393898,0.522756237737218,0.0281617901316141,0.20925896673727,0
"Mand_12_Madagascar","vitamin_a.mug","Vitamin A","Madagascar",522.16,40,8.5,9,0,0,"fringing","fore reef",8,"restriction",0.335473948225945,2.18627657905662,0.000795333085038263,3.50021051740527,0.410217967321861,0.137652166755122,0.0555078270887519,0.357567934801444,0.0390541040328207
"Marofot_01_Madagascar","vitamin_a.mug","Vitamin A","Madagascar",170.26,52.5,3,8.5,0,11,"fringing","fore reef",7.8,"open-access",-0.461730479383868,0,0,3.70822324828595,0.219562059923327,0.492650018202352,0.00772066586398639,0.280067256010335,0
"Marofot_02_Madagascar","vitamin_a.mug","Vitamin A","Madagascar",124.34,58,21,6,0,1,"fringing","fore reef",7,"open-access",-0.216904330884035,1.76537499019205,0.00188767837803001,3.60869377288199,0.611472811865291,0.35344010019402,0,0.0350870879406881,0
"Marotogny_20_Madagascar","vitamin_a.mug","Vitamin A","Madagascar",243.54,33.3333333333333,36.5,17.1666666666667,0,1.66666666666667,"fringing","fore reef",2.73333333333333,"restriction",-0.355678616920915,1.76690584094777,0.0134132314461257,2.99771857386499,0.163207871660348,0.514479974680465,0.0479413821372739,0.226568619402722,0.0478021521191909
"NF01_Madagascar","vitamin_a.mug","Vitamin A","Madagascar",141.13,37.75,10,20,0,1.75,"fringing","fore reef",6,"restriction",0.0831814385078637,1.77577900018477,0.0142419801568119,3.34490321641498,0.00664628747953196,0.811313407001195,0.0116027248362183,0.170437580683055,0
"NK01_Madagascar","vitamin_a.mug","Vitamin A","Madagascar",186.14,65.25,3,19.75,0,6,"fringing","fore reef",6,"restriction",-0.0172983050013399,2.33702835525568,0.0502053073280594,3.79066585727247,0.161024644030238,0.708803553008737,0.010550458918375,0.11962134404265,0
"NS01_Madagascar","vitamin_a.mug","Vitamin A","Madagascar",99,50,6.5,23.5,0,0.5,"fringing","fore reef",7,"open-access",-0.0947617771371606,2.00193954296846,0.0200955689713555,4.38203238827046,0.0927682522110763,0.549991140545457,0.12329022765028,0.204579603622754,0.0293707759704317
"NT01_Madagascar","vitamin_a.mug","Vitamin A","Madagascar",768.74,49.5,4,19.5,0,0.5,"fringing","fore reef",8,"no-take",-0.0788594662145182,2.18258141574576,0.0294600769288348,2.30679950241729,0.075129733531294,0.225000342235811,0.00531723091582092,0.155075732874341,0.539476960442733
"NT02_Madagascar","vitamin_a.mug","Vitamin A","Madagascar",666.57,56,13,17.5,0,0,"fringing","fore reef",6,"no-take",-0.0788594662145182,2.18258141289341,0.0294600769288348,2.30679950027447,0.0886990509522494,0.369230166722252,0.0130104513009333,0.376640896891892,0.152419434132673
"Nosy Komba_Madagascar","vitamin_a.mug","Vitamin A","Madagascar",75.585,33.5,0,9.5,0.5,8,"fringing","back reef",2.55,"open-access",-0.0224785029536651,2.001878571709,0.0344399407334144,4.69145325375119,0.0210256071797118,0.917611466965884,0,0,0.0613629258544042
"NosyFisaka_02_Madagascar","vitamin_a.mug","Vitamin A","Madagascar",1874.43,56.5,0,28.5,0.833333333333335,5.16666666666665,"patch","fore reef",4.33333333333333,"no-take",0.220426366796386,0.623684917376674,0.00173847098940988,2.53677443520652,0.169882951230121,0.0817072147469229,0.0182154979774519,0.123001601881766,0.607192734163739
"NosyFisaka_02_Madagascar","vitamin_a.mug","Vitamin A","Madagascar",1874.43,56.5,0,28.5,0.833333333333335,5.16666666666665,"patch","fore reef",4.33333333333333,"no-take",0.18526273402698,0.00959790211971129,0.000823943134501998,0,0.169882951230121,0.0817072147469229,0.0182154979774519,0.123001601881766,0.607192734163739
"NosyFisaka_02_Madagascar","vitamin_a.mug","Vitamin A","Madagascar",755.375,43.5,0,32.5,2.5,15.5,"patch","fore reef",5,"open-access",0.220426366796386,0.623684917376674,0.00173847098940988,2.53677443520652,0.169882951230121,0.0817072147469229,0.0182154979774519,0.123001601881766,0.607192734163739
"NosyFisaka_02_Madagascar","vitamin_a.mug","Vitamin A","Madagascar",755.375,43.5,0,32.5,2.5,15.5,"patch","fore reef",5,"open-access",0.18526273402698,0.00959790211971129,0.000823943134501998,0,0.169882951230121,0.0817072147469229,0.0182154979774519,0.123001601881766,0.607192734163739
"NosyKaine_09_Madagascar","vitamin_a.mug","Vitamin A","Madagascar",1340.02,69,1,19.5,0,0,"patch","fore reef",5,"restriction",0.0613438918927525,0.00766159313796636,0.00176918162704265,1.75446513604371,0.0874774247523236,0.341973168005576,0.00530408986512557,0.465162068132287,0.100083249244687
"NosyKarabo_06_Madagascar","vitamin_a.mug","Vitamin A","Madagascar",771.4975,63.6666666666667,0.166666666666667,14,1.33333333333333,6.33333333333333,"patch","fore reef",3.66666666666667,"restriction",0.119714362489963,1.2672329713443,0.00473740915839478,2.56842118686096,0.0441346054765463,0.0544198135752173,0.00399246780304768,0.616710176672487,0.280742936472702
"NosyLava_01_Madagascar","vitamin_a.mug","Vitamin A","Madagascar",1070.46,73,0,17,0,0.5,"fringing","fore reef",6,"no-take",0.285535706257928,1.14074096604255,0.00644849896509596,2.37890108928512,0.178449940413007,0.0924430829956239,0.00468718136328632,0.185711165598905,0.538708629629178
"NosyVazoana_05_Madagascar","vitamin_a.mug","Vitamin A","Madagascar",1041.29,61,0.5,15,2,0,"fringing","fore reef",5,"restriction",0.243160626514158,1.59186185195294,0.00613345501862126,3.17913865276392,0.0229284491922361,0.269803095963117,0.00985259203970903,0.697415862804938,0
"Plateau_13_Madagascar","vitamin_a.mug","Vitamin A","Madagascar",1012.92,2.5,10,6,0,0,"barrier","fore reef",14,"no-take",0.270817452263233,2.65620297671553,0.0107902967738949,3.58856544727349,0.0514508821839319,0.107740179502926,0.0320455855678603,0.611691316755845,0.197072035989437
"Ranto_01_Madagascar","vitamin_a.mug","Vitamin A","Madagascar",2480.19,26.5,0.5,37.5,0,0,"patch","fore reef",13.9,"restriction",0.270817452263233,2.65620297671553,0.0107902967738949,3.58856544727349,0.0288962906607594,0.332605491170497,0.00528202846793614,0.633216189700808,0
"Ratapenjiky_12_Madagascar","vitamin_a.mug","Vitamin A","Madagascar",930.6525,36.1666666666667,0.666666666666667,30.6666666666667,1.16666666666667,1.16666666666667,"fringing","fore reef",3.66666666666667,"restriction",0.144843728993588,0.859557132376662,0.00265323534959275,3.10396434771955,0.0757397533156145,0.451168150602555,0.00577237223327943,0.150681796677893,0.316637927170658
"Sal_N1_11_Madagascar","vitamin_a.mug","Vitamin A","Madagascar",1323.19,29,23.5,1.5,2,0,"barrier","fore reef",9,"restriction",0.668429250779931,0.8766211659568,0.00635050026994822,3.35926704022102,0.118685171260205,0.0927685456901788,0.0818285457645598,0.128027479512648,0.578690257772408
"Sal_N2_02_Madagascar","vitamin_a.mug","Vitamin A","Madagascar",611.5,38.5,10.5,0,6,0,"barrier","fore reef",10,"no-take",0.713792428217115,0.887046886265704,0.00408352168303751,2.7391960713993,0.22568634159471,0.16361956638695,0.0799519906414716,0.290482877568677,0.240259223808191
"Sal_N2_05_Madagascar","vitamin_a.mug","Vitamin A","Madagascar",251.54,25.5,53,0,0,3,"barrier","fore reef",10,"restriction",0.48827383602803,0.46980111045249,0.00803607430368412,2.35393220666523,0.0819783547180129,0.314373141972207,0.193679580852851,0.377300193174592,0.0326687292823361
"Sal_N2_13_Madagascar","vitamin_a.mug","Vitamin A","Madagascar",876.22,5.5,61.5,0,0,0,"barrier","fore reef",14,"restriction",0.615363831840096,0.595190895888091,0.00620538735579977,2.24151569290735,0.211865972837829,0.194332042888988,0.0227183108916891,0.366507693887622,0.204575979493872
"Sala_14_Madagascar","vitamin_a.mug","Vitamin A","Madagascar",21.49,0,61.5,0,1.5,34,"barrier","back reef",2,"restriction",0.615363831840096,0.732408075219953,0.00837019027102471,3.42832507217295,0,1,0,0,0
"Tandavandriva_North_Madagascar","vitamin_a.mug","Vitamin A","Madagascar",640.65,48,13,16,0,8,"lagoon","back reef",14.3,"open-access",0.270817452263233,2.65620297671553,0.0107902967738949,3.58856544727349,0.0682777980593111,0.0289971185416982,0.00223768424961764,0.0641202354276519,0.836367163721721
"Tandavandriva_West_Madagascar","vitamin_a.mug","Vitamin A","Madagascar",80.57,38.5,0,22,0,7,"lagoon","back reef",14.8,"open-access",0.270817452263233,2.65620297671553,0.0107902967738949,3.58856544727349,0.0976620574660663,0.059642170913993,0,0.325810755479827,0.516885016140114
"Tsand_10_Madagascar","vitamin_a.mug","Vitamin A","Madagascar",692.13,8.5,43.5,0.5,2,0,"barrier","fore reef",10,"restriction",0.83596811425463,0.929466593304303,0.00347776567558497,3.33834642764376,0.116434363566524,0.444375563822935,0.0731641857191301,0.167775002755852,0.19825088413556
"Tsarabanjina_08_Madagascar","vitamin_a.mug","Vitamin A","Madagascar",3091.25,39.5,0.5,18.5,1.66666666666666,5.83333333333335,"patch","fore reef",5,"no-take",0.0613438918927525,0.00766159313796636,0.00176918162704265,1.75446515133166,0.0231641642076138,0.378271212057873,0.00470162576941133,0.418122129896616,0.175740868068486
"Tsarabanjina_08_Madagascar","vitamin_a.mug","Vitamin A","Madagascar",665.995,41.5,1.5,18.5,5,17.5,"patch","fore reef",5,"open-access",0.0613438918927525,0.00766159313796636,0.00176918162704265,1.75446515133166,0.0231641642076138,0.378271212057873,0.00470162576941133,0.418122129896616,0.175740868068486
"Vato_25_Madagascar","vitamin_a.mug","Vitamin A","Madagascar",719.54,32,53,2,0,4.5,"fringing","pinnacle",4,"no-take",0.0626195838543416,2.96196866461103,0.01166177538365,3.28170541862198,0.207054146579904,0.228892061065001,0,0.564053792355095,0
"Vato_26_Madagascar","vitamin_a.mug","Vitamin A","Madagascar",452.21,18,13,1,51,0,"fringing","pinnacle",3,"restriction",0.0626195838543416,2.96196865560426,0.01166177538365,3.28170540954087,0.50411694018034,0.493449585900496,0,0.00243347391916442,0
"Vohi_16_Madagascar","vitamin_a.mug","Vitamin A","Madagascar",501.66,39.5,20.5,20.5,0,0,"fringing","fore reef",8,"no-take",0.199842356410181,2.78450566175297,0.00927535776339822,3.9361961952502,0.522277688027813,0.257538818697889,0.00823300431625998,0.205168487066555,0.00678200189148318
"Vohi_17_Madagascar","vitamin_a.mug","Vitamin A","Madagascar",387.67,13,65,1,0,0,"fringing","fore reef",10,"restriction",0.199842356410181,2.78450568457891,0.00927535776339822,3.93619621773534,0.6916205416386,0.29566854738838,0.00665914248367581,0,0.00605176848934401
"Chubikopi 1_Solomon Islands","vitamin_a.mug","Vitamin A","Solomon Islands",521.823333333333,15.33,8.67,16.33,0.33,25.67,"fringing","fore reef",7,"no-take",-0.916866615730474,1.76505229859115,0,3.39811153292906,0.0321792931170625,0.577800575908597,0.000849507214736136,0.255254908088672,0.133915715670933
"Chubikopi 2_Solomon Islands","vitamin_a.mug","Vitamin A","Solomon Islands",1034.53666666667,16.67,10,25,0.33,14.33,"fringing","fore reef",7.33,"no-take",-0.916866615730474,1.7650522762115,0,3.39811151052831,0.0739726556465456,0.123207538386927,0.0361047485794675,0.261262585786878,0.505452471600181
"Chubikopi 3_Solomon Islands","vitamin_a.mug","Vitamin A","Solomon Islands",608.176666666667,23,21.33,19.33,0,14,"fringing","fore reef",7.33,"no-take",-0.916866615730474,1.76505229113127,0,3.39811152494119,0.0444911990184412,0.0597934266175354,0.00107523628197512,0.200530826032652,0.694109312049396
"Chubikopi 4_Solomon Islands","vitamin_a.mug","Vitamin A","Solomon Islands",487.426666666667,21.33,1.67,25.33,0.67,12.67,"barrier","fore reef",7.93,"restriction",-0.890040305117803,1.47124180834292,0,3.03561515274996,0.194547227676088,0.144684695269925,0.479962985259246,0.0789220197893379,0.101883072005403
"Chubikopi 5_Solomon Islands","vitamin_a.mug","Vitamin A","Solomon Islands",524.036666666667,49,1.33,17,0.67,5.67,"barrier","fore reef",7.67,"restriction",-0.890040305117803,1.47124182301672,0,3.03561516875399,0.0745347501933135,0.0779413794954943,0.00203826824587936,0.0327016512779001,0.812783950787413
"Chubikopi 6_Solomon Islands","vitamin_a.mug","Vitamin A","Solomon Islands",793.546666666667,30.33,1,8,0,3.67,"barrier","fore reef",7.67,"restriction",-0.890040305117803,1.47124180834292,0,3.03561514994926,0.168900220856319,0.429711914399243,0.0030880704846251,0.241407388649625,0.156892405610188
"KOL01_Solomon Islands","vitamin_a.mug","Vitamin A","Solomon Islands",1482.14333333333,29.67,20,3,0,1.33,"fringing","fore reef",11,"restriction",-1.11250647997838,1.59899040030616,0,3.17296013828747,0.0812096897290829,0.377526705251267,0.000441544341360294,0.275324783234583,0.265497277443706
"KOL02_Solomon Islands","vitamin_a.mug","Vitamin A","Solomon Islands",427.445,3,36.67,21.33,2.67,9.33,"fringing","fore reef",8,"restriction",-1.09312646527793,1.66445147402983,0,3.18705462794223,0.170759658631703,0.449247339280161,0.0444421598061947,0.298121845128907,0.0374289971530337
"KOL03_Solomon Islands","vitamin_a.mug","Vitamin A","Solomon Islands",983.098333333333,16,6.33,16.67,1.67,30,"fringing","fore reef",8.43,"restriction",-1.07185516873645,1.72650580093019,0,2.67490389689889,0.198711727510809,0.327888730629557,0.0244160749730337,0.140191450223617,0.308792016662984
"KOL04_Solomon Islands","vitamin_a.mug","Vitamin A","Solomon Islands",1336.91166666667,41.67,10,14,0.33,4.67,"fringing","fore reef",7.23,"restriction",-1.0830357263734,1.77942782672446,0,2.69424112426601,0.177288723238694,0.519356837757895,0.0296734978080041,0.133900198334019,0.139780742861387
"KOL05_Solomon Islands","vitamin_a.mug","Vitamin A","Solomon Islands",1624.63,27.67,16.33,19,0.67,17.67,"fringing","fore reef",9.1,"restriction",-1.0830357263734,1.77942781950746,0,2.69424112250982,0.173299128157903,0.310116386000324,0.0457263518382292,0.127859409464376,0.342998724539168
"KOL06_Solomon Islands","vitamin_a.mug","Vitamin A","Solomon Islands",1594.49,44,11,12,1,7,"fringing","fore reef",7.67,"restriction",-1.09966564952249,0,0,2.85591418938216,0.182288802958182,0.24872250249045,0.0160172578585937,0.0670563414720181,0.485915095220756
"KOL07_Solomon Islands","vitamin_a.mug","Vitamin A","Solomon Islands",2917.29333333333,40,20.67,7.33,1,0.67,"fringing","fore reef",7.6,"restriction",-1.03139098425051,1.76150825610416,0,2.20673029105554,0.125249078025546,0.671729333304529,0.00121424118815646,0.130988784034852,0.0708185634469166
"KOL08_Solomon Islands","vitamin_a.mug","Vitamin A","Solomon Islands",1569.45833333333,30,23.67,8.67,0,2.67,"fringing","fore reef",7.57,"restriction",-1.03139098425051,1.76150826362516,0,2.20673030184784,0.116402230694057,0.441443047605218,0.00326587450605329,0.220603742892767,0.218285104301905
"KOL09_Solomon Islands","vitamin_a.mug","Vitamin A","Solomon Islands",1859.40166666667,33.67,21.33,15.67,0.33,0.33,"fringing","fore reef",6.73,"restriction",-1.03139098425051,1.76150826362516,0,2.20673029645169,0.0955538630335984,0.484725669193136,0.0853629593977787,0.28006173590382,0.0542957724716674
"KOL10_Solomon Islands","vitamin_a.mug","Vitamin A","Solomon Islands",401.783333333333,22.67,4.33,17,3.33,27,"fringing","fore reef",7.67,"restriction",-1.14224547794056,0,0,3.09925067392501,0.135515221510654,0.313207803921155,0.00601885366207412,0.158144954039187,0.38711316686693
"KOL11_Solomon Islands","vitamin_a.mug","Vitamin A","Solomon Islands",1055.01,19,24.33,11.33,4.33,5,"fringing","fore reef",7,"restriction",-1.09722499070065,1.78952206434913,0,2.94723685756451,0.292028356080076,0.154306287907114,0.0255710158303036,0.251783015245845,0.276311324936661
"KOL12_Solomon Islands","vitamin_a.mug","Vitamin A","Solomon Islands",3263.24666666667,19.67,11.33,10,8,6.67,"fringing","fore reef",4.87,"restriction",-1.13399637445319,1.82158600957686,0,2.98364662001855,0.152840280753139,0.479517968280652,0.0672560807140569,0.123294727685327,0.177090942566825
"KOL13_Solomon Islands","vitamin_a.mug","Vitamin A","Solomon Islands",1069.54333333333,21,9.33,25.33,1.67,21,"fringing","fore reef",5.13,"restriction",-1.13399637445319,1.82158600957686,0,2.98364662092047,0.139000095044649,0.379257310036936,0.00426720317506644,0.166634159879812,0.310841231863537
"KOL14_Solomon Islands","vitamin_a.mug","Vitamin A","Solomon Islands",870.023333333333,26.67,6,6.67,7,23.33,"fringing","fore reef",2.73,"restriction",-1.1741715834498,0,0,2.5830936018722,0.187310231986149,0.375518485581572,0.0330180202715735,0.130195739446636,0.273957522714069
"KOL15_Solomon Islands","vitamin_a.mug","Vitamin A","Solomon Islands",678.556666666667,13.33,1,50.33,0,6.67,"fringing","fore reef",5,"restriction",-1.19316907238652,0,0,2.67767955776887,0.239214206384187,0.252590460850776,0.0223929643587791,0.294142722846006,0.191659645560252
"KOL16_Solomon Islands","vitamin_a.mug","Vitamin A","Solomon Islands",1143.62333333333,20.67,3.67,33,0,20.33,"fringing","fore reef",5,"restriction",-1.19860315092913,0,0,2.83553453410849,0.120875507631551,0.0960721757844987,0.00740034046283397,0.030941459703323,0.744710516417793
"KOL17_Solomon Islands","vitamin_a.mug","Vitamin A","Solomon Islands",1237.95666666667,21.67,20.33,10,2.33,6.67,"fringing","fore reef",5.3,"restriction",-1.21303574056427,0,0,3.08857116211021,0.27565888113084,0.148462158142604,0.0365887303883895,0.0450524443823573,0.494237785955808
"KOL18_Solomon Islands","vitamin_a.mug","Vitamin A","Solomon Islands",303.623333333333,44.67,8.67,10.67,3.33,14.33,"fringing","fore reef",2.87,"restriction",-1.21608927778466,1.66352327109414,0,3.34885874463165,0.382213007236272,0.380610864489482,0.0763035072851807,0.130471105991389,0.0304015149976756
"KOL19_Solomon Islands","vitamin_a.mug","Vitamin A","Solomon Islands",644.173333333333,15.67,3.33,18.67,0.33,42.33,"fringing","fore reef",3.27,"restriction",-1.21608927778466,1.66352327109414,0,3.34885874307563,0.368458996565262,0.23897631870184,0.0219088383108034,0.36222514224735,0.0084307041747451
"KOL20_Solomon Islands","vitamin_a.mug","Vitamin A","Solomon Islands",5273.18333333333,26.33,3.33,26.67,3.67,16.67,"fringing","fore reef",3.87,"restriction",-1.29423033804278,1.66953305333037,0,3.50391912714388,0.0847978503702869,0.307914191487917,0.0338289084278417,0.236403889104503,0.337055160609452
"Kicha 1 PC_Solomon Islands","vitamin_a.mug","Vitamin A","Solomon Islands",438.491666666667,50.67,10.67,10,5,9.67,"fringing","fore reef",7.77,"no-take",-0.726725497909684,0.665216706276208,0,2.284488065956,0.115006830222939,0.102032832370687,0.102258231437309,0.126589766342817,0.554112339626248
"Malemale 1_Solomon Islands","vitamin_a.mug","Vitamin A","Solomon Islands",938.593333333333,41.33,6.67,1.67,10.33,7.33,"fringing","fore reef",9,"restriction",-0.743722542967329,1.03302156543205,0,2.68871853965878,0.14687555972673,0.400653539131945,0.0196011525243912,0.0439551339239735,0.388914614692961
"Malemale 2_Solomon Islands","vitamin_a.mug","Vitamin A","Solomon Islands",375.573333333333,34.33,28,2.33,6,5,"fringing","fore reef",9.67,"restriction",-0.743722542967329,1.30685265599215,0,3.12572826118965,0.0487749272408888,0.0698182313876089,0.0496421496551682,0.0383576530480997,0.793407038668234
"Mbulo 1_Solomon Islands","vitamin_a.mug","Vitamin A","Solomon Islands",215.776666666667,52.67,13.67,0.33,2.33,4.33,"fringing","fore reef",9,"restriction",-0.743722542967329,1.03302156543205,0,2.68871853876944,0.330454097982098,0.311060673439661,0.0266237980838096,0.175204258209923,0.156657172284508
"Mbulo 2_Solomon Islands","vitamin_a.mug","Vitamin A","Solomon Islands",531.543333333333,63.33,19,0.33,2,1.67,"fringing","fore reef",9.33,"restriction",-0.743722542967329,1.03302156543205,0,2.68871854054811,0.0799994027273121,0.267678848025139,0.348852409230509,0.284678044761883,0.0187912952551569
"Mbulo 4_Solomon Islands","vitamin_a.mug","Vitamin A","Solomon Islands",1128.735,61,13,0,4.67,5.33,"fringing","fore reef",9,"restriction",-0.743722542967329,1.03302156543205,0,2.68871853699077,0.216718566659604,0.0583388347050221,0.278416133416224,0.350102684515161,0.0964237807039892
"P10_Solomon Islands","vitamin_a.mug","Vitamin A","Solomon Islands",1158.1,32.835,8.335,17.335,0,19.33,"barrier","fore reef",8.7,"restriction",-1.1795817758913,1.18051908643763,0,2.97940713456114,0.024127307877047,0.147067929197749,0.0115275349105367,0.143069869560125,0.674207358454543
"P10_Solomon Islands","vitamin_a.mug","Vitamin A","Solomon Islands",1158.1,32.835,8.335,17.335,0,19.33,"barrier","fore reef",8.7,"restriction",-1.1795817758913,1.18051908643763,0,2.97940713683806,0.024127307877047,0.147067929197749,0.0115275349105367,0.143069869560125,0.674207358454543
"P11_Solomon Islands","vitamin_a.mug","Vitamin A","Solomon Islands",1087.705,40.33,12.33,20,0,12.67,"barrier","fore reef",7.93,"restriction",-1.18514667967006,1.41215508985241,0,3.13475448290468,0.10512191624927,0.0445340122383946,0.0122907807121835,0.0299668568370074,0.808086433963145
"P12_Solomon Islands","vitamin_a.mug","Vitamin A","Solomon Islands",1771.93833333333,47.335,3,9.165,0,14,"barrier","fore reef",8.115,"restriction",-1.194356439403,1.66944220340374,0,3.34052331856808,0.0288989454787569,0.107199173239391,0.0289253406105835,0.377822115592055,0.457154425079213
"P12_Solomon Islands","vitamin_a.mug","Vitamin A","Solomon Islands",1771.93833333333,47.335,3,9.165,0,14,"barrier","fore reef",8.115,"restriction",-1.194356439403,1.66944220340374,0,3.34052331599055,0.0288989454787569,0.107199173239391,0.0289253406105835,0.377822115592055,0.457154425079213
"P13_Solomon Islands","vitamin_a.mug","Vitamin A","Solomon Islands",1130.33333333333,38.33,6.33,6.67,0,3.67,"barrier","fore reef",8.73,"restriction",-1.1795817758913,1.18051908643763,0,2.97940714093651,0.0596933907596755,0.0474188870519097,0.0163160435595364,0.0898713612871436,0.786700317341735
"P14_Solomon Islands","vitamin_a.mug","Vitamin A","Solomon Islands",668.535,35.33,15.33,5.67,0,2,"barrier","fore reef",8.3,"restriction",-1.19291844427156,0.770718316696318,0,2.95671763901369,0.121513502858908,0.446158508628235,0.0693394829605347,0.214965882187518,0.148022623364804
"P15_Solomon Islands","vitamin_a.mug","Vitamin A","Solomon Islands",1112.14,46.33,6.33,15,0,1,"barrier","fore reef",9.13,"restriction",-1.19291844427156,0.770718316696318,0,2.95671765100887,0.237440071112793,0.265207217114035,0.133245274004699,0.213831550890575,0.150275886877898
"P16_Solomon Islands","vitamin_a.mug","Vitamin A","Solomon Islands",1132.99,46.33,6,14.67,0,0.67,"barrier","fore reef",8.17,"restriction",-1.19291844427156,0.770718316696318,0,2.95671764333196,0.139067557559192,0.423253536732739,0.130822577359706,0.240484744888035,0.0663715834603273
"P17_Solomon Islands","vitamin_a.mug","Vitamin A","Solomon Islands",1293.63666666667,56,4.67,11,0,1,"barrier","fore reef",8.37,"restriction",-1.20265627383764,1.03470492261505,0,3.13443051015103,0.234787879612761,0.37112267178483,0.060789014019455,0.293627007816584,0.0396734267663706
"P18_Solomon Islands","vitamin_a.mug","Vitamin A","Solomon Islands",1677.185,47,2,11.33,0,0,"barrier","fore reef",8.33,"restriction",-1.20265627383764,1.03470492261505,0,3.13443050823895,0.173922741043548,0.322301258798379,0.18260159497251,0.234751515790388,0.086422889395174
"P4_Solomon Islands","vitamin_a.mug","Vitamin A","Solomon Islands",2041.50333333333,29.835,1.5,14.5,0.165,8.17,"barrier","fore reef",8.835,"restriction",-1.1795817758913,1.18051908643763,0,2.97940711862273,0.138115595552524,0.167140349720582,0.0110474755095314,0.121622593207936,0.562073986009426
"P4_Solomon Islands","vitamin_a.mug","Vitamin A","Solomon Islands",2041.50333333333,29.835,1.5,14.5,0.165,8.17,"barrier","fore reef",8.835,"restriction",-1.1795817758913,1.18051908643763,0,2.97940713228423,0.138115595552524,0.167140349720582,0.0110474755095314,0.121622593207936,0.562073986009426
"P6_Solomon Islands","vitamin_a.mug","Vitamin A","Solomon Islands",1546.19166666667,59.33,0.33,16.33,0,7.67,"barrier","fore reef",8.53,"restriction",-1.1795817758913,1.18051908643763,0,2.97940713911498,0.117632784294538,0.282108824799157,0.00735669372021331,0.400881705547513,0.192019991638579
"P7_Solomon Islands","vitamin_a.mug","Vitamin A","Solomon Islands",1638.66583333333,36,1.165,13,0,16,"barrier","fore reef",8.065,"restriction",-1.1795817758913,1.18051908643763,0,2.97940713365038,0.0383981827232609,0.252153527494682,0.00635711880893042,0.211791549777411,0.491299621195716
"P7_Solomon Islands","vitamin_a.mug","Vitamin A","Solomon Islands",1638.66583333333,36,1.165,13,0,16,"barrier","fore reef",8.065,"restriction",-1.1795817758913,1.18051908643763,0,2.97940713911498,0.0383981827232609,0.252153527494682,0.00635711880893042,0.211791549777411,0.491299621195716
"Peava 1_Solomon Islands","vitamin_a.mug","Vitamin A","Solomon Islands",1177.18333333333,53.67,7.33,3.67,0.33,1,"fringing","fore reef",10,"restriction",-0.743722542967329,1.30685265599215,0,3.12572825468706,0.066660116693001,0.112423995780577,0.297468619401576,0.331532124448784,0.191915143676062
"Peava 2_Solomon Islands","vitamin_a.mug","Vitamin A","Solomon Islands",743.905,20.33,19,0.67,3.33,22,"fringing","fore reef",9.33,"restriction",-0.743722542967329,1.30685265599215,0,3.12572826314042,0.0841695483508357,0.261314126115361,0.319523300419871,0.318451332599834,0.0165416925140984
"V1_Solomon Islands","vitamin_a.mug","Vitamin A","Solomon Islands",1352.92333333333,41.67,5,16,0.67,1.67,"fringing","fore reef",9,"restriction",-1.16682737961569,1.68841789081189,0,3.31825680972344,0.149204199326472,0.132568184589097,0.00521013838947746,0.227170351048315,0.48584712664664
"V10_Solomon Islands","vitamin_a.mug","Vitamin A","Solomon Islands",1012.8,39,1.67,40,0,3,"fringing","fore reef",7.7,"restriction",-1.20376574286888,0,0,3.32343388378749,0.12700071209222,0.47555470072079,0.0224841202555048,0.349347176053054,0.0256132908784309
"V2A_Solomon Islands","vitamin_a.mug","Vitamin A","Solomon Islands",1316.16333333333,53,3.33,10,0,0.33,"fringing","fore reef",7.5,"restriction",-1.16682737961569,1.68841788191237,0,3.31825680241886,0.217467476344815,0.2386882099523,0.0533401862076835,0.137585424321133,0.352918703174069
"V4_Solomon Islands","vitamin_a.mug","Vitamin A","Solomon Islands",1106.18333333333,53.33,6.67,9.67,0,2.67,"fringing","fore reef",8.37,"restriction",-1.16682737961569,1.68841788191237,0,3.31825680784512,0.118980880159785,0.526436839808259,0.0403266628529549,0.127051493542512,0.187204123636489
"V5_Solomon Islands","vitamin_a.mug","Vitamin A","Solomon Islands",2050.74333333333,44.33,4,14.33,0,2,"fringing","fore reef",8.63,"restriction",-1.16682737961569,1.68841788191237,0,3.31825680304496,0.127008450432963,0.411925172252949,0.0031024567417399,0.143160823008406,0.314803097563942
"V6_Solomon Islands","vitamin_a.mug","Vitamin A","Solomon Islands",1809.8,48,2.33,13.33,0,8,"fringing","fore reef",9.8,"restriction",-1.16682737961569,1.68841789081189,0,3.31825681034955,0.0881056634519191,0.216026740310085,0.0020600675079565,0.308811338868413,0.384996189861626
"V7_Solomon Islands","vitamin_a.mug","Vitamin A","Solomon Islands",3087.60166666667,19.33,3.67,32.33,1,8.33,"fringing","fore reef",8.83,"restriction",-1.16682737961569,1.68841787301286,0,3.31825679365335,0.139995222483626,0.172888341366084,0.0298150760380637,0.513483234877044,0.143818125235183
"V8_Solomon Islands","vitamin_a.mug","Vitamin A","Solomon Islands",2268.31666666667,34,2.67,29.67,2,17.33,"fringing","fore reef",8,"restriction",-1.16682737961569,1.68841787301286,0,3.31825679490557,0.0940026153113487,0.200878881223071,0.0411284401314589,0.118934170714644,0.545055892619477
"Zaira 3_Solomon Islands","vitamin_a.mug","Vitamin A","Solomon Islands",522.901666666667,38.33,21,8.67,0,0.33,"fringing","fore reef",9.17,"restriction",-0.848048211292734,1.63789928417728,0,2.76753894822427,0.0734503456679889,0.274489356660426,0.00737876267909302,0.388026426811107,0.256655108181385
"Zaira 4_Solomon Islands","vitamin_a.mug","Vitamin A","Solomon Islands",874.456666666667,28,18.33,18.67,0,0,"fringing","fore reef",8.53,"restriction",-0.890715131389095,1.47996218818671,0,2.62843645561605,0.200337782520823,0.217991787820366,0.0760150613046658,0.211410196497753,0.294245171856392
"Zaira F 1_Solomon Islands","vitamin_a.mug","Vitamin A","Solomon Islands",2037.13333333333,39,11,11.67,0.33,1,"barrier","fore reef",10.33,"restriction",-0.848048211292734,1.63789926418257,0,2.76753892819758,0.0640048316460522,0.0788310110039371,0.11441132054084,0.10056118251803,0.64219165429114
"Zaira F 2_Solomon Islands","vitamin_a.mug","Vitamin A","Solomon Islands",1184.28666666667,30.33,6,10.33,0,4.67,"barrier","fore reef",11,"restriction",-0.848048211292734,1.63789925418522,0,2.76753892003856,0.144020686925337,0.0833345731240465,0.0287967504998379,0.127744180869627,0.616103808581152
"Zaira F 3_Solomon Islands","vitamin_a.mug","Vitamin A","Solomon Islands",2220.92833333333,28.67,4.67,14.67,0,7.67,"barrier","fore reef",9,"restriction",-0.848048211292734,1.25786293093302,0,2.04830041729616,0.0235174719099881,0.271581861609864,0.0724166280703746,0.258906483143057,0.373577555266716
